Copyright 1986-2022 Xilinx, Inc. All Rights Reserved.
-----------------------------------------------------------------------------------------------------------------------------------------------------------------------------------------------------------------------
| Tool Version : Vivado v.2022.2 (win64) Build 3671981 Fri Oct 14 05:00:03 MDT 2022
| Date         : Tue May 13 22:41:19 2025
| Host         : W1125 running 64-bit major release  (build 9200)
| Command      : report_timing_summary -max_paths 10 -file design_1_wrapper_timing_summary_routed.rpt -pb design_1_wrapper_timing_summary_routed.pb -rpx design_1_wrapper_timing_summary_routed.rpx -warn_on_violation
| Design       : design_1_wrapper
| Device       : 7z020-clg400
| Speed File   : -1  PRODUCTION 1.12 2019-11-22
-----------------------------------------------------------------------------------------------------------------------------------------------------------------------------------------------------------------------

Timing Summary Report

------------------------------------------------------------------------------------------------
| Timer Settings
| --------------
------------------------------------------------------------------------------------------------

  Enable Multi Corner Analysis               :  Yes
  Enable Pessimism Removal                   :  Yes
  Pessimism Removal Resolution               :  Nearest Common Node
  Enable Input Delay Default Clock           :  No
  Enable Preset / Clear Arcs                 :  No
  Disable Flight Delays                      :  No
  Ignore I/O Paths                           :  No
  Timing Early Launch at Borrowing Latches   :  No
  Borrow Time for Max Delay Exceptions       :  Yes
  Merge Timing Exceptions                    :  Yes

  Corner  Analyze    Analyze    
  Name    Max Paths  Min Paths  
  ------  ---------  ---------  
  Slow    Yes        Yes        
  Fast    Yes        Yes        


------------------------------------------------------------------------------------------------
| Report Methodology
| ------------------
------------------------------------------------------------------------------------------------

Rule      Severity  Description                                      Violations  
--------  --------  -----------------------------------------------  ----------  
LUTAR-1   Warning   LUT drives async reset alert                     3           
PDRC-190  Warning   Suboptimally placed synchronized register chain  10          

Note: This report is based on the most recent report_methodology run and may not be up-to-date. Run report_methodology on the current design for the latest report.



check_timing report

Table of Contents
-----------------
1. checking no_clock (0)
2. checking constant_clock (0)
3. checking pulse_width_clock (0)
4. checking unconstrained_internal_endpoints (0)
5. checking no_input_delay (0)
6. checking no_output_delay (0)
7. checking multiple_clock (0)
8. checking generated_clocks (0)
9. checking loops (0)
10. checking partial_input_delay (0)
11. checking partial_output_delay (0)
12. checking latch_loops (0)

1. checking no_clock (0)
------------------------
 There are 0 register/latch pins with no clock.


2. checking constant_clock (0)
------------------------------
 There are 0 register/latch pins with constant_clock.


3. checking pulse_width_clock (0)
---------------------------------
 There are 0 register/latch pins which need pulse_width check


4. checking unconstrained_internal_endpoints (0)
------------------------------------------------
 There are 0 pins that are not constrained for maximum delay.

 There are 0 pins that are not constrained for maximum delay due to constant clock.


5. checking no_input_delay (0)
------------------------------
 There are 0 input ports with no input delay specified.

 There are 0 input ports with no input delay but user has a false path constraint.


6. checking no_output_delay (0)
-------------------------------
 There are 0 ports with no output delay specified.

 There are 0 ports with no output delay but user has a false path constraint

 There are 0 ports with no output delay but with a timing clock defined on it or propagating through it


7. checking multiple_clock (0)
------------------------------
 There are 0 register/latch pins with multiple clocks.


8. checking generated_clocks (0)
--------------------------------
 There are 0 generated clocks that are not connected to a clock source.


9. checking loops (0)
---------------------
 There are 0 combinational loops in the design.


10. checking partial_input_delay (0)
------------------------------------
 There are 0 input ports with partial input delay specified.


11. checking partial_output_delay (0)
-------------------------------------
 There are 0 ports with partial output delay specified.


12. checking latch_loops (0)
----------------------------
 There are 0 combinational latch loops in the design through latch input



------------------------------------------------------------------------------------------------
| Design Timing Summary
| ---------------------
------------------------------------------------------------------------------------------------

    WNS(ns)      TNS(ns)  TNS Failing Endpoints  TNS Total Endpoints      WHS(ns)      THS(ns)  THS Failing Endpoints  THS Total Endpoints     WPWS(ns)     TPWS(ns)  TPWS Failing Endpoints  TPWS Total Endpoints  
    -------      -------  ---------------------  -------------------      -------      -------  ---------------------  -------------------     --------     --------  ----------------------  --------------------  
      0.170        0.000                      0                32611        0.047        0.000                      0                32595        3.750        0.000                       0                 12875  


All user specified timing constraints are met.


------------------------------------------------------------------------------------------------
| Clock Summary
| -------------
------------------------------------------------------------------------------------------------

Clock                                                                                       Waveform(ns)       Period(ns)      Frequency(MHz)
-----                                                                                       ------------       ----------      --------------
clk_fpga_0                                                                                  {0.000 5.000}      10.000          100.000         
dbg_hub/inst/BSCANID.u_xsdbm_id/SWITCH_N_EXT_BSCAN.bscan_inst/SERIES7_BSCAN.bscan_inst/TCK  {0.000 16.500}     33.000          30.303          


------------------------------------------------------------------------------------------------
| Intra Clock Table
| -----------------
------------------------------------------------------------------------------------------------

Clock                                                                                           WNS(ns)      TNS(ns)  TNS Failing Endpoints  TNS Total Endpoints      WHS(ns)      THS(ns)  THS Failing Endpoints  THS Total Endpoints     WPWS(ns)     TPWS(ns)  TPWS Failing Endpoints  TPWS Total Endpoints  
-----                                                                                           -------      -------  ---------------------  -------------------      -------      -------  ---------------------  -------------------     --------     --------  ----------------------  --------------------  
clk_fpga_0                                                                                        0.170        0.000                      0                31115        0.047        0.000                      0                31115        3.750        0.000                       0                 12392  
dbg_hub/inst/BSCANID.u_xsdbm_id/SWITCH_N_EXT_BSCAN.bscan_inst/SERIES7_BSCAN.bscan_inst/TCK       25.517        0.000                      0                  928        0.097        0.000                      0                  928       15.250        0.000                       0                   483  


------------------------------------------------------------------------------------------------
| Inter Clock Table
| -----------------
------------------------------------------------------------------------------------------------

From Clock                                                                                  To Clock                                                                                        WNS(ns)      TNS(ns)  TNS Failing Endpoints  TNS Total Endpoints      WHS(ns)      THS(ns)  THS Failing Endpoints  THS Total Endpoints  
----------                                                                                  --------                                                                                        -------      -------  ---------------------  -------------------      -------      -------  ---------------------  -------------------  
dbg_hub/inst/BSCANID.u_xsdbm_id/SWITCH_N_EXT_BSCAN.bscan_inst/SERIES7_BSCAN.bscan_inst/TCK  clk_fpga_0                                                                                       31.660        0.000                      0                    8                                                                        
clk_fpga_0                                                                                  dbg_hub/inst/BSCANID.u_xsdbm_id/SWITCH_N_EXT_BSCAN.bscan_inst/SERIES7_BSCAN.bscan_inst/TCK        8.627        0.000                      0                    8                                                                        


------------------------------------------------------------------------------------------------
| Other Path Groups Table
| -----------------------
------------------------------------------------------------------------------------------------

Path Group                                                                                  From Clock                                                                                  To Clock                                                                                        WNS(ns)      TNS(ns)  TNS Failing Endpoints  TNS Total Endpoints      WHS(ns)      THS(ns)  THS Failing Endpoints  THS Total Endpoints  
----------                                                                                  ----------                                                                                  --------                                                                                        -------      -------  ---------------------  -------------------      -------      -------  ---------------------  -------------------  
**async_default**                                                                           clk_fpga_0                                                                                  clk_fpga_0                                                                                        1.308        0.000                      0                  452        0.332        0.000                      0                  452  
**async_default**                                                                           dbg_hub/inst/BSCANID.u_xsdbm_id/SWITCH_N_EXT_BSCAN.bscan_inst/SERIES7_BSCAN.bscan_inst/TCK  dbg_hub/inst/BSCANID.u_xsdbm_id/SWITCH_N_EXT_BSCAN.bscan_inst/SERIES7_BSCAN.bscan_inst/TCK       28.545        0.000                      0                  100        0.346        0.000                      0                  100  


------------------------------------------------------------------------------------------------
| Timing Details
| --------------
------------------------------------------------------------------------------------------------


---------------------------------------------------------------------------------------------------
From Clock:  clk_fpga_0
  To Clock:  clk_fpga_0

Setup :            0  Failing Endpoints,  Worst Slack        0.170ns,  Total Violation        0.000ns
Hold  :            0  Failing Endpoints,  Worst Slack        0.047ns,  Total Violation        0.000ns
PW    :            0  Failing Endpoints,  Worst Slack        3.750ns,  Total Violation        0.000ns
---------------------------------------------------------------------------------------------------


Max Delay Paths
--------------------------------------------------------------------------------------
Slack (MET) :             0.170ns  (required time - arrival time)
  Source:                 design_1_i/HOGv22_0/U0/dut/hog_cell_histogram_inst/cell_idx_reg[3]_rep/C
                            (rising edge-triggered cell FDRE clocked by clk_fpga_0  {rise@0.000ns fall@5.000ns period=10.000ns})
  Destination:            design_1_i/HOGv22_0/U0/dut/hog_cell_histogram_inst/Histograma_fifo_reg[6][2][15]/D
                            (rising edge-triggered cell FDRE clocked by clk_fpga_0  {rise@0.000ns fall@5.000ns period=10.000ns})
  Path Group:             clk_fpga_0
  Path Type:              Setup (Max at Slow Process Corner)
  Requirement:            10.000ns  (clk_fpga_0 rise@10.000ns - clk_fpga_0 rise@0.000ns)
  Data Path Delay:        9.287ns  (logic 2.350ns (25.305%)  route 6.937ns (74.695%))
  Logic Levels:           6  (CARRY4=3 LUT6=2 MUXF8=1)
  Clock Path Skew:        -0.140ns (DCD - SCD + CPR)
    Destination Clock Delay (DCD):    2.748ns = ( 12.748 - 10.000 ) 
    Source Clock Delay      (SCD):    3.017ns
    Clock Pessimism Removal (CPR):    0.129ns
  Clock Uncertainty:      0.154ns  ((TSJ^2 + TIJ^2)^1/2 + DJ) / 2 + PE
    Total System Jitter     (TSJ):    0.071ns
    Total Input Jitter      (TIJ):    0.300ns
    Discrete Jitter          (DJ):    0.000ns
    Phase Error              (PE):    0.000ns

    Location             Delay type                Incr(ns)  Path(ns)    Netlist Resource(s)
  -------------------------------------------------------------------    -------------------
                         (clock clk_fpga_0 rise edge)
                                                      0.000     0.000 r  
    PS7_X0Y0             PS7                          0.000     0.000 r  design_1_i/processing_system7_0/inst/PS7_i/FCLKCLK[0]
                         net (fo=1, routed)           1.193     1.193    design_1_i/processing_system7_0/inst/FCLK_CLK_unbuffered[0]
    BUFGCTRL_X0Y17       BUFG (Prop_bufg_I_O)         0.101     1.294 r  design_1_i/processing_system7_0/inst/buffer_fclk_clk_0.FCLK_CLK_0_BUFG/O
                         net (fo=12393, routed)       1.723     3.017    design_1_i/HOGv22_0/U0/dut/hog_cell_histogram_inst/ACLK
    SLICE_X54Y14         FDRE                                         r  design_1_i/HOGv22_0/U0/dut/hog_cell_histogram_inst/cell_idx_reg[3]_rep/C
  -------------------------------------------------------------------    -------------------
    SLICE_X54Y14         FDRE (Prop_fdre_C_Q)         0.478     3.495 r  design_1_i/HOGv22_0/U0/dut/hog_cell_histogram_inst/cell_idx_reg[3]_rep/Q
                         net (fo=111, routed)         1.835     5.330    design_1_i/HOGv22_0/U0/dut/hog_cell_histogram_inst/cell_idx_reg[3]_rep_n_0
    SLICE_X22Y5          MUXF8 (Prop_muxf8_S_O)       0.454     5.784 r  design_1_i/HOGv22_0/U0/dut/hog_cell_histogram_inst/Histograma_fifo_reg[0][0][7]_i_49/O
                         net (fo=1, routed)           1.511     7.295    design_1_i/HOGv22_0/U0/dut/hog_cell_histogram_inst/angulo_inst/Histograma_fifo[0][2]_290[4]
    SLICE_X44Y5          LUT6 (Prop_lut6_I1_O)        0.319     7.614 r  design_1_i/HOGv22_0/U0/dut/hog_cell_histogram_inst/angulo_inst/Histograma_fifo[0][0][7]_i_15/O
                         net (fo=1, routed)           1.490     9.104    design_1_i/HOGv22_0/U0/dut/hog_cell_histogram_inst/angulo_inst/Histograma_fifo[0][0][7]_i_15_n_0
    SLICE_X59Y26         LUT6 (Prop_lut6_I0_O)        0.124     9.228 r  design_1_i/HOGv22_0/U0/dut/hog_cell_histogram_inst/angulo_inst/Histograma_fifo[0][0][7]_i_5/O
                         net (fo=1, routed)           0.000     9.228    design_1_i/HOGv22_0/U0/dut/hog_cell_histogram_inst/angulo_inst/Histograma_fifo[0][0][7]_i_5_n_0
    SLICE_X59Y26         CARRY4 (Prop_carry4_S[0]_CO[3])
                                                      0.532     9.760 r  design_1_i/HOGv22_0/U0/dut/hog_cell_histogram_inst/angulo_inst/Histograma_fifo_reg[0][0][7]_i_1/CO[3]
                         net (fo=1, routed)           0.000     9.760    design_1_i/HOGv22_0/U0/dut/hog_cell_histogram_inst/angulo_inst/Histograma_fifo_reg[0][0][7]_i_1_n_0
    SLICE_X59Y27         CARRY4 (Prop_carry4_CI_CO[3])
                                                      0.114     9.874 r  design_1_i/HOGv22_0/U0/dut/hog_cell_histogram_inst/angulo_inst/Histograma_fifo_reg[0][0][11]_i_1/CO[3]
                         net (fo=1, routed)           0.000     9.874    design_1_i/HOGv22_0/U0/dut/hog_cell_histogram_inst/angulo_inst/Histograma_fifo_reg[0][0][11]_i_1_n_0
    SLICE_X59Y28         CARRY4 (Prop_carry4_CI_O[3])
                                                      0.329    10.203 r  design_1_i/HOGv22_0/U0/dut/hog_cell_histogram_inst/angulo_inst/Histograma_fifo_reg[0][0][15]_i_1/O[3]
                         net (fo=144, routed)         2.101    12.304    design_1_i/HOGv22_0/U0/dut/hog_cell_histogram_inst/angulo_inst_n_150
    SLICE_X19Y29         FDRE                                         r  design_1_i/HOGv22_0/U0/dut/hog_cell_histogram_inst/Histograma_fifo_reg[6][2][15]/D
  -------------------------------------------------------------------    -------------------

                         (clock clk_fpga_0 rise edge)
                                                     10.000    10.000 r  
    PS7_X0Y0             PS7                          0.000    10.000 r  design_1_i/processing_system7_0/inst/PS7_i/FCLKCLK[0]
                         net (fo=1, routed)           1.088    11.088    design_1_i/processing_system7_0/inst/FCLK_CLK_unbuffered[0]
    BUFGCTRL_X0Y17       BUFG (Prop_bufg_I_O)         0.091    11.179 r  design_1_i/processing_system7_0/inst/buffer_fclk_clk_0.FCLK_CLK_0_BUFG/O
                         net (fo=12393, routed)       1.569    12.748    design_1_i/HOGv22_0/U0/dut/hog_cell_histogram_inst/ACLK
    SLICE_X19Y29         FDRE                                         r  design_1_i/HOGv22_0/U0/dut/hog_cell_histogram_inst/Histograma_fifo_reg[6][2][15]/C
                         clock pessimism              0.129    12.877    
                         clock uncertainty           -0.154    12.723    
    SLICE_X19Y29         FDRE (Setup_fdre_C_D)       -0.249    12.474    design_1_i/HOGv22_0/U0/dut/hog_cell_histogram_inst/Histograma_fifo_reg[6][2][15]
  -------------------------------------------------------------------
                         required time                         12.474    
                         arrival time                         -12.304    
  -------------------------------------------------------------------
                         slack                                  0.170    

Slack (MET) :             0.172ns  (required time - arrival time)
  Source:                 design_1_i/HOGv22_0/U0/dut/hog_cell_histogram_inst/cell_idx_reg[3]_rep/C
                            (rising edge-triggered cell FDRE clocked by clk_fpga_0  {rise@0.000ns fall@5.000ns period=10.000ns})
  Destination:            design_1_i/HOGv22_0/U0/dut/hog_cell_histogram_inst/Histograma_fifo_reg[11][2][15]/D
                            (rising edge-triggered cell FDRE clocked by clk_fpga_0  {rise@0.000ns fall@5.000ns period=10.000ns})
  Path Group:             clk_fpga_0
  Path Type:              Setup (Max at Slow Process Corner)
  Requirement:            10.000ns  (clk_fpga_0 rise@10.000ns - clk_fpga_0 rise@0.000ns)
  Data Path Delay:        9.269ns  (logic 2.350ns (25.354%)  route 6.919ns (74.646%))
  Logic Levels:           6  (CARRY4=3 LUT6=2 MUXF8=1)
  Clock Path Skew:        -0.143ns (DCD - SCD + CPR)
    Destination Clock Delay (DCD):    2.745ns = ( 12.745 - 10.000 ) 
    Source Clock Delay      (SCD):    3.017ns
    Clock Pessimism Removal (CPR):    0.129ns
  Clock Uncertainty:      0.154ns  ((TSJ^2 + TIJ^2)^1/2 + DJ) / 2 + PE
    Total System Jitter     (TSJ):    0.071ns
    Total Input Jitter      (TIJ):    0.300ns
    Discrete Jitter          (DJ):    0.000ns
    Phase Error              (PE):    0.000ns

    Location             Delay type                Incr(ns)  Path(ns)    Netlist Resource(s)
  -------------------------------------------------------------------    -------------------
                         (clock clk_fpga_0 rise edge)
                                                      0.000     0.000 r  
    PS7_X0Y0             PS7                          0.000     0.000 r  design_1_i/processing_system7_0/inst/PS7_i/FCLKCLK[0]
                         net (fo=1, routed)           1.193     1.193    design_1_i/processing_system7_0/inst/FCLK_CLK_unbuffered[0]
    BUFGCTRL_X0Y17       BUFG (Prop_bufg_I_O)         0.101     1.294 r  design_1_i/processing_system7_0/inst/buffer_fclk_clk_0.FCLK_CLK_0_BUFG/O
                         net (fo=12393, routed)       1.723     3.017    design_1_i/HOGv22_0/U0/dut/hog_cell_histogram_inst/ACLK
    SLICE_X54Y14         FDRE                                         r  design_1_i/HOGv22_0/U0/dut/hog_cell_histogram_inst/cell_idx_reg[3]_rep/C
  -------------------------------------------------------------------    -------------------
    SLICE_X54Y14         FDRE (Prop_fdre_C_Q)         0.478     3.495 r  design_1_i/HOGv22_0/U0/dut/hog_cell_histogram_inst/cell_idx_reg[3]_rep/Q
                         net (fo=111, routed)         1.835     5.330    design_1_i/HOGv22_0/U0/dut/hog_cell_histogram_inst/cell_idx_reg[3]_rep_n_0
    SLICE_X22Y5          MUXF8 (Prop_muxf8_S_O)       0.454     5.784 r  design_1_i/HOGv22_0/U0/dut/hog_cell_histogram_inst/Histograma_fifo_reg[0][0][7]_i_49/O
                         net (fo=1, routed)           1.511     7.295    design_1_i/HOGv22_0/U0/dut/hog_cell_histogram_inst/angulo_inst/Histograma_fifo[0][2]_290[4]
    SLICE_X44Y5          LUT6 (Prop_lut6_I1_O)        0.319     7.614 r  design_1_i/HOGv22_0/U0/dut/hog_cell_histogram_inst/angulo_inst/Histograma_fifo[0][0][7]_i_15/O
                         net (fo=1, routed)           1.490     9.104    design_1_i/HOGv22_0/U0/dut/hog_cell_histogram_inst/angulo_inst/Histograma_fifo[0][0][7]_i_15_n_0
    SLICE_X59Y26         LUT6 (Prop_lut6_I0_O)        0.124     9.228 r  design_1_i/HOGv22_0/U0/dut/hog_cell_histogram_inst/angulo_inst/Histograma_fifo[0][0][7]_i_5/O
                         net (fo=1, routed)           0.000     9.228    design_1_i/HOGv22_0/U0/dut/hog_cell_histogram_inst/angulo_inst/Histograma_fifo[0][0][7]_i_5_n_0
    SLICE_X59Y26         CARRY4 (Prop_carry4_S[0]_CO[3])
                                                      0.532     9.760 r  design_1_i/HOGv22_0/U0/dut/hog_cell_histogram_inst/angulo_inst/Histograma_fifo_reg[0][0][7]_i_1/CO[3]
                         net (fo=1, routed)           0.000     9.760    design_1_i/HOGv22_0/U0/dut/hog_cell_histogram_inst/angulo_inst/Histograma_fifo_reg[0][0][7]_i_1_n_0
    SLICE_X59Y27         CARRY4 (Prop_carry4_CI_CO[3])
                                                      0.114     9.874 r  design_1_i/HOGv22_0/U0/dut/hog_cell_histogram_inst/angulo_inst/Histograma_fifo_reg[0][0][11]_i_1/CO[3]
                         net (fo=1, routed)           0.000     9.874    design_1_i/HOGv22_0/U0/dut/hog_cell_histogram_inst/angulo_inst/Histograma_fifo_reg[0][0][11]_i_1_n_0
    SLICE_X59Y28         CARRY4 (Prop_carry4_CI_O[3])
                                                      0.329    10.203 r  design_1_i/HOGv22_0/U0/dut/hog_cell_histogram_inst/angulo_inst/Histograma_fifo_reg[0][0][15]_i_1/O[3]
                         net (fo=144, routed)         2.082    12.286    design_1_i/HOGv22_0/U0/dut/hog_cell_histogram_inst/angulo_inst_n_150
    SLICE_X19Y27         FDRE                                         r  design_1_i/HOGv22_0/U0/dut/hog_cell_histogram_inst/Histograma_fifo_reg[11][2][15]/D
  -------------------------------------------------------------------    -------------------

                         (clock clk_fpga_0 rise edge)
                                                     10.000    10.000 r  
    PS7_X0Y0             PS7                          0.000    10.000 r  design_1_i/processing_system7_0/inst/PS7_i/FCLKCLK[0]
                         net (fo=1, routed)           1.088    11.088    design_1_i/processing_system7_0/inst/FCLK_CLK_unbuffered[0]
    BUFGCTRL_X0Y17       BUFG (Prop_bufg_I_O)         0.091    11.179 r  design_1_i/processing_system7_0/inst/buffer_fclk_clk_0.FCLK_CLK_0_BUFG/O
                         net (fo=12393, routed)       1.566    12.745    design_1_i/HOGv22_0/U0/dut/hog_cell_histogram_inst/ACLK
    SLICE_X19Y27         FDRE                                         r  design_1_i/HOGv22_0/U0/dut/hog_cell_histogram_inst/Histograma_fifo_reg[11][2][15]/C
                         clock pessimism              0.129    12.874    
                         clock uncertainty           -0.154    12.720    
    SLICE_X19Y27         FDRE (Setup_fdre_C_D)       -0.263    12.457    design_1_i/HOGv22_0/U0/dut/hog_cell_histogram_inst/Histograma_fifo_reg[11][2][15]
  -------------------------------------------------------------------
                         required time                         12.457    
                         arrival time                         -12.286    
  -------------------------------------------------------------------
                         slack                                  0.172    

Slack (MET) :             0.173ns  (required time - arrival time)
  Source:                 design_1_i/HOGv22_0/U0/dut/hog_cell_histogram_inst/cell_idx_reg[3]_rep/C
                            (rising edge-triggered cell FDRE clocked by clk_fpga_0  {rise@0.000ns fall@5.000ns period=10.000ns})
  Destination:            design_1_i/HOGv22_0/U0/dut/hog_cell_histogram_inst/Histograma_fifo_reg[14][2][15]/D
                            (rising edge-triggered cell FDRE clocked by clk_fpga_0  {rise@0.000ns fall@5.000ns period=10.000ns})
  Path Group:             clk_fpga_0
  Path Type:              Setup (Max at Slow Process Corner)
  Requirement:            10.000ns  (clk_fpga_0 rise@10.000ns - clk_fpga_0 rise@0.000ns)
  Data Path Delay:        9.320ns  (logic 2.350ns (25.214%)  route 6.970ns (74.786%))
  Logic Levels:           6  (CARRY4=3 LUT6=2 MUXF8=1)
  Clock Path Skew:        -0.140ns (DCD - SCD + CPR)
    Destination Clock Delay (DCD):    2.748ns = ( 12.748 - 10.000 ) 
    Source Clock Delay      (SCD):    3.017ns
    Clock Pessimism Removal (CPR):    0.129ns
  Clock Uncertainty:      0.154ns  ((TSJ^2 + TIJ^2)^1/2 + DJ) / 2 + PE
    Total System Jitter     (TSJ):    0.071ns
    Total Input Jitter      (TIJ):    0.300ns
    Discrete Jitter          (DJ):    0.000ns
    Phase Error              (PE):    0.000ns

    Location             Delay type                Incr(ns)  Path(ns)    Netlist Resource(s)
  -------------------------------------------------------------------    -------------------
                         (clock clk_fpga_0 rise edge)
                                                      0.000     0.000 r  
    PS7_X0Y0             PS7                          0.000     0.000 r  design_1_i/processing_system7_0/inst/PS7_i/FCLKCLK[0]
                         net (fo=1, routed)           1.193     1.193    design_1_i/processing_system7_0/inst/FCLK_CLK_unbuffered[0]
    BUFGCTRL_X0Y17       BUFG (Prop_bufg_I_O)         0.101     1.294 r  design_1_i/processing_system7_0/inst/buffer_fclk_clk_0.FCLK_CLK_0_BUFG/O
                         net (fo=12393, routed)       1.723     3.017    design_1_i/HOGv22_0/U0/dut/hog_cell_histogram_inst/ACLK
    SLICE_X54Y14         FDRE                                         r  design_1_i/HOGv22_0/U0/dut/hog_cell_histogram_inst/cell_idx_reg[3]_rep/C
  -------------------------------------------------------------------    -------------------
    SLICE_X54Y14         FDRE (Prop_fdre_C_Q)         0.478     3.495 r  design_1_i/HOGv22_0/U0/dut/hog_cell_histogram_inst/cell_idx_reg[3]_rep/Q
                         net (fo=111, routed)         1.835     5.330    design_1_i/HOGv22_0/U0/dut/hog_cell_histogram_inst/cell_idx_reg[3]_rep_n_0
    SLICE_X22Y5          MUXF8 (Prop_muxf8_S_O)       0.454     5.784 r  design_1_i/HOGv22_0/U0/dut/hog_cell_histogram_inst/Histograma_fifo_reg[0][0][7]_i_49/O
                         net (fo=1, routed)           1.511     7.295    design_1_i/HOGv22_0/U0/dut/hog_cell_histogram_inst/angulo_inst/Histograma_fifo[0][2]_290[4]
    SLICE_X44Y5          LUT6 (Prop_lut6_I1_O)        0.319     7.614 r  design_1_i/HOGv22_0/U0/dut/hog_cell_histogram_inst/angulo_inst/Histograma_fifo[0][0][7]_i_15/O
                         net (fo=1, routed)           1.490     9.104    design_1_i/HOGv22_0/U0/dut/hog_cell_histogram_inst/angulo_inst/Histograma_fifo[0][0][7]_i_15_n_0
    SLICE_X59Y26         LUT6 (Prop_lut6_I0_O)        0.124     9.228 r  design_1_i/HOGv22_0/U0/dut/hog_cell_histogram_inst/angulo_inst/Histograma_fifo[0][0][7]_i_5/O
                         net (fo=1, routed)           0.000     9.228    design_1_i/HOGv22_0/U0/dut/hog_cell_histogram_inst/angulo_inst/Histograma_fifo[0][0][7]_i_5_n_0
    SLICE_X59Y26         CARRY4 (Prop_carry4_S[0]_CO[3])
                                                      0.532     9.760 r  design_1_i/HOGv22_0/U0/dut/hog_cell_histogram_inst/angulo_inst/Histograma_fifo_reg[0][0][7]_i_1/CO[3]
                         net (fo=1, routed)           0.000     9.760    design_1_i/HOGv22_0/U0/dut/hog_cell_histogram_inst/angulo_inst/Histograma_fifo_reg[0][0][7]_i_1_n_0
    SLICE_X59Y27         CARRY4 (Prop_carry4_CI_CO[3])
                                                      0.114     9.874 r  design_1_i/HOGv22_0/U0/dut/hog_cell_histogram_inst/angulo_inst/Histograma_fifo_reg[0][0][11]_i_1/CO[3]
                         net (fo=1, routed)           0.000     9.874    design_1_i/HOGv22_0/U0/dut/hog_cell_histogram_inst/angulo_inst/Histograma_fifo_reg[0][0][11]_i_1_n_0
    SLICE_X59Y28         CARRY4 (Prop_carry4_CI_O[3])
                                                      0.329    10.203 r  design_1_i/HOGv22_0/U0/dut/hog_cell_histogram_inst/angulo_inst/Histograma_fifo_reg[0][0][15]_i_1/O[3]
                         net (fo=144, routed)         2.134    12.337    design_1_i/HOGv22_0/U0/dut/hog_cell_histogram_inst/angulo_inst_n_150
    SLICE_X16Y29         FDRE                                         r  design_1_i/HOGv22_0/U0/dut/hog_cell_histogram_inst/Histograma_fifo_reg[14][2][15]/D
  -------------------------------------------------------------------    -------------------

                         (clock clk_fpga_0 rise edge)
                                                     10.000    10.000 r  
    PS7_X0Y0             PS7                          0.000    10.000 r  design_1_i/processing_system7_0/inst/PS7_i/FCLKCLK[0]
                         net (fo=1, routed)           1.088    11.088    design_1_i/processing_system7_0/inst/FCLK_CLK_unbuffered[0]
    BUFGCTRL_X0Y17       BUFG (Prop_bufg_I_O)         0.091    11.179 r  design_1_i/processing_system7_0/inst/buffer_fclk_clk_0.FCLK_CLK_0_BUFG/O
                         net (fo=12393, routed)       1.569    12.748    design_1_i/HOGv22_0/U0/dut/hog_cell_histogram_inst/ACLK
    SLICE_X16Y29         FDRE                                         r  design_1_i/HOGv22_0/U0/dut/hog_cell_histogram_inst/Histograma_fifo_reg[14][2][15]/C
                         clock pessimism              0.129    12.877    
                         clock uncertainty           -0.154    12.723    
    SLICE_X16Y29         FDRE (Setup_fdre_C_D)       -0.213    12.510    design_1_i/HOGv22_0/U0/dut/hog_cell_histogram_inst/Histograma_fifo_reg[14][2][15]
  -------------------------------------------------------------------
                         required time                         12.510    
                         arrival time                         -12.337    
  -------------------------------------------------------------------
                         slack                                  0.173    

Slack (MET) :             0.178ns  (required time - arrival time)
  Source:                 design_1_i/HOGv22_0/U0/dut/hog_cell_histogram_inst/cell_idx_reg[3]_rep/C
                            (rising edge-triggered cell FDRE clocked by clk_fpga_0  {rise@0.000ns fall@5.000ns period=10.000ns})
  Destination:            design_1_i/HOGv22_0/U0/dut/hog_cell_histogram_inst/Histograma_fifo_reg[14][3][19]/D
                            (rising edge-triggered cell FDRE clocked by clk_fpga_0  {rise@0.000ns fall@5.000ns period=10.000ns})
  Path Group:             clk_fpga_0
  Path Type:              Setup (Max at Slow Process Corner)
  Requirement:            10.000ns  (clk_fpga_0 rise@10.000ns - clk_fpga_0 rise@0.000ns)
  Data Path Delay:        9.263ns  (logic 2.464ns (26.600%)  route 6.799ns (73.400%))
  Logic Levels:           7  (CARRY4=4 LUT6=2 MUXF8=1)
  Clock Path Skew:        -0.142ns (DCD - SCD + CPR)
    Destination Clock Delay (DCD):    2.746ns = ( 12.747 - 10.000 ) 
    Source Clock Delay      (SCD):    3.017ns
    Clock Pessimism Removal (CPR):    0.129ns
  Clock Uncertainty:      0.154ns  ((TSJ^2 + TIJ^2)^1/2 + DJ) / 2 + PE
    Total System Jitter     (TSJ):    0.071ns
    Total Input Jitter      (TIJ):    0.300ns
    Discrete Jitter          (DJ):    0.000ns
    Phase Error              (PE):    0.000ns

    Location             Delay type                Incr(ns)  Path(ns)    Netlist Resource(s)
  -------------------------------------------------------------------    -------------------
                         (clock clk_fpga_0 rise edge)
                                                      0.000     0.000 r  
    PS7_X0Y0             PS7                          0.000     0.000 r  design_1_i/processing_system7_0/inst/PS7_i/FCLKCLK[0]
                         net (fo=1, routed)           1.193     1.193    design_1_i/processing_system7_0/inst/FCLK_CLK_unbuffered[0]
    BUFGCTRL_X0Y17       BUFG (Prop_bufg_I_O)         0.101     1.294 r  design_1_i/processing_system7_0/inst/buffer_fclk_clk_0.FCLK_CLK_0_BUFG/O
                         net (fo=12393, routed)       1.723     3.017    design_1_i/HOGv22_0/U0/dut/hog_cell_histogram_inst/ACLK
    SLICE_X54Y14         FDRE                                         r  design_1_i/HOGv22_0/U0/dut/hog_cell_histogram_inst/cell_idx_reg[3]_rep/C
  -------------------------------------------------------------------    -------------------
    SLICE_X54Y14         FDRE (Prop_fdre_C_Q)         0.478     3.495 r  design_1_i/HOGv22_0/U0/dut/hog_cell_histogram_inst/cell_idx_reg[3]_rep/Q
                         net (fo=111, routed)         1.835     5.330    design_1_i/HOGv22_0/U0/dut/hog_cell_histogram_inst/cell_idx_reg[3]_rep_n_0
    SLICE_X22Y5          MUXF8 (Prop_muxf8_S_O)       0.454     5.784 r  design_1_i/HOGv22_0/U0/dut/hog_cell_histogram_inst/Histograma_fifo_reg[0][0][7]_i_49/O
                         net (fo=1, routed)           1.511     7.295    design_1_i/HOGv22_0/U0/dut/hog_cell_histogram_inst/angulo_inst/Histograma_fifo[0][2]_290[4]
    SLICE_X44Y5          LUT6 (Prop_lut6_I1_O)        0.319     7.614 r  design_1_i/HOGv22_0/U0/dut/hog_cell_histogram_inst/angulo_inst/Histograma_fifo[0][0][7]_i_15/O
                         net (fo=1, routed)           1.490     9.104    design_1_i/HOGv22_0/U0/dut/hog_cell_histogram_inst/angulo_inst/Histograma_fifo[0][0][7]_i_15_n_0
    SLICE_X59Y26         LUT6 (Prop_lut6_I0_O)        0.124     9.228 r  design_1_i/HOGv22_0/U0/dut/hog_cell_histogram_inst/angulo_inst/Histograma_fifo[0][0][7]_i_5/O
                         net (fo=1, routed)           0.000     9.228    design_1_i/HOGv22_0/U0/dut/hog_cell_histogram_inst/angulo_inst/Histograma_fifo[0][0][7]_i_5_n_0
    SLICE_X59Y26         CARRY4 (Prop_carry4_S[0]_CO[3])
                                                      0.532     9.760 r  design_1_i/HOGv22_0/U0/dut/hog_cell_histogram_inst/angulo_inst/Histograma_fifo_reg[0][0][7]_i_1/CO[3]
                         net (fo=1, routed)           0.000     9.760    design_1_i/HOGv22_0/U0/dut/hog_cell_histogram_inst/angulo_inst/Histograma_fifo_reg[0][0][7]_i_1_n_0
    SLICE_X59Y27         CARRY4 (Prop_carry4_CI_CO[3])
                                                      0.114     9.874 r  design_1_i/HOGv22_0/U0/dut/hog_cell_histogram_inst/angulo_inst/Histograma_fifo_reg[0][0][11]_i_1/CO[3]
                         net (fo=1, routed)           0.000     9.874    design_1_i/HOGv22_0/U0/dut/hog_cell_histogram_inst/angulo_inst/Histograma_fifo_reg[0][0][11]_i_1_n_0
    SLICE_X59Y28         CARRY4 (Prop_carry4_CI_CO[3])
                                                      0.114     9.988 r  design_1_i/HOGv22_0/U0/dut/hog_cell_histogram_inst/angulo_inst/Histograma_fifo_reg[0][0][15]_i_1/CO[3]
                         net (fo=1, routed)           0.000     9.988    design_1_i/HOGv22_0/U0/dut/hog_cell_histogram_inst/angulo_inst/Histograma_fifo_reg[0][0][15]_i_1_n_0
    SLICE_X59Y29         CARRY4 (Prop_carry4_CI_O[3])
                                                      0.329    10.317 r  design_1_i/HOGv22_0/U0/dut/hog_cell_histogram_inst/angulo_inst/Histograma_fifo_reg[0][0][19]_i_1/O[3]
                         net (fo=144, routed)         1.963    12.280    design_1_i/HOGv22_0/U0/dut/hog_cell_histogram_inst/angulo_inst_n_146
    SLICE_X25Y36         FDRE                                         r  design_1_i/HOGv22_0/U0/dut/hog_cell_histogram_inst/Histograma_fifo_reg[14][3][19]/D
  -------------------------------------------------------------------    -------------------

                         (clock clk_fpga_0 rise edge)
                                                     10.000    10.000 r  
    PS7_X0Y0             PS7                          0.000    10.000 r  design_1_i/processing_system7_0/inst/PS7_i/FCLKCLK[0]
                         net (fo=1, routed)           1.088    11.088    design_1_i/processing_system7_0/inst/FCLK_CLK_unbuffered[0]
    BUFGCTRL_X0Y17       BUFG (Prop_bufg_I_O)         0.091    11.179 r  design_1_i/processing_system7_0/inst/buffer_fclk_clk_0.FCLK_CLK_0_BUFG/O
                         net (fo=12393, routed)       1.567    12.747    design_1_i/HOGv22_0/U0/dut/hog_cell_histogram_inst/ACLK
    SLICE_X25Y36         FDRE                                         r  design_1_i/HOGv22_0/U0/dut/hog_cell_histogram_inst/Histograma_fifo_reg[14][3][19]/C
                         clock pessimism              0.129    12.875    
                         clock uncertainty           -0.154    12.721    
    SLICE_X25Y36         FDRE (Setup_fdre_C_D)       -0.263    12.458    design_1_i/HOGv22_0/U0/dut/hog_cell_histogram_inst/Histograma_fifo_reg[14][3][19]
  -------------------------------------------------------------------
                         required time                         12.458    
                         arrival time                         -12.280    
  -------------------------------------------------------------------
                         slack                                  0.178    

Slack (MET) :             0.200ns  (required time - arrival time)
  Source:                 design_1_i/HOGv22_0/U0/dut/hog_cell_histogram_inst/cell_idx_reg[3]_rep/C
                            (rising edge-triggered cell FDRE clocked by clk_fpga_0  {rise@0.000ns fall@5.000ns period=10.000ns})
  Destination:            design_1_i/HOGv22_0/U0/dut/hog_cell_histogram_inst/Histograma_fifo_reg[4][2][17]/D
                            (rising edge-triggered cell FDRE clocked by clk_fpga_0  {rise@0.000ns fall@5.000ns period=10.000ns})
  Path Group:             clk_fpga_0
  Path Type:              Setup (Max at Slow Process Corner)
  Requirement:            10.000ns  (clk_fpga_0 rise@10.000ns - clk_fpga_0 rise@0.000ns)
  Data Path Delay:        9.244ns  (logic 2.483ns (26.862%)  route 6.761ns (73.138%))
  Logic Levels:           7  (CARRY4=4 LUT6=2 MUXF8=1)
  Clock Path Skew:        -0.143ns (DCD - SCD + CPR)
    Destination Clock Delay (DCD):    2.745ns = ( 12.745 - 10.000 ) 
    Source Clock Delay      (SCD):    3.017ns
    Clock Pessimism Removal (CPR):    0.129ns
  Clock Uncertainty:      0.154ns  ((TSJ^2 + TIJ^2)^1/2 + DJ) / 2 + PE
    Total System Jitter     (TSJ):    0.071ns
    Total Input Jitter      (TIJ):    0.300ns
    Discrete Jitter          (DJ):    0.000ns
    Phase Error              (PE):    0.000ns

    Location             Delay type                Incr(ns)  Path(ns)    Netlist Resource(s)
  -------------------------------------------------------------------    -------------------
                         (clock clk_fpga_0 rise edge)
                                                      0.000     0.000 r  
    PS7_X0Y0             PS7                          0.000     0.000 r  design_1_i/processing_system7_0/inst/PS7_i/FCLKCLK[0]
                         net (fo=1, routed)           1.193     1.193    design_1_i/processing_system7_0/inst/FCLK_CLK_unbuffered[0]
    BUFGCTRL_X0Y17       BUFG (Prop_bufg_I_O)         0.101     1.294 r  design_1_i/processing_system7_0/inst/buffer_fclk_clk_0.FCLK_CLK_0_BUFG/O
                         net (fo=12393, routed)       1.723     3.017    design_1_i/HOGv22_0/U0/dut/hog_cell_histogram_inst/ACLK
    SLICE_X54Y14         FDRE                                         r  design_1_i/HOGv22_0/U0/dut/hog_cell_histogram_inst/cell_idx_reg[3]_rep/C
  -------------------------------------------------------------------    -------------------
    SLICE_X54Y14         FDRE (Prop_fdre_C_Q)         0.478     3.495 r  design_1_i/HOGv22_0/U0/dut/hog_cell_histogram_inst/cell_idx_reg[3]_rep/Q
                         net (fo=111, routed)         1.835     5.330    design_1_i/HOGv22_0/U0/dut/hog_cell_histogram_inst/cell_idx_reg[3]_rep_n_0
    SLICE_X22Y5          MUXF8 (Prop_muxf8_S_O)       0.454     5.784 r  design_1_i/HOGv22_0/U0/dut/hog_cell_histogram_inst/Histograma_fifo_reg[0][0][7]_i_49/O
                         net (fo=1, routed)           1.511     7.295    design_1_i/HOGv22_0/U0/dut/hog_cell_histogram_inst/angulo_inst/Histograma_fifo[0][2]_290[4]
    SLICE_X44Y5          LUT6 (Prop_lut6_I1_O)        0.319     7.614 r  design_1_i/HOGv22_0/U0/dut/hog_cell_histogram_inst/angulo_inst/Histograma_fifo[0][0][7]_i_15/O
                         net (fo=1, routed)           1.490     9.104    design_1_i/HOGv22_0/U0/dut/hog_cell_histogram_inst/angulo_inst/Histograma_fifo[0][0][7]_i_15_n_0
    SLICE_X59Y26         LUT6 (Prop_lut6_I0_O)        0.124     9.228 r  design_1_i/HOGv22_0/U0/dut/hog_cell_histogram_inst/angulo_inst/Histograma_fifo[0][0][7]_i_5/O
                         net (fo=1, routed)           0.000     9.228    design_1_i/HOGv22_0/U0/dut/hog_cell_histogram_inst/angulo_inst/Histograma_fifo[0][0][7]_i_5_n_0
    SLICE_X59Y26         CARRY4 (Prop_carry4_S[0]_CO[3])
                                                      0.532     9.760 r  design_1_i/HOGv22_0/U0/dut/hog_cell_histogram_inst/angulo_inst/Histograma_fifo_reg[0][0][7]_i_1/CO[3]
                         net (fo=1, routed)           0.000     9.760    design_1_i/HOGv22_0/U0/dut/hog_cell_histogram_inst/angulo_inst/Histograma_fifo_reg[0][0][7]_i_1_n_0
    SLICE_X59Y27         CARRY4 (Prop_carry4_CI_CO[3])
                                                      0.114     9.874 r  design_1_i/HOGv22_0/U0/dut/hog_cell_histogram_inst/angulo_inst/Histograma_fifo_reg[0][0][11]_i_1/CO[3]
                         net (fo=1, routed)           0.000     9.874    design_1_i/HOGv22_0/U0/dut/hog_cell_histogram_inst/angulo_inst/Histograma_fifo_reg[0][0][11]_i_1_n_0
    SLICE_X59Y28         CARRY4 (Prop_carry4_CI_CO[3])
                                                      0.114     9.988 r  design_1_i/HOGv22_0/U0/dut/hog_cell_histogram_inst/angulo_inst/Histograma_fifo_reg[0][0][15]_i_1/CO[3]
                         net (fo=1, routed)           0.000     9.988    design_1_i/HOGv22_0/U0/dut/hog_cell_histogram_inst/angulo_inst/Histograma_fifo_reg[0][0][15]_i_1_n_0
    SLICE_X59Y29         CARRY4 (Prop_carry4_CI_O[1])
                                                      0.348    10.336 r  design_1_i/HOGv22_0/U0/dut/hog_cell_histogram_inst/angulo_inst/Histograma_fifo_reg[0][0][19]_i_1/O[1]
                         net (fo=144, routed)         1.924    12.261    design_1_i/HOGv22_0/U0/dut/hog_cell_histogram_inst/angulo_inst_n_148
    SLICE_X23Y28         FDRE                                         r  design_1_i/HOGv22_0/U0/dut/hog_cell_histogram_inst/Histograma_fifo_reg[4][2][17]/D
  -------------------------------------------------------------------    -------------------

                         (clock clk_fpga_0 rise edge)
                                                     10.000    10.000 r  
    PS7_X0Y0             PS7                          0.000    10.000 r  design_1_i/processing_system7_0/inst/PS7_i/FCLKCLK[0]
                         net (fo=1, routed)           1.088    11.088    design_1_i/processing_system7_0/inst/FCLK_CLK_unbuffered[0]
    BUFGCTRL_X0Y17       BUFG (Prop_bufg_I_O)         0.091    11.179 r  design_1_i/processing_system7_0/inst/buffer_fclk_clk_0.FCLK_CLK_0_BUFG/O
                         net (fo=12393, routed)       1.566    12.745    design_1_i/HOGv22_0/U0/dut/hog_cell_histogram_inst/ACLK
    SLICE_X23Y28         FDRE                                         r  design_1_i/HOGv22_0/U0/dut/hog_cell_histogram_inst/Histograma_fifo_reg[4][2][17]/C
                         clock pessimism              0.129    12.874    
                         clock uncertainty           -0.154    12.720    
    SLICE_X23Y28         FDRE (Setup_fdre_C_D)       -0.260    12.460    design_1_i/HOGv22_0/U0/dut/hog_cell_histogram_inst/Histograma_fifo_reg[4][2][17]
  -------------------------------------------------------------------
                         required time                         12.460    
                         arrival time                         -12.261    
  -------------------------------------------------------------------
                         slack                                  0.200    

Slack (MET) :             0.204ns  (required time - arrival time)
  Source:                 design_1_i/HOGv22_0/U0/dut/hog_cell_histogram_inst/cell_idx_reg[3]_rep/C
                            (rising edge-triggered cell FDRE clocked by clk_fpga_0  {rise@0.000ns fall@5.000ns period=10.000ns})
  Destination:            design_1_i/HOGv22_0/U0/dut/hog_cell_histogram_inst/Histograma_fifo_reg[4][3][19]/D
                            (rising edge-triggered cell FDRE clocked by clk_fpga_0  {rise@0.000ns fall@5.000ns period=10.000ns})
  Path Group:             clk_fpga_0
  Path Type:              Setup (Max at Slow Process Corner)
  Requirement:            10.000ns  (clk_fpga_0 rise@10.000ns - clk_fpga_0 rise@0.000ns)
  Data Path Delay:        9.238ns  (logic 2.464ns (26.673%)  route 6.774ns (73.327%))
  Logic Levels:           7  (CARRY4=4 LUT6=2 MUXF8=1)
  Clock Path Skew:        -0.141ns (DCD - SCD + CPR)
    Destination Clock Delay (DCD):    2.747ns = ( 12.747 - 10.000 ) 
    Source Clock Delay      (SCD):    3.017ns
    Clock Pessimism Removal (CPR):    0.129ns
  Clock Uncertainty:      0.154ns  ((TSJ^2 + TIJ^2)^1/2 + DJ) / 2 + PE
    Total System Jitter     (TSJ):    0.071ns
    Total Input Jitter      (TIJ):    0.300ns
    Discrete Jitter          (DJ):    0.000ns
    Phase Error              (PE):    0.000ns

    Location             Delay type                Incr(ns)  Path(ns)    Netlist Resource(s)
  -------------------------------------------------------------------    -------------------
                         (clock clk_fpga_0 rise edge)
                                                      0.000     0.000 r  
    PS7_X0Y0             PS7                          0.000     0.000 r  design_1_i/processing_system7_0/inst/PS7_i/FCLKCLK[0]
                         net (fo=1, routed)           1.193     1.193    design_1_i/processing_system7_0/inst/FCLK_CLK_unbuffered[0]
    BUFGCTRL_X0Y17       BUFG (Prop_bufg_I_O)         0.101     1.294 r  design_1_i/processing_system7_0/inst/buffer_fclk_clk_0.FCLK_CLK_0_BUFG/O
                         net (fo=12393, routed)       1.723     3.017    design_1_i/HOGv22_0/U0/dut/hog_cell_histogram_inst/ACLK
    SLICE_X54Y14         FDRE                                         r  design_1_i/HOGv22_0/U0/dut/hog_cell_histogram_inst/cell_idx_reg[3]_rep/C
  -------------------------------------------------------------------    -------------------
    SLICE_X54Y14         FDRE (Prop_fdre_C_Q)         0.478     3.495 r  design_1_i/HOGv22_0/U0/dut/hog_cell_histogram_inst/cell_idx_reg[3]_rep/Q
                         net (fo=111, routed)         1.835     5.330    design_1_i/HOGv22_0/U0/dut/hog_cell_histogram_inst/cell_idx_reg[3]_rep_n_0
    SLICE_X22Y5          MUXF8 (Prop_muxf8_S_O)       0.454     5.784 r  design_1_i/HOGv22_0/U0/dut/hog_cell_histogram_inst/Histograma_fifo_reg[0][0][7]_i_49/O
                         net (fo=1, routed)           1.511     7.295    design_1_i/HOGv22_0/U0/dut/hog_cell_histogram_inst/angulo_inst/Histograma_fifo[0][2]_290[4]
    SLICE_X44Y5          LUT6 (Prop_lut6_I1_O)        0.319     7.614 r  design_1_i/HOGv22_0/U0/dut/hog_cell_histogram_inst/angulo_inst/Histograma_fifo[0][0][7]_i_15/O
                         net (fo=1, routed)           1.490     9.104    design_1_i/HOGv22_0/U0/dut/hog_cell_histogram_inst/angulo_inst/Histograma_fifo[0][0][7]_i_15_n_0
    SLICE_X59Y26         LUT6 (Prop_lut6_I0_O)        0.124     9.228 r  design_1_i/HOGv22_0/U0/dut/hog_cell_histogram_inst/angulo_inst/Histograma_fifo[0][0][7]_i_5/O
                         net (fo=1, routed)           0.000     9.228    design_1_i/HOGv22_0/U0/dut/hog_cell_histogram_inst/angulo_inst/Histograma_fifo[0][0][7]_i_5_n_0
    SLICE_X59Y26         CARRY4 (Prop_carry4_S[0]_CO[3])
                                                      0.532     9.760 r  design_1_i/HOGv22_0/U0/dut/hog_cell_histogram_inst/angulo_inst/Histograma_fifo_reg[0][0][7]_i_1/CO[3]
                         net (fo=1, routed)           0.000     9.760    design_1_i/HOGv22_0/U0/dut/hog_cell_histogram_inst/angulo_inst/Histograma_fifo_reg[0][0][7]_i_1_n_0
    SLICE_X59Y27         CARRY4 (Prop_carry4_CI_CO[3])
                                                      0.114     9.874 r  design_1_i/HOGv22_0/U0/dut/hog_cell_histogram_inst/angulo_inst/Histograma_fifo_reg[0][0][11]_i_1/CO[3]
                         net (fo=1, routed)           0.000     9.874    design_1_i/HOGv22_0/U0/dut/hog_cell_histogram_inst/angulo_inst/Histograma_fifo_reg[0][0][11]_i_1_n_0
    SLICE_X59Y28         CARRY4 (Prop_carry4_CI_CO[3])
                                                      0.114     9.988 r  design_1_i/HOGv22_0/U0/dut/hog_cell_histogram_inst/angulo_inst/Histograma_fifo_reg[0][0][15]_i_1/CO[3]
                         net (fo=1, routed)           0.000     9.988    design_1_i/HOGv22_0/U0/dut/hog_cell_histogram_inst/angulo_inst/Histograma_fifo_reg[0][0][15]_i_1_n_0
    SLICE_X59Y29         CARRY4 (Prop_carry4_CI_O[3])
                                                      0.329    10.317 r  design_1_i/HOGv22_0/U0/dut/hog_cell_histogram_inst/angulo_inst/Histograma_fifo_reg[0][0][19]_i_1/O[3]
                         net (fo=144, routed)         1.938    12.255    design_1_i/HOGv22_0/U0/dut/hog_cell_histogram_inst/angulo_inst_n_146
    SLICE_X27Y37         FDRE                                         r  design_1_i/HOGv22_0/U0/dut/hog_cell_histogram_inst/Histograma_fifo_reg[4][3][19]/D
  -------------------------------------------------------------------    -------------------

                         (clock clk_fpga_0 rise edge)
                                                     10.000    10.000 r  
    PS7_X0Y0             PS7                          0.000    10.000 r  design_1_i/processing_system7_0/inst/PS7_i/FCLKCLK[0]
                         net (fo=1, routed)           1.088    11.088    design_1_i/processing_system7_0/inst/FCLK_CLK_unbuffered[0]
    BUFGCTRL_X0Y17       BUFG (Prop_bufg_I_O)         0.091    11.179 r  design_1_i/processing_system7_0/inst/buffer_fclk_clk_0.FCLK_CLK_0_BUFG/O
                         net (fo=12393, routed)       1.568    12.747    design_1_i/HOGv22_0/U0/dut/hog_cell_histogram_inst/ACLK
    SLICE_X27Y37         FDRE                                         r  design_1_i/HOGv22_0/U0/dut/hog_cell_histogram_inst/Histograma_fifo_reg[4][3][19]/C
                         clock pessimism              0.129    12.876    
                         clock uncertainty           -0.154    12.722    
    SLICE_X27Y37         FDRE (Setup_fdre_C_D)       -0.263    12.459    design_1_i/HOGv22_0/U0/dut/hog_cell_histogram_inst/Histograma_fifo_reg[4][3][19]
  -------------------------------------------------------------------
                         required time                         12.459    
                         arrival time                         -12.255    
  -------------------------------------------------------------------
                         slack                                  0.204    

Slack (MET) :             0.206ns  (required time - arrival time)
  Source:                 design_1_i/HOGv22_0/U0/dut/hog_cell_histogram_inst/cell_idx_reg[3]_rep/C
                            (rising edge-triggered cell FDRE clocked by clk_fpga_0  {rise@0.000ns fall@5.000ns period=10.000ns})
  Destination:            design_1_i/HOGv22_0/U0/dut/hog_cell_histogram_inst/Histograma_fifo_reg[12][2][15]/D
                            (rising edge-triggered cell FDRE clocked by clk_fpga_0  {rise@0.000ns fall@5.000ns period=10.000ns})
  Path Group:             clk_fpga_0
  Path Type:              Setup (Max at Slow Process Corner)
  Requirement:            10.000ns  (clk_fpga_0 rise@10.000ns - clk_fpga_0 rise@0.000ns)
  Data Path Delay:        9.287ns  (logic 2.350ns (25.305%)  route 6.937ns (74.695%))
  Logic Levels:           6  (CARRY4=3 LUT6=2 MUXF8=1)
  Clock Path Skew:        -0.140ns (DCD - SCD + CPR)
    Destination Clock Delay (DCD):    2.748ns = ( 12.748 - 10.000 ) 
    Source Clock Delay      (SCD):    3.017ns
    Clock Pessimism Removal (CPR):    0.129ns
  Clock Uncertainty:      0.154ns  ((TSJ^2 + TIJ^2)^1/2 + DJ) / 2 + PE
    Total System Jitter     (TSJ):    0.071ns
    Total Input Jitter      (TIJ):    0.300ns
    Discrete Jitter          (DJ):    0.000ns
    Phase Error              (PE):    0.000ns

    Location             Delay type                Incr(ns)  Path(ns)    Netlist Resource(s)
  -------------------------------------------------------------------    -------------------
                         (clock clk_fpga_0 rise edge)
                                                      0.000     0.000 r  
    PS7_X0Y0             PS7                          0.000     0.000 r  design_1_i/processing_system7_0/inst/PS7_i/FCLKCLK[0]
                         net (fo=1, routed)           1.193     1.193    design_1_i/processing_system7_0/inst/FCLK_CLK_unbuffered[0]
    BUFGCTRL_X0Y17       BUFG (Prop_bufg_I_O)         0.101     1.294 r  design_1_i/processing_system7_0/inst/buffer_fclk_clk_0.FCLK_CLK_0_BUFG/O
                         net (fo=12393, routed)       1.723     3.017    design_1_i/HOGv22_0/U0/dut/hog_cell_histogram_inst/ACLK
    SLICE_X54Y14         FDRE                                         r  design_1_i/HOGv22_0/U0/dut/hog_cell_histogram_inst/cell_idx_reg[3]_rep/C
  -------------------------------------------------------------------    -------------------
    SLICE_X54Y14         FDRE (Prop_fdre_C_Q)         0.478     3.495 r  design_1_i/HOGv22_0/U0/dut/hog_cell_histogram_inst/cell_idx_reg[3]_rep/Q
                         net (fo=111, routed)         1.835     5.330    design_1_i/HOGv22_0/U0/dut/hog_cell_histogram_inst/cell_idx_reg[3]_rep_n_0
    SLICE_X22Y5          MUXF8 (Prop_muxf8_S_O)       0.454     5.784 r  design_1_i/HOGv22_0/U0/dut/hog_cell_histogram_inst/Histograma_fifo_reg[0][0][7]_i_49/O
                         net (fo=1, routed)           1.511     7.295    design_1_i/HOGv22_0/U0/dut/hog_cell_histogram_inst/angulo_inst/Histograma_fifo[0][2]_290[4]
    SLICE_X44Y5          LUT6 (Prop_lut6_I1_O)        0.319     7.614 r  design_1_i/HOGv22_0/U0/dut/hog_cell_histogram_inst/angulo_inst/Histograma_fifo[0][0][7]_i_15/O
                         net (fo=1, routed)           1.490     9.104    design_1_i/HOGv22_0/U0/dut/hog_cell_histogram_inst/angulo_inst/Histograma_fifo[0][0][7]_i_15_n_0
    SLICE_X59Y26         LUT6 (Prop_lut6_I0_O)        0.124     9.228 r  design_1_i/HOGv22_0/U0/dut/hog_cell_histogram_inst/angulo_inst/Histograma_fifo[0][0][7]_i_5/O
                         net (fo=1, routed)           0.000     9.228    design_1_i/HOGv22_0/U0/dut/hog_cell_histogram_inst/angulo_inst/Histograma_fifo[0][0][7]_i_5_n_0
    SLICE_X59Y26         CARRY4 (Prop_carry4_S[0]_CO[3])
                                                      0.532     9.760 r  design_1_i/HOGv22_0/U0/dut/hog_cell_histogram_inst/angulo_inst/Histograma_fifo_reg[0][0][7]_i_1/CO[3]
                         net (fo=1, routed)           0.000     9.760    design_1_i/HOGv22_0/U0/dut/hog_cell_histogram_inst/angulo_inst/Histograma_fifo_reg[0][0][7]_i_1_n_0
    SLICE_X59Y27         CARRY4 (Prop_carry4_CI_CO[3])
                                                      0.114     9.874 r  design_1_i/HOGv22_0/U0/dut/hog_cell_histogram_inst/angulo_inst/Histograma_fifo_reg[0][0][11]_i_1/CO[3]
                         net (fo=1, routed)           0.000     9.874    design_1_i/HOGv22_0/U0/dut/hog_cell_histogram_inst/angulo_inst/Histograma_fifo_reg[0][0][11]_i_1_n_0
    SLICE_X59Y28         CARRY4 (Prop_carry4_CI_O[3])
                                                      0.329    10.203 r  design_1_i/HOGv22_0/U0/dut/hog_cell_histogram_inst/angulo_inst/Histograma_fifo_reg[0][0][15]_i_1/O[3]
                         net (fo=144, routed)         2.101    12.304    design_1_i/HOGv22_0/U0/dut/hog_cell_histogram_inst/angulo_inst_n_150
    SLICE_X18Y29         FDRE                                         r  design_1_i/HOGv22_0/U0/dut/hog_cell_histogram_inst/Histograma_fifo_reg[12][2][15]/D
  -------------------------------------------------------------------    -------------------

                         (clock clk_fpga_0 rise edge)
                                                     10.000    10.000 r  
    PS7_X0Y0             PS7                          0.000    10.000 r  design_1_i/processing_system7_0/inst/PS7_i/FCLKCLK[0]
                         net (fo=1, routed)           1.088    11.088    design_1_i/processing_system7_0/inst/FCLK_CLK_unbuffered[0]
    BUFGCTRL_X0Y17       BUFG (Prop_bufg_I_O)         0.091    11.179 r  design_1_i/processing_system7_0/inst/buffer_fclk_clk_0.FCLK_CLK_0_BUFG/O
                         net (fo=12393, routed)       1.569    12.748    design_1_i/HOGv22_0/U0/dut/hog_cell_histogram_inst/ACLK
    SLICE_X18Y29         FDRE                                         r  design_1_i/HOGv22_0/U0/dut/hog_cell_histogram_inst/Histograma_fifo_reg[12][2][15]/C
                         clock pessimism              0.129    12.877    
                         clock uncertainty           -0.154    12.723    
    SLICE_X18Y29         FDRE (Setup_fdre_C_D)       -0.213    12.510    design_1_i/HOGv22_0/U0/dut/hog_cell_histogram_inst/Histograma_fifo_reg[12][2][15]
  -------------------------------------------------------------------
                         required time                         12.510    
                         arrival time                         -12.304    
  -------------------------------------------------------------------
                         slack                                  0.206    

Slack (MET) :             0.208ns  (required time - arrival time)
  Source:                 design_1_i/HOGv22_0/U0/dut/hog_cell_histogram_inst/cell_idx_reg[3]_rep/C
                            (rising edge-triggered cell FDRE clocked by clk_fpga_0  {rise@0.000ns fall@5.000ns period=10.000ns})
  Destination:            design_1_i/HOGv22_0/U0/dut/hog_cell_histogram_inst/Histograma_fifo_reg[12][3][19]/D
                            (rising edge-triggered cell FDRE clocked by clk_fpga_0  {rise@0.000ns fall@5.000ns period=10.000ns})
  Path Group:             clk_fpga_0
  Path Type:              Setup (Max at Slow Process Corner)
  Requirement:            10.000ns  (clk_fpga_0 rise@10.000ns - clk_fpga_0 rise@0.000ns)
  Data Path Delay:        9.274ns  (logic 2.464ns (26.569%)  route 6.810ns (73.431%))
  Logic Levels:           7  (CARRY4=4 LUT6=2 MUXF8=1)
  Clock Path Skew:        -0.137ns (DCD - SCD + CPR)
    Destination Clock Delay (DCD):    2.751ns = ( 12.752 - 10.000 ) 
    Source Clock Delay      (SCD):    3.017ns
    Clock Pessimism Removal (CPR):    0.129ns
  Clock Uncertainty:      0.154ns  ((TSJ^2 + TIJ^2)^1/2 + DJ) / 2 + PE
    Total System Jitter     (TSJ):    0.071ns
    Total Input Jitter      (TIJ):    0.300ns
    Discrete Jitter          (DJ):    0.000ns
    Phase Error              (PE):    0.000ns

    Location             Delay type                Incr(ns)  Path(ns)    Netlist Resource(s)
  -------------------------------------------------------------------    -------------------
                         (clock clk_fpga_0 rise edge)
                                                      0.000     0.000 r  
    PS7_X0Y0             PS7                          0.000     0.000 r  design_1_i/processing_system7_0/inst/PS7_i/FCLKCLK[0]
                         net (fo=1, routed)           1.193     1.193    design_1_i/processing_system7_0/inst/FCLK_CLK_unbuffered[0]
    BUFGCTRL_X0Y17       BUFG (Prop_bufg_I_O)         0.101     1.294 r  design_1_i/processing_system7_0/inst/buffer_fclk_clk_0.FCLK_CLK_0_BUFG/O
                         net (fo=12393, routed)       1.723     3.017    design_1_i/HOGv22_0/U0/dut/hog_cell_histogram_inst/ACLK
    SLICE_X54Y14         FDRE                                         r  design_1_i/HOGv22_0/U0/dut/hog_cell_histogram_inst/cell_idx_reg[3]_rep/C
  -------------------------------------------------------------------    -------------------
    SLICE_X54Y14         FDRE (Prop_fdre_C_Q)         0.478     3.495 r  design_1_i/HOGv22_0/U0/dut/hog_cell_histogram_inst/cell_idx_reg[3]_rep/Q
                         net (fo=111, routed)         1.835     5.330    design_1_i/HOGv22_0/U0/dut/hog_cell_histogram_inst/cell_idx_reg[3]_rep_n_0
    SLICE_X22Y5          MUXF8 (Prop_muxf8_S_O)       0.454     5.784 r  design_1_i/HOGv22_0/U0/dut/hog_cell_histogram_inst/Histograma_fifo_reg[0][0][7]_i_49/O
                         net (fo=1, routed)           1.511     7.295    design_1_i/HOGv22_0/U0/dut/hog_cell_histogram_inst/angulo_inst/Histograma_fifo[0][2]_290[4]
    SLICE_X44Y5          LUT6 (Prop_lut6_I1_O)        0.319     7.614 r  design_1_i/HOGv22_0/U0/dut/hog_cell_histogram_inst/angulo_inst/Histograma_fifo[0][0][7]_i_15/O
                         net (fo=1, routed)           1.490     9.104    design_1_i/HOGv22_0/U0/dut/hog_cell_histogram_inst/angulo_inst/Histograma_fifo[0][0][7]_i_15_n_0
    SLICE_X59Y26         LUT6 (Prop_lut6_I0_O)        0.124     9.228 r  design_1_i/HOGv22_0/U0/dut/hog_cell_histogram_inst/angulo_inst/Histograma_fifo[0][0][7]_i_5/O
                         net (fo=1, routed)           0.000     9.228    design_1_i/HOGv22_0/U0/dut/hog_cell_histogram_inst/angulo_inst/Histograma_fifo[0][0][7]_i_5_n_0
    SLICE_X59Y26         CARRY4 (Prop_carry4_S[0]_CO[3])
                                                      0.532     9.760 r  design_1_i/HOGv22_0/U0/dut/hog_cell_histogram_inst/angulo_inst/Histograma_fifo_reg[0][0][7]_i_1/CO[3]
                         net (fo=1, routed)           0.000     9.760    design_1_i/HOGv22_0/U0/dut/hog_cell_histogram_inst/angulo_inst/Histograma_fifo_reg[0][0][7]_i_1_n_0
    SLICE_X59Y27         CARRY4 (Prop_carry4_CI_CO[3])
                                                      0.114     9.874 r  design_1_i/HOGv22_0/U0/dut/hog_cell_histogram_inst/angulo_inst/Histograma_fifo_reg[0][0][11]_i_1/CO[3]
                         net (fo=1, routed)           0.000     9.874    design_1_i/HOGv22_0/U0/dut/hog_cell_histogram_inst/angulo_inst/Histograma_fifo_reg[0][0][11]_i_1_n_0
    SLICE_X59Y28         CARRY4 (Prop_carry4_CI_CO[3])
                                                      0.114     9.988 r  design_1_i/HOGv22_0/U0/dut/hog_cell_histogram_inst/angulo_inst/Histograma_fifo_reg[0][0][15]_i_1/CO[3]
                         net (fo=1, routed)           0.000     9.988    design_1_i/HOGv22_0/U0/dut/hog_cell_histogram_inst/angulo_inst/Histograma_fifo_reg[0][0][15]_i_1_n_0
    SLICE_X59Y29         CARRY4 (Prop_carry4_CI_O[3])
                                                      0.329    10.317 r  design_1_i/HOGv22_0/U0/dut/hog_cell_histogram_inst/angulo_inst/Histograma_fifo_reg[0][0][19]_i_1/O[3]
                         net (fo=144, routed)         1.974    12.291    design_1_i/HOGv22_0/U0/dut/hog_cell_histogram_inst/angulo_inst_n_146
    SLICE_X22Y34         FDRE                                         r  design_1_i/HOGv22_0/U0/dut/hog_cell_histogram_inst/Histograma_fifo_reg[12][3][19]/D
  -------------------------------------------------------------------    -------------------

                         (clock clk_fpga_0 rise edge)
                                                     10.000    10.000 r  
    PS7_X0Y0             PS7                          0.000    10.000 r  design_1_i/processing_system7_0/inst/PS7_i/FCLKCLK[0]
                         net (fo=1, routed)           1.088    11.088    design_1_i/processing_system7_0/inst/FCLK_CLK_unbuffered[0]
    BUFGCTRL_X0Y17       BUFG (Prop_bufg_I_O)         0.091    11.179 r  design_1_i/processing_system7_0/inst/buffer_fclk_clk_0.FCLK_CLK_0_BUFG/O
                         net (fo=12393, routed)       1.572    12.752    design_1_i/HOGv22_0/U0/dut/hog_cell_histogram_inst/ACLK
    SLICE_X22Y34         FDRE                                         r  design_1_i/HOGv22_0/U0/dut/hog_cell_histogram_inst/Histograma_fifo_reg[12][3][19]/C
                         clock pessimism              0.129    12.880    
                         clock uncertainty           -0.154    12.726    
    SLICE_X22Y34         FDRE (Setup_fdre_C_D)       -0.227    12.499    design_1_i/HOGv22_0/U0/dut/hog_cell_histogram_inst/Histograma_fifo_reg[12][3][19]
  -------------------------------------------------------------------
                         required time                         12.499    
                         arrival time                         -12.291    
  -------------------------------------------------------------------
                         slack                                  0.208    

Slack (MET) :             0.216ns  (required time - arrival time)
  Source:                 design_1_i/HOGv22_0/U0/dut/hog_cell_histogram_inst/cell_idx_reg[3]_rep/C
                            (rising edge-triggered cell FDRE clocked by clk_fpga_0  {rise@0.000ns fall@5.000ns period=10.000ns})
  Destination:            design_1_i/HOGv22_0/U0/dut/hog_cell_histogram_inst/Histograma_fifo_reg[8][2][15]/D
                            (rising edge-triggered cell FDRE clocked by clk_fpga_0  {rise@0.000ns fall@5.000ns period=10.000ns})
  Path Group:             clk_fpga_0
  Path Type:              Setup (Max at Slow Process Corner)
  Requirement:            10.000ns  (clk_fpga_0 rise@10.000ns - clk_fpga_0 rise@0.000ns)
  Data Path Delay:        9.279ns  (logic 2.350ns (25.326%)  route 6.929ns (74.674%))
  Logic Levels:           6  (CARRY4=3 LUT6=2 MUXF8=1)
  Clock Path Skew:        -0.141ns (DCD - SCD + CPR)
    Destination Clock Delay (DCD):    2.747ns = ( 12.747 - 10.000 ) 
    Source Clock Delay      (SCD):    3.017ns
    Clock Pessimism Removal (CPR):    0.129ns
  Clock Uncertainty:      0.154ns  ((TSJ^2 + TIJ^2)^1/2 + DJ) / 2 + PE
    Total System Jitter     (TSJ):    0.071ns
    Total Input Jitter      (TIJ):    0.300ns
    Discrete Jitter          (DJ):    0.000ns
    Phase Error              (PE):    0.000ns

    Location             Delay type                Incr(ns)  Path(ns)    Netlist Resource(s)
  -------------------------------------------------------------------    -------------------
                         (clock clk_fpga_0 rise edge)
                                                      0.000     0.000 r  
    PS7_X0Y0             PS7                          0.000     0.000 r  design_1_i/processing_system7_0/inst/PS7_i/FCLKCLK[0]
                         net (fo=1, routed)           1.193     1.193    design_1_i/processing_system7_0/inst/FCLK_CLK_unbuffered[0]
    BUFGCTRL_X0Y17       BUFG (Prop_bufg_I_O)         0.101     1.294 r  design_1_i/processing_system7_0/inst/buffer_fclk_clk_0.FCLK_CLK_0_BUFG/O
                         net (fo=12393, routed)       1.723     3.017    design_1_i/HOGv22_0/U0/dut/hog_cell_histogram_inst/ACLK
    SLICE_X54Y14         FDRE                                         r  design_1_i/HOGv22_0/U0/dut/hog_cell_histogram_inst/cell_idx_reg[3]_rep/C
  -------------------------------------------------------------------    -------------------
    SLICE_X54Y14         FDRE (Prop_fdre_C_Q)         0.478     3.495 r  design_1_i/HOGv22_0/U0/dut/hog_cell_histogram_inst/cell_idx_reg[3]_rep/Q
                         net (fo=111, routed)         1.835     5.330    design_1_i/HOGv22_0/U0/dut/hog_cell_histogram_inst/cell_idx_reg[3]_rep_n_0
    SLICE_X22Y5          MUXF8 (Prop_muxf8_S_O)       0.454     5.784 r  design_1_i/HOGv22_0/U0/dut/hog_cell_histogram_inst/Histograma_fifo_reg[0][0][7]_i_49/O
                         net (fo=1, routed)           1.511     7.295    design_1_i/HOGv22_0/U0/dut/hog_cell_histogram_inst/angulo_inst/Histograma_fifo[0][2]_290[4]
    SLICE_X44Y5          LUT6 (Prop_lut6_I1_O)        0.319     7.614 r  design_1_i/HOGv22_0/U0/dut/hog_cell_histogram_inst/angulo_inst/Histograma_fifo[0][0][7]_i_15/O
                         net (fo=1, routed)           1.490     9.104    design_1_i/HOGv22_0/U0/dut/hog_cell_histogram_inst/angulo_inst/Histograma_fifo[0][0][7]_i_15_n_0
    SLICE_X59Y26         LUT6 (Prop_lut6_I0_O)        0.124     9.228 r  design_1_i/HOGv22_0/U0/dut/hog_cell_histogram_inst/angulo_inst/Histograma_fifo[0][0][7]_i_5/O
                         net (fo=1, routed)           0.000     9.228    design_1_i/HOGv22_0/U0/dut/hog_cell_histogram_inst/angulo_inst/Histograma_fifo[0][0][7]_i_5_n_0
    SLICE_X59Y26         CARRY4 (Prop_carry4_S[0]_CO[3])
                                                      0.532     9.760 r  design_1_i/HOGv22_0/U0/dut/hog_cell_histogram_inst/angulo_inst/Histograma_fifo_reg[0][0][7]_i_1/CO[3]
                         net (fo=1, routed)           0.000     9.760    design_1_i/HOGv22_0/U0/dut/hog_cell_histogram_inst/angulo_inst/Histograma_fifo_reg[0][0][7]_i_1_n_0
    SLICE_X59Y27         CARRY4 (Prop_carry4_CI_CO[3])
                                                      0.114     9.874 r  design_1_i/HOGv22_0/U0/dut/hog_cell_histogram_inst/angulo_inst/Histograma_fifo_reg[0][0][11]_i_1/CO[3]
                         net (fo=1, routed)           0.000     9.874    design_1_i/HOGv22_0/U0/dut/hog_cell_histogram_inst/angulo_inst/Histograma_fifo_reg[0][0][11]_i_1_n_0
    SLICE_X59Y28         CARRY4 (Prop_carry4_CI_O[3])
                                                      0.329    10.203 r  design_1_i/HOGv22_0/U0/dut/hog_cell_histogram_inst/angulo_inst/Histograma_fifo_reg[0][0][15]_i_1/O[3]
                         net (fo=144, routed)         2.093    12.296    design_1_i/HOGv22_0/U0/dut/hog_cell_histogram_inst/angulo_inst_n_150
    SLICE_X18Y28         FDRE                                         r  design_1_i/HOGv22_0/U0/dut/hog_cell_histogram_inst/Histograma_fifo_reg[8][2][15]/D
  -------------------------------------------------------------------    -------------------

                         (clock clk_fpga_0 rise edge)
                                                     10.000    10.000 r  
    PS7_X0Y0             PS7                          0.000    10.000 r  design_1_i/processing_system7_0/inst/PS7_i/FCLKCLK[0]
                         net (fo=1, routed)           1.088    11.088    design_1_i/processing_system7_0/inst/FCLK_CLK_unbuffered[0]
    BUFGCTRL_X0Y17       BUFG (Prop_bufg_I_O)         0.091    11.179 r  design_1_i/processing_system7_0/inst/buffer_fclk_clk_0.FCLK_CLK_0_BUFG/O
                         net (fo=12393, routed)       1.568    12.747    design_1_i/HOGv22_0/U0/dut/hog_cell_histogram_inst/ACLK
    SLICE_X18Y28         FDRE                                         r  design_1_i/HOGv22_0/U0/dut/hog_cell_histogram_inst/Histograma_fifo_reg[8][2][15]/C
                         clock pessimism              0.129    12.876    
                         clock uncertainty           -0.154    12.722    
    SLICE_X18Y28         FDRE (Setup_fdre_C_D)       -0.210    12.512    design_1_i/HOGv22_0/U0/dut/hog_cell_histogram_inst/Histograma_fifo_reg[8][2][15]
  -------------------------------------------------------------------
                         required time                         12.512    
                         arrival time                         -12.296    
  -------------------------------------------------------------------
                         slack                                  0.216    

Slack (MET) :             0.229ns  (required time - arrival time)
  Source:                 design_1_i/HOGv22_0/U0/dut/hog_cell_histogram_inst/cell_idx_reg[3]_rep/C
                            (rising edge-triggered cell FDRE clocked by clk_fpga_0  {rise@0.000ns fall@5.000ns period=10.000ns})
  Destination:            design_1_i/HOGv22_0/U0/dut/hog_cell_histogram_inst/Histograma_fifo_reg[9][2][15]/D
                            (rising edge-triggered cell FDRE clocked by clk_fpga_0  {rise@0.000ns fall@5.000ns period=10.000ns})
  Path Group:             clk_fpga_0
  Path Type:              Setup (Max at Slow Process Corner)
  Requirement:            10.000ns  (clk_fpga_0 rise@10.000ns - clk_fpga_0 rise@0.000ns)
  Data Path Delay:        9.263ns  (logic 2.350ns (25.370%)  route 6.913ns (74.630%))
  Logic Levels:           6  (CARRY4=3 LUT6=2 MUXF8=1)
  Clock Path Skew:        -0.141ns (DCD - SCD + CPR)
    Destination Clock Delay (DCD):    2.747ns = ( 12.747 - 10.000 ) 
    Source Clock Delay      (SCD):    3.017ns
    Clock Pessimism Removal (CPR):    0.129ns
  Clock Uncertainty:      0.154ns  ((TSJ^2 + TIJ^2)^1/2 + DJ) / 2 + PE
    Total System Jitter     (TSJ):    0.071ns
    Total Input Jitter      (TIJ):    0.300ns
    Discrete Jitter          (DJ):    0.000ns
    Phase Error              (PE):    0.000ns

    Location             Delay type                Incr(ns)  Path(ns)    Netlist Resource(s)
  -------------------------------------------------------------------    -------------------
                         (clock clk_fpga_0 rise edge)
                                                      0.000     0.000 r  
    PS7_X0Y0             PS7                          0.000     0.000 r  design_1_i/processing_system7_0/inst/PS7_i/FCLKCLK[0]
                         net (fo=1, routed)           1.193     1.193    design_1_i/processing_system7_0/inst/FCLK_CLK_unbuffered[0]
    BUFGCTRL_X0Y17       BUFG (Prop_bufg_I_O)         0.101     1.294 r  design_1_i/processing_system7_0/inst/buffer_fclk_clk_0.FCLK_CLK_0_BUFG/O
                         net (fo=12393, routed)       1.723     3.017    design_1_i/HOGv22_0/U0/dut/hog_cell_histogram_inst/ACLK
    SLICE_X54Y14         FDRE                                         r  design_1_i/HOGv22_0/U0/dut/hog_cell_histogram_inst/cell_idx_reg[3]_rep/C
  -------------------------------------------------------------------    -------------------
    SLICE_X54Y14         FDRE (Prop_fdre_C_Q)         0.478     3.495 r  design_1_i/HOGv22_0/U0/dut/hog_cell_histogram_inst/cell_idx_reg[3]_rep/Q
                         net (fo=111, routed)         1.835     5.330    design_1_i/HOGv22_0/U0/dut/hog_cell_histogram_inst/cell_idx_reg[3]_rep_n_0
    SLICE_X22Y5          MUXF8 (Prop_muxf8_S_O)       0.454     5.784 r  design_1_i/HOGv22_0/U0/dut/hog_cell_histogram_inst/Histograma_fifo_reg[0][0][7]_i_49/O
                         net (fo=1, routed)           1.511     7.295    design_1_i/HOGv22_0/U0/dut/hog_cell_histogram_inst/angulo_inst/Histograma_fifo[0][2]_290[4]
    SLICE_X44Y5          LUT6 (Prop_lut6_I1_O)        0.319     7.614 r  design_1_i/HOGv22_0/U0/dut/hog_cell_histogram_inst/angulo_inst/Histograma_fifo[0][0][7]_i_15/O
                         net (fo=1, routed)           1.490     9.104    design_1_i/HOGv22_0/U0/dut/hog_cell_histogram_inst/angulo_inst/Histograma_fifo[0][0][7]_i_15_n_0
    SLICE_X59Y26         LUT6 (Prop_lut6_I0_O)        0.124     9.228 r  design_1_i/HOGv22_0/U0/dut/hog_cell_histogram_inst/angulo_inst/Histograma_fifo[0][0][7]_i_5/O
                         net (fo=1, routed)           0.000     9.228    design_1_i/HOGv22_0/U0/dut/hog_cell_histogram_inst/angulo_inst/Histograma_fifo[0][0][7]_i_5_n_0
    SLICE_X59Y26         CARRY4 (Prop_carry4_S[0]_CO[3])
                                                      0.532     9.760 r  design_1_i/HOGv22_0/U0/dut/hog_cell_histogram_inst/angulo_inst/Histograma_fifo_reg[0][0][7]_i_1/CO[3]
                         net (fo=1, routed)           0.000     9.760    design_1_i/HOGv22_0/U0/dut/hog_cell_histogram_inst/angulo_inst/Histograma_fifo_reg[0][0][7]_i_1_n_0
    SLICE_X59Y27         CARRY4 (Prop_carry4_CI_CO[3])
                                                      0.114     9.874 r  design_1_i/HOGv22_0/U0/dut/hog_cell_histogram_inst/angulo_inst/Histograma_fifo_reg[0][0][11]_i_1/CO[3]
                         net (fo=1, routed)           0.000     9.874    design_1_i/HOGv22_0/U0/dut/hog_cell_histogram_inst/angulo_inst/Histograma_fifo_reg[0][0][11]_i_1_n_0
    SLICE_X59Y28         CARRY4 (Prop_carry4_CI_O[3])
                                                      0.329    10.203 r  design_1_i/HOGv22_0/U0/dut/hog_cell_histogram_inst/angulo_inst/Histograma_fifo_reg[0][0][15]_i_1/O[3]
                         net (fo=144, routed)         2.077    12.280    design_1_i/HOGv22_0/U0/dut/hog_cell_histogram_inst/angulo_inst_n_150
    SLICE_X16Y28         FDRE                                         r  design_1_i/HOGv22_0/U0/dut/hog_cell_histogram_inst/Histograma_fifo_reg[9][2][15]/D
  -------------------------------------------------------------------    -------------------

                         (clock clk_fpga_0 rise edge)
                                                     10.000    10.000 r  
    PS7_X0Y0             PS7                          0.000    10.000 r  design_1_i/processing_system7_0/inst/PS7_i/FCLKCLK[0]
                         net (fo=1, routed)           1.088    11.088    design_1_i/processing_system7_0/inst/FCLK_CLK_unbuffered[0]
    BUFGCTRL_X0Y17       BUFG (Prop_bufg_I_O)         0.091    11.179 r  design_1_i/processing_system7_0/inst/buffer_fclk_clk_0.FCLK_CLK_0_BUFG/O
                         net (fo=12393, routed)       1.568    12.747    design_1_i/HOGv22_0/U0/dut/hog_cell_histogram_inst/ACLK
    SLICE_X16Y28         FDRE                                         r  design_1_i/HOGv22_0/U0/dut/hog_cell_histogram_inst/Histograma_fifo_reg[9][2][15]/C
                         clock pessimism              0.129    12.876    
                         clock uncertainty           -0.154    12.722    
    SLICE_X16Y28         FDRE (Setup_fdre_C_D)       -0.213    12.509    design_1_i/HOGv22_0/U0/dut/hog_cell_histogram_inst/Histograma_fifo_reg[9][2][15]
  -------------------------------------------------------------------
                         required time                         12.509    
                         arrival time                         -12.280    
  -------------------------------------------------------------------
                         slack                                  0.229    





Min Delay Paths
--------------------------------------------------------------------------------------
Slack (MET) :             0.047ns  (arrival time - required time)
  Source:                 design_1_i/HOGv22_0/U0/dut/hog_block_histogram_inst/r_block_histogram_in_reg[0][8][8]/C
                            (rising edge-triggered cell FDRE clocked by clk_fpga_0  {rise@0.000ns fall@5.000ns period=10.000ns})
  Destination:            design_1_i/HOGv22_0/U0/dut/hog_block_histogram_inst/GEN1[8].sum1_reg_reg[8][9]/D
                            (rising edge-triggered cell FDRE clocked by clk_fpga_0  {rise@0.000ns fall@5.000ns period=10.000ns})
  Path Group:             clk_fpga_0
  Path Type:              Hold (Min at Fast Process Corner)
  Requirement:            0.000ns  (clk_fpga_0 rise@0.000ns - clk_fpga_0 rise@0.000ns)
  Data Path Delay:        0.439ns  (logic 0.270ns (61.532%)  route 0.169ns (38.468%))
  Logic Levels:           1  (CARRY4=1)
  Clock Path Skew:        0.257ns (DCD - SCD - CPR)
    Destination Clock Delay (DCD):    1.179ns
    Source Clock Delay      (SCD):    0.887ns
    Clock Pessimism Removal (CPR):    0.035ns

    Location             Delay type                Incr(ns)  Path(ns)    Netlist Resource(s)
  -------------------------------------------------------------------    -------------------
                         (clock clk_fpga_0 rise edge)
                                                      0.000     0.000 r  
    PS7_X0Y0             PS7                          0.000     0.000 r  design_1_i/processing_system7_0/inst/PS7_i/FCLKCLK[0]
                         net (fo=1, routed)           0.310     0.310    design_1_i/processing_system7_0/inst/FCLK_CLK_unbuffered[0]
    BUFGCTRL_X0Y17       BUFG (Prop_bufg_I_O)         0.026     0.336 r  design_1_i/processing_system7_0/inst/buffer_fclk_clk_0.FCLK_CLK_0_BUFG/O
                         net (fo=12393, routed)       0.551     0.887    design_1_i/HOGv22_0/U0/dut/hog_block_histogram_inst/ACLK
    SLICE_X48Y21         FDRE                                         r  design_1_i/HOGv22_0/U0/dut/hog_block_histogram_inst/r_block_histogram_in_reg[0][8][8]/C
  -------------------------------------------------------------------    -------------------
    SLICE_X48Y21         FDRE (Prop_fdre_C_Q)         0.141     1.028 r  design_1_i/HOGv22_0/U0/dut/hog_block_histogram_inst/r_block_histogram_in_reg[0][8][8]/Q
                         net (fo=4, routed)           0.169     1.196    design_1_i/HOGv22_0/U0/dut/hog_block_histogram_inst/r_block_histogram_in_reg[0][8]_312[8]
    SLICE_X50Y21         CARRY4 (Prop_carry4_DI[0]_O[1])
                                                      0.129     1.325 r  design_1_i/HOGv22_0/U0/dut/hog_block_histogram_inst/GEN1[8].sum1_reg_reg[8][11]_i_1/O[1]
                         net (fo=1, routed)           0.000     1.325    design_1_i/HOGv22_0/U0/dut/hog_block_histogram_inst/sum1_comb[8]_385[9]
    SLICE_X50Y21         FDRE                                         r  design_1_i/HOGv22_0/U0/dut/hog_block_histogram_inst/GEN1[8].sum1_reg_reg[8][9]/D
  -------------------------------------------------------------------    -------------------

                         (clock clk_fpga_0 rise edge)
                                                      0.000     0.000 r  
    PS7_X0Y0             PS7                          0.000     0.000 r  design_1_i/processing_system7_0/inst/PS7_i/FCLKCLK[0]
                         net (fo=1, routed)           0.337     0.337    design_1_i/processing_system7_0/inst/FCLK_CLK_unbuffered[0]
    BUFGCTRL_X0Y17       BUFG (Prop_bufg_I_O)         0.029     0.366 r  design_1_i/processing_system7_0/inst/buffer_fclk_clk_0.FCLK_CLK_0_BUFG/O
                         net (fo=12393, routed)       0.813     1.179    design_1_i/HOGv22_0/U0/dut/hog_block_histogram_inst/ACLK
    SLICE_X50Y21         FDRE                                         r  design_1_i/HOGv22_0/U0/dut/hog_block_histogram_inst/GEN1[8].sum1_reg_reg[8][9]/C
                         clock pessimism             -0.035     1.144    
    SLICE_X50Y21         FDRE (Hold_fdre_C_D)         0.134     1.278    design_1_i/HOGv22_0/U0/dut/hog_block_histogram_inst/GEN1[8].sum1_reg_reg[8][9]
  -------------------------------------------------------------------
                         required time                         -1.278    
                         arrival time                           1.325    
  -------------------------------------------------------------------
                         slack                                  0.047    

Slack (MET) :             0.048ns  (arrival time - required time)
  Source:                 design_1_i/HOGv22_0/U0/dut/hog_block_histogram_inst/r_block_histogram_in_reg[0][8][6]/C
                            (rising edge-triggered cell FDRE clocked by clk_fpga_0  {rise@0.000ns fall@5.000ns period=10.000ns})
  Destination:            design_1_i/HOGv22_0/U0/dut/hog_block_histogram_inst/GEN1[8].sum1_reg_reg[8][7]/D
                            (rising edge-triggered cell FDRE clocked by clk_fpga_0  {rise@0.000ns fall@5.000ns period=10.000ns})
  Path Group:             clk_fpga_0
  Path Type:              Hold (Min at Fast Process Corner)
  Requirement:            0.000ns  (clk_fpga_0 rise@0.000ns - clk_fpga_0 rise@0.000ns)
  Data Path Delay:        0.439ns  (logic 0.270ns (61.458%)  route 0.169ns (38.542%))
  Logic Levels:           1  (CARRY4=1)
  Clock Path Skew:        0.257ns (DCD - SCD - CPR)
    Destination Clock Delay (DCD):    1.180ns
    Source Clock Delay      (SCD):    0.888ns
    Clock Pessimism Removal (CPR):    0.035ns

    Location             Delay type                Incr(ns)  Path(ns)    Netlist Resource(s)
  -------------------------------------------------------------------    -------------------
                         (clock clk_fpga_0 rise edge)
                                                      0.000     0.000 r  
    PS7_X0Y0             PS7                          0.000     0.000 r  design_1_i/processing_system7_0/inst/PS7_i/FCLKCLK[0]
                         net (fo=1, routed)           0.310     0.310    design_1_i/processing_system7_0/inst/FCLK_CLK_unbuffered[0]
    BUFGCTRL_X0Y17       BUFG (Prop_bufg_I_O)         0.026     0.336 r  design_1_i/processing_system7_0/inst/buffer_fclk_clk_0.FCLK_CLK_0_BUFG/O
                         net (fo=12393, routed)       0.552     0.888    design_1_i/HOGv22_0/U0/dut/hog_block_histogram_inst/ACLK
    SLICE_X49Y20         FDRE                                         r  design_1_i/HOGv22_0/U0/dut/hog_block_histogram_inst/r_block_histogram_in_reg[0][8][6]/C
  -------------------------------------------------------------------    -------------------
    SLICE_X49Y20         FDRE (Prop_fdre_C_Q)         0.141     1.029 r  design_1_i/HOGv22_0/U0/dut/hog_block_histogram_inst/r_block_histogram_in_reg[0][8][6]/Q
                         net (fo=4, routed)           0.169     1.198    design_1_i/HOGv22_0/U0/dut/hog_block_histogram_inst/r_block_histogram_in_reg[0][8]_312[6]
    SLICE_X50Y20         CARRY4 (Prop_carry4_DI[2]_O[3])
                                                      0.129     1.327 r  design_1_i/HOGv22_0/U0/dut/hog_block_histogram_inst/GEN1[8].sum1_reg_reg[8][7]_i_1/O[3]
                         net (fo=1, routed)           0.000     1.327    design_1_i/HOGv22_0/U0/dut/hog_block_histogram_inst/sum1_comb[8]_385[7]
    SLICE_X50Y20         FDRE                                         r  design_1_i/HOGv22_0/U0/dut/hog_block_histogram_inst/GEN1[8].sum1_reg_reg[8][7]/D
  -------------------------------------------------------------------    -------------------

                         (clock clk_fpga_0 rise edge)
                                                      0.000     0.000 r  
    PS7_X0Y0             PS7                          0.000     0.000 r  design_1_i/processing_system7_0/inst/PS7_i/FCLKCLK[0]
                         net (fo=1, routed)           0.337     0.337    design_1_i/processing_system7_0/inst/FCLK_CLK_unbuffered[0]
    BUFGCTRL_X0Y17       BUFG (Prop_bufg_I_O)         0.029     0.366 r  design_1_i/processing_system7_0/inst/buffer_fclk_clk_0.FCLK_CLK_0_BUFG/O
                         net (fo=12393, routed)       0.814     1.180    design_1_i/HOGv22_0/U0/dut/hog_block_histogram_inst/ACLK
    SLICE_X50Y20         FDRE                                         r  design_1_i/HOGv22_0/U0/dut/hog_block_histogram_inst/GEN1[8].sum1_reg_reg[8][7]/C
                         clock pessimism             -0.035     1.145    
    SLICE_X50Y20         FDRE (Hold_fdre_C_D)         0.134     1.279    design_1_i/HOGv22_0/U0/dut/hog_block_histogram_inst/GEN1[8].sum1_reg_reg[8][7]
  -------------------------------------------------------------------
                         required time                         -1.279    
                         arrival time                           1.327    
  -------------------------------------------------------------------
                         slack                                  0.048    

Slack (MET) :             0.051ns  (arrival time - required time)
  Source:                 design_1_i/axi_dma_0/U0/I_PRMRY_DATAMOVER/GEN_S2MM_FULL.I_S2MM_FULL_WRAPPER/GEN_INCLUDE_REALIGNER.I_S2MM_REALIGNER/GEN_INCLUDE_SCATTER.I_S2MM_SCATTER/I_TSTRB_FIFO/sig_inhibit_rdy_n_reg/C
                            (rising edge-triggered cell FDRE clocked by clk_fpga_0  {rise@0.000ns fall@5.000ns period=10.000ns})
  Destination:            design_1_i/axi_dma_0/U0/I_PRMRY_DATAMOVER/GEN_S2MM_FULL.I_S2MM_FULL_WRAPPER/GEN_INCLUDE_REALIGNER.I_S2MM_REALIGNER/GEN_INCLUDE_SCATTER.I_S2MM_SCATTER/SLICE_INSERTION/m_valid_i_reg/D
                            (rising edge-triggered cell FDRE clocked by clk_fpga_0  {rise@0.000ns fall@5.000ns period=10.000ns})
  Path Group:             clk_fpga_0
  Path Type:              Hold (Min at Fast Process Corner)
  Requirement:            0.000ns  (clk_fpga_0 rise@0.000ns - clk_fpga_0 rise@0.000ns)
  Data Path Delay:        0.428ns  (logic 0.186ns (43.449%)  route 0.242ns (56.551%))
  Logic Levels:           1  (LUT5=1)
  Clock Path Skew:        0.257ns (DCD - SCD - CPR)
    Destination Clock Delay (DCD):    1.179ns
    Source Clock Delay      (SCD):    0.887ns
    Clock Pessimism Removal (CPR):    0.035ns

    Location             Delay type                Incr(ns)  Path(ns)    Netlist Resource(s)
  -------------------------------------------------------------------    -------------------
                         (clock clk_fpga_0 rise edge)
                                                      0.000     0.000 r  
    PS7_X0Y0             PS7                          0.000     0.000 r  design_1_i/processing_system7_0/inst/PS7_i/FCLKCLK[0]
                         net (fo=1, routed)           0.310     0.310    design_1_i/processing_system7_0/inst/FCLK_CLK_unbuffered[0]
    BUFGCTRL_X0Y17       BUFG (Prop_bufg_I_O)         0.026     0.336 r  design_1_i/processing_system7_0/inst/buffer_fclk_clk_0.FCLK_CLK_0_BUFG/O
                         net (fo=12393, routed)       0.551     0.887    design_1_i/axi_dma_0/U0/I_PRMRY_DATAMOVER/GEN_S2MM_FULL.I_S2MM_FULL_WRAPPER/GEN_INCLUDE_REALIGNER.I_S2MM_REALIGNER/GEN_INCLUDE_SCATTER.I_S2MM_SCATTER/I_TSTRB_FIFO/m_axi_s2mm_aclk
    SLICE_X45Y66         FDRE                                         r  design_1_i/axi_dma_0/U0/I_PRMRY_DATAMOVER/GEN_S2MM_FULL.I_S2MM_FULL_WRAPPER/GEN_INCLUDE_REALIGNER.I_S2MM_REALIGNER/GEN_INCLUDE_SCATTER.I_S2MM_SCATTER/I_TSTRB_FIFO/sig_inhibit_rdy_n_reg/C
  -------------------------------------------------------------------    -------------------
    SLICE_X45Y66         FDRE (Prop_fdre_C_Q)         0.141     1.028 f  design_1_i/axi_dma_0/U0/I_PRMRY_DATAMOVER/GEN_S2MM_FULL.I_S2MM_FULL_WRAPPER/GEN_INCLUDE_REALIGNER.I_S2MM_REALIGNER/GEN_INCLUDE_SCATTER.I_S2MM_SCATTER/I_TSTRB_FIFO/sig_inhibit_rdy_n_reg/Q
                         net (fo=9, routed)           0.242     1.270    design_1_i/axi_dma_0/U0/I_PRMRY_DATAMOVER/GEN_S2MM_FULL.I_S2MM_FULL_WRAPPER/GEN_INCLUDE_REALIGNER.I_S2MM_REALIGNER/GEN_INCLUDE_SCATTER.I_S2MM_SCATTER/SLICE_INSERTION/sig_inhibit_rdy_n
    SLICE_X50Y66         LUT5 (Prop_lut5_I2_O)        0.045     1.315 r  design_1_i/axi_dma_0/U0/I_PRMRY_DATAMOVER/GEN_S2MM_FULL.I_S2MM_FULL_WRAPPER/GEN_INCLUDE_REALIGNER.I_S2MM_REALIGNER/GEN_INCLUDE_SCATTER.I_S2MM_SCATTER/SLICE_INSERTION/m_valid_i_i_1/O
                         net (fo=1, routed)           0.000     1.315    design_1_i/axi_dma_0/U0/I_PRMRY_DATAMOVER/GEN_S2MM_FULL.I_S2MM_FULL_WRAPPER/GEN_INCLUDE_REALIGNER.I_S2MM_REALIGNER/GEN_INCLUDE_SCATTER.I_S2MM_SCATTER/SLICE_INSERTION/m_valid_i_i_1_n_0
    SLICE_X50Y66         FDRE                                         r  design_1_i/axi_dma_0/U0/I_PRMRY_DATAMOVER/GEN_S2MM_FULL.I_S2MM_FULL_WRAPPER/GEN_INCLUDE_REALIGNER.I_S2MM_REALIGNER/GEN_INCLUDE_SCATTER.I_S2MM_SCATTER/SLICE_INSERTION/m_valid_i_reg/D
  -------------------------------------------------------------------    -------------------

                         (clock clk_fpga_0 rise edge)
                                                      0.000     0.000 r  
    PS7_X0Y0             PS7                          0.000     0.000 r  design_1_i/processing_system7_0/inst/PS7_i/FCLKCLK[0]
                         net (fo=1, routed)           0.337     0.337    design_1_i/processing_system7_0/inst/FCLK_CLK_unbuffered[0]
    BUFGCTRL_X0Y17       BUFG (Prop_bufg_I_O)         0.029     0.366 r  design_1_i/processing_system7_0/inst/buffer_fclk_clk_0.FCLK_CLK_0_BUFG/O
                         net (fo=12393, routed)       0.813     1.179    design_1_i/axi_dma_0/U0/I_PRMRY_DATAMOVER/GEN_S2MM_FULL.I_S2MM_FULL_WRAPPER/GEN_INCLUDE_REALIGNER.I_S2MM_REALIGNER/GEN_INCLUDE_SCATTER.I_S2MM_SCATTER/SLICE_INSERTION/m_axi_s2mm_aclk
    SLICE_X50Y66         FDRE                                         r  design_1_i/axi_dma_0/U0/I_PRMRY_DATAMOVER/GEN_S2MM_FULL.I_S2MM_FULL_WRAPPER/GEN_INCLUDE_REALIGNER.I_S2MM_REALIGNER/GEN_INCLUDE_SCATTER.I_S2MM_SCATTER/SLICE_INSERTION/m_valid_i_reg/C
                         clock pessimism             -0.035     1.144    
    SLICE_X50Y66         FDRE (Hold_fdre_C_D)         0.120     1.264    design_1_i/axi_dma_0/U0/I_PRMRY_DATAMOVER/GEN_S2MM_FULL.I_S2MM_FULL_WRAPPER/GEN_INCLUDE_REALIGNER.I_S2MM_REALIGNER/GEN_INCLUDE_SCATTER.I_S2MM_SCATTER/SLICE_INSERTION/m_valid_i_reg
  -------------------------------------------------------------------
                         required time                         -1.264    
                         arrival time                           1.315    
  -------------------------------------------------------------------
                         slack                                  0.051    

Slack (MET) :             0.053ns  (arrival time - required time)
  Source:                 design_1_i/ila_0/U0/ila_core_inst/shifted_data_in_reg[0][90]/C
                            (rising edge-triggered cell FDRE clocked by clk_fpga_0  {rise@0.000ns fall@5.000ns period=10.000ns})
  Destination:            design_1_i/ila_0/U0/ila_core_inst/shifted_data_in_reg[7][90]_srl7/D
                            (rising edge-triggered cell SRL16E clocked by clk_fpga_0  {rise@0.000ns fall@5.000ns period=10.000ns})
  Path Group:             clk_fpga_0
  Path Type:              Hold (Min at Fast Process Corner)
  Requirement:            0.000ns  (clk_fpga_0 rise@0.000ns - clk_fpga_0 rise@0.000ns)
  Data Path Delay:        0.251ns  (logic 0.141ns (56.174%)  route 0.110ns (43.826%))
  Logic Levels:           0  
  Clock Path Skew:        0.015ns (DCD - SCD - CPR)
    Destination Clock Delay (DCD):    1.222ns
    Source Clock Delay      (SCD):    0.924ns
    Clock Pessimism Removal (CPR):    0.283ns

    Location             Delay type                Incr(ns)  Path(ns)    Netlist Resource(s)
  -------------------------------------------------------------------    -------------------
                         (clock clk_fpga_0 rise edge)
                                                      0.000     0.000 r  
    PS7_X0Y0             PS7                          0.000     0.000 r  design_1_i/processing_system7_0/inst/PS7_i/FCLKCLK[0]
                         net (fo=1, routed)           0.310     0.310    design_1_i/processing_system7_0/inst/FCLK_CLK_unbuffered[0]
    BUFGCTRL_X0Y17       BUFG (Prop_bufg_I_O)         0.026     0.336 r  design_1_i/processing_system7_0/inst/buffer_fclk_clk_0.FCLK_CLK_0_BUFG/O
                         net (fo=12393, routed)       0.588     0.924    design_1_i/ila_0/U0/ila_core_inst/DESIGN_CLK_I
    SLICE_X21Y18         FDRE                                         r  design_1_i/ila_0/U0/ila_core_inst/shifted_data_in_reg[0][90]/C
  -------------------------------------------------------------------    -------------------
    SLICE_X21Y18         FDRE (Prop_fdre_C_Q)         0.141     1.065 r  design_1_i/ila_0/U0/ila_core_inst/shifted_data_in_reg[0][90]/Q
                         net (fo=1, routed)           0.110     1.175    design_1_i/ila_0/U0/ila_core_inst/shifted_data_in_reg_n_0_[0][90]
    SLICE_X20Y17         SRL16E                                       r  design_1_i/ila_0/U0/ila_core_inst/shifted_data_in_reg[7][90]_srl7/D
  -------------------------------------------------------------------    -------------------

                         (clock clk_fpga_0 rise edge)
                                                      0.000     0.000 r  
    PS7_X0Y0             PS7                          0.000     0.000 r  design_1_i/processing_system7_0/inst/PS7_i/FCLKCLK[0]
                         net (fo=1, routed)           0.337     0.337    design_1_i/processing_system7_0/inst/FCLK_CLK_unbuffered[0]
    BUFGCTRL_X0Y17       BUFG (Prop_bufg_I_O)         0.029     0.366 r  design_1_i/processing_system7_0/inst/buffer_fclk_clk_0.FCLK_CLK_0_BUFG/O
                         net (fo=12393, routed)       0.856     1.222    design_1_i/ila_0/U0/ila_core_inst/DESIGN_CLK_I
    SLICE_X20Y17         SRL16E                                       r  design_1_i/ila_0/U0/ila_core_inst/shifted_data_in_reg[7][90]_srl7/CLK
                         clock pessimism             -0.283     0.939    
    SLICE_X20Y17         SRL16E (Hold_srl16e_CLK_D)
                                                      0.183     1.122    design_1_i/ila_0/U0/ila_core_inst/shifted_data_in_reg[7][90]_srl7
  -------------------------------------------------------------------
                         required time                         -1.122    
                         arrival time                           1.175    
  -------------------------------------------------------------------
                         slack                                  0.053    

Slack (MET) :             0.055ns  (arrival time - required time)
  Source:                 design_1_i/HOGv22_0/U0/dut/reg_hist_1_reg[0][0]/C
                            (rising edge-triggered cell FDRE clocked by clk_fpga_0  {rise@0.000ns fall@5.000ns period=10.000ns})
  Destination:            design_1_i/HOGv22_0/U0/dut/s_hist_bloque_reg[1][0][0]/D
                            (rising edge-triggered cell FDRE clocked by clk_fpga_0  {rise@0.000ns fall@5.000ns period=10.000ns})
  Path Group:             clk_fpga_0
  Path Type:              Hold (Min at Fast Process Corner)
  Requirement:            0.000ns  (clk_fpga_0 rise@0.000ns - clk_fpga_0 rise@0.000ns)
  Data Path Delay:        0.367ns  (logic 0.164ns (44.707%)  route 0.203ns (55.293%))
  Logic Levels:           0  
  Clock Path Skew:        0.264ns (DCD - SCD - CPR)
    Destination Clock Delay (DCD):    1.189ns
    Source Clock Delay      (SCD):    0.890ns
    Clock Pessimism Removal (CPR):    0.035ns

    Location             Delay type                Incr(ns)  Path(ns)    Netlist Resource(s)
  -------------------------------------------------------------------    -------------------
                         (clock clk_fpga_0 rise edge)
                                                      0.000     0.000 r  
    PS7_X0Y0             PS7                          0.000     0.000 r  design_1_i/processing_system7_0/inst/PS7_i/FCLKCLK[0]
                         net (fo=1, routed)           0.310     0.310    design_1_i/processing_system7_0/inst/FCLK_CLK_unbuffered[0]
    BUFGCTRL_X0Y17       BUFG (Prop_bufg_I_O)         0.026     0.336 r  design_1_i/processing_system7_0/inst/buffer_fclk_clk_0.FCLK_CLK_0_BUFG/O
                         net (fo=12393, routed)       0.554     0.890    design_1_i/HOGv22_0/U0/dut/ACLK
    SLICE_X50Y15         FDRE                                         r  design_1_i/HOGv22_0/U0/dut/reg_hist_1_reg[0][0]/C
  -------------------------------------------------------------------    -------------------
    SLICE_X50Y15         FDRE (Prop_fdre_C_Q)         0.164     1.054 r  design_1_i/HOGv22_0/U0/dut/reg_hist_1_reg[0][0]/Q
                         net (fo=1, routed)           0.203     1.256    design_1_i/HOGv22_0/U0/dut/reg_hist_1_reg[0]_405[0]
    SLICE_X49Y15         FDRE                                         r  design_1_i/HOGv22_0/U0/dut/s_hist_bloque_reg[1][0][0]/D
  -------------------------------------------------------------------    -------------------

                         (clock clk_fpga_0 rise edge)
                                                      0.000     0.000 r  
    PS7_X0Y0             PS7                          0.000     0.000 r  design_1_i/processing_system7_0/inst/PS7_i/FCLKCLK[0]
                         net (fo=1, routed)           0.337     0.337    design_1_i/processing_system7_0/inst/FCLK_CLK_unbuffered[0]
    BUFGCTRL_X0Y17       BUFG (Prop_bufg_I_O)         0.029     0.366 r  design_1_i/processing_system7_0/inst/buffer_fclk_clk_0.FCLK_CLK_0_BUFG/O
                         net (fo=12393, routed)       0.823     1.189    design_1_i/HOGv22_0/U0/dut/ACLK
    SLICE_X49Y15         FDRE                                         r  design_1_i/HOGv22_0/U0/dut/s_hist_bloque_reg[1][0][0]/C
                         clock pessimism             -0.035     1.154    
    SLICE_X49Y15         FDRE (Hold_fdre_C_D)         0.047     1.201    design_1_i/HOGv22_0/U0/dut/s_hist_bloque_reg[1][0][0]
  -------------------------------------------------------------------
                         required time                         -1.201    
                         arrival time                           1.256    
  -------------------------------------------------------------------
                         slack                                  0.055    

Slack (MET) :             0.057ns  (arrival time - required time)
  Source:                 design_1_i/ila_0/U0/ila_core_inst/shifted_data_in_reg[0][114]/C
                            (rising edge-triggered cell FDRE clocked by clk_fpga_0  {rise@0.000ns fall@5.000ns period=10.000ns})
  Destination:            design_1_i/ila_0/U0/ila_core_inst/shifted_data_in_reg[7][114]_srl7/D
                            (rising edge-triggered cell SRL16E clocked by clk_fpga_0  {rise@0.000ns fall@5.000ns period=10.000ns})
  Path Group:             clk_fpga_0
  Path Type:              Hold (Min at Fast Process Corner)
  Requirement:            0.000ns  (clk_fpga_0 rise@0.000ns - clk_fpga_0 rise@0.000ns)
  Data Path Delay:        0.253ns  (logic 0.141ns (55.730%)  route 0.112ns (44.270%))
  Logic Levels:           0  
  Clock Path Skew:        0.013ns (DCD - SCD - CPR)
    Destination Clock Delay (DCD):    1.240ns
    Source Clock Delay      (SCD):    0.944ns
    Clock Pessimism Removal (CPR):    0.284ns

    Location             Delay type                Incr(ns)  Path(ns)    Netlist Resource(s)
  -------------------------------------------------------------------    -------------------
                         (clock clk_fpga_0 rise edge)
                                                      0.000     0.000 r  
    PS7_X0Y0             PS7                          0.000     0.000 r  design_1_i/processing_system7_0/inst/PS7_i/FCLKCLK[0]
                         net (fo=1, routed)           0.310     0.310    design_1_i/processing_system7_0/inst/FCLK_CLK_unbuffered[0]
    BUFGCTRL_X0Y17       BUFG (Prop_bufg_I_O)         0.026     0.336 r  design_1_i/processing_system7_0/inst/buffer_fclk_clk_0.FCLK_CLK_0_BUFG/O
                         net (fo=12393, routed)       0.608     0.944    design_1_i/ila_0/U0/ila_core_inst/DESIGN_CLK_I
    SLICE_X99Y17         FDRE                                         r  design_1_i/ila_0/U0/ila_core_inst/shifted_data_in_reg[0][114]/C
  -------------------------------------------------------------------    -------------------
    SLICE_X99Y17         FDRE (Prop_fdre_C_Q)         0.141     1.085 r  design_1_i/ila_0/U0/ila_core_inst/shifted_data_in_reg[0][114]/Q
                         net (fo=1, routed)           0.112     1.197    design_1_i/ila_0/U0/ila_core_inst/shifted_data_in_reg_n_0_[0][114]
    SLICE_X98Y18         SRL16E                                       r  design_1_i/ila_0/U0/ila_core_inst/shifted_data_in_reg[7][114]_srl7/D
  -------------------------------------------------------------------    -------------------

                         (clock clk_fpga_0 rise edge)
                                                      0.000     0.000 r  
    PS7_X0Y0             PS7                          0.000     0.000 r  design_1_i/processing_system7_0/inst/PS7_i/FCLKCLK[0]
                         net (fo=1, routed)           0.337     0.337    design_1_i/processing_system7_0/inst/FCLK_CLK_unbuffered[0]
    BUFGCTRL_X0Y17       BUFG (Prop_bufg_I_O)         0.029     0.366 r  design_1_i/processing_system7_0/inst/buffer_fclk_clk_0.FCLK_CLK_0_BUFG/O
                         net (fo=12393, routed)       0.874     1.240    design_1_i/ila_0/U0/ila_core_inst/DESIGN_CLK_I
    SLICE_X98Y18         SRL16E                                       r  design_1_i/ila_0/U0/ila_core_inst/shifted_data_in_reg[7][114]_srl7/CLK
                         clock pessimism             -0.284     0.956    
    SLICE_X98Y18         SRL16E (Hold_srl16e_CLK_D)
                                                      0.183     1.140    design_1_i/ila_0/U0/ila_core_inst/shifted_data_in_reg[7][114]_srl7
  -------------------------------------------------------------------
                         required time                         -1.140    
                         arrival time                           1.197    
  -------------------------------------------------------------------
                         slack                                  0.057    

Slack (MET) :             0.058ns  (arrival time - required time)
  Source:                 design_1_i/HOGv22_0/U0/dut/hog_block_histogram_inst/r_block_histogram_in_reg[0][8][10]/C
                            (rising edge-triggered cell FDRE clocked by clk_fpga_0  {rise@0.000ns fall@5.000ns period=10.000ns})
  Destination:            design_1_i/HOGv22_0/U0/dut/hog_block_histogram_inst/GEN1[8].sum1_reg_reg[8][11]/D
                            (rising edge-triggered cell FDRE clocked by clk_fpga_0  {rise@0.000ns fall@5.000ns period=10.000ns})
  Path Group:             clk_fpga_0
  Path Type:              Hold (Min at Fast Process Corner)
  Requirement:            0.000ns  (clk_fpga_0 rise@0.000ns - clk_fpga_0 rise@0.000ns)
  Data Path Delay:        0.450ns  (logic 0.270ns (60.016%)  route 0.180ns (39.984%))
  Logic Levels:           1  (CARRY4=1)
  Clock Path Skew:        0.257ns (DCD - SCD - CPR)
    Destination Clock Delay (DCD):    1.179ns
    Source Clock Delay      (SCD):    0.887ns
    Clock Pessimism Removal (CPR):    0.035ns

    Location             Delay type                Incr(ns)  Path(ns)    Netlist Resource(s)
  -------------------------------------------------------------------    -------------------
                         (clock clk_fpga_0 rise edge)
                                                      0.000     0.000 r  
    PS7_X0Y0             PS7                          0.000     0.000 r  design_1_i/processing_system7_0/inst/PS7_i/FCLKCLK[0]
                         net (fo=1, routed)           0.310     0.310    design_1_i/processing_system7_0/inst/FCLK_CLK_unbuffered[0]
    BUFGCTRL_X0Y17       BUFG (Prop_bufg_I_O)         0.026     0.336 r  design_1_i/processing_system7_0/inst/buffer_fclk_clk_0.FCLK_CLK_0_BUFG/O
                         net (fo=12393, routed)       0.551     0.887    design_1_i/HOGv22_0/U0/dut/hog_block_histogram_inst/ACLK
    SLICE_X48Y21         FDRE                                         r  design_1_i/HOGv22_0/U0/dut/hog_block_histogram_inst/r_block_histogram_in_reg[0][8][10]/C
  -------------------------------------------------------------------    -------------------
    SLICE_X48Y21         FDRE (Prop_fdre_C_Q)         0.141     1.028 r  design_1_i/HOGv22_0/U0/dut/hog_block_histogram_inst/r_block_histogram_in_reg[0][8][10]/Q
                         net (fo=4, routed)           0.180     1.207    design_1_i/HOGv22_0/U0/dut/hog_block_histogram_inst/r_block_histogram_in_reg[0][8]_312[10]
    SLICE_X50Y21         CARRY4 (Prop_carry4_DI[2]_O[3])
                                                      0.129     1.336 r  design_1_i/HOGv22_0/U0/dut/hog_block_histogram_inst/GEN1[8].sum1_reg_reg[8][11]_i_1/O[3]
                         net (fo=1, routed)           0.000     1.336    design_1_i/HOGv22_0/U0/dut/hog_block_histogram_inst/sum1_comb[8]_385[11]
    SLICE_X50Y21         FDRE                                         r  design_1_i/HOGv22_0/U0/dut/hog_block_histogram_inst/GEN1[8].sum1_reg_reg[8][11]/D
  -------------------------------------------------------------------    -------------------

                         (clock clk_fpga_0 rise edge)
                                                      0.000     0.000 r  
    PS7_X0Y0             PS7                          0.000     0.000 r  design_1_i/processing_system7_0/inst/PS7_i/FCLKCLK[0]
                         net (fo=1, routed)           0.337     0.337    design_1_i/processing_system7_0/inst/FCLK_CLK_unbuffered[0]
    BUFGCTRL_X0Y17       BUFG (Prop_bufg_I_O)         0.029     0.366 r  design_1_i/processing_system7_0/inst/buffer_fclk_clk_0.FCLK_CLK_0_BUFG/O
                         net (fo=12393, routed)       0.813     1.179    design_1_i/HOGv22_0/U0/dut/hog_block_histogram_inst/ACLK
    SLICE_X50Y21         FDRE                                         r  design_1_i/HOGv22_0/U0/dut/hog_block_histogram_inst/GEN1[8].sum1_reg_reg[8][11]/C
                         clock pessimism             -0.035     1.144    
    SLICE_X50Y21         FDRE (Hold_fdre_C_D)         0.134     1.278    design_1_i/HOGv22_0/U0/dut/hog_block_histogram_inst/GEN1[8].sum1_reg_reg[8][11]
  -------------------------------------------------------------------
                         required time                         -1.278    
                         arrival time                           1.336    
  -------------------------------------------------------------------
                         slack                                  0.058    

Slack (MET) :             0.059ns  (arrival time - required time)
  Source:                 design_1_i/HOGv22_0/U0/dut/hog_block_histogram_inst/GEN1[8].sum1_reg_reg[8][5]/C
                            (rising edge-triggered cell FDRE clocked by clk_fpga_0  {rise@0.000ns fall@5.000ns period=10.000ns})
  Destination:            design_1_i/HOGv22_0/U0/dut/hog_block_histogram_inst/GEN2[4].sum2_reg_reg[4][5]/D
                            (rising edge-triggered cell FDRE clocked by clk_fpga_0  {rise@0.000ns fall@5.000ns period=10.000ns})
  Path Group:             clk_fpga_0
  Path Type:              Hold (Min at Fast Process Corner)
  Requirement:            0.000ns  (clk_fpga_0 rise@0.000ns - clk_fpga_0 rise@0.000ns)
  Data Path Delay:        0.457ns  (logic 0.275ns (60.165%)  route 0.182ns (39.835%))
  Logic Levels:           2  (CARRY4=1 LUT2=1)
  Clock Path Skew:        0.264ns (DCD - SCD - CPR)
    Destination Clock Delay (DCD):    1.184ns
    Source Clock Delay      (SCD):    0.885ns
    Clock Pessimism Removal (CPR):    0.035ns

    Location             Delay type                Incr(ns)  Path(ns)    Netlist Resource(s)
  -------------------------------------------------------------------    -------------------
                         (clock clk_fpga_0 rise edge)
                                                      0.000     0.000 r  
    PS7_X0Y0             PS7                          0.000     0.000 r  design_1_i/processing_system7_0/inst/PS7_i/FCLKCLK[0]
                         net (fo=1, routed)           0.310     0.310    design_1_i/processing_system7_0/inst/FCLK_CLK_unbuffered[0]
    BUFGCTRL_X0Y17       BUFG (Prop_bufg_I_O)         0.026     0.336 r  design_1_i/processing_system7_0/inst/buffer_fclk_clk_0.FCLK_CLK_0_BUFG/O
                         net (fo=12393, routed)       0.549     0.885    design_1_i/HOGv22_0/U0/dut/hog_block_histogram_inst/ACLK
    SLICE_X50Y20         FDRE                                         r  design_1_i/HOGv22_0/U0/dut/hog_block_histogram_inst/GEN1[8].sum1_reg_reg[8][5]/C
  -------------------------------------------------------------------    -------------------
    SLICE_X50Y20         FDRE (Prop_fdre_C_Q)         0.164     1.049 r  design_1_i/HOGv22_0/U0/dut/hog_block_histogram_inst/GEN1[8].sum1_reg_reg[8][5]/Q
                         net (fo=2, routed)           0.182     1.231    design_1_i/HOGv22_0/U0/dut/hog_block_histogram_inst/GEN1[8].sum1_reg_reg[8]_348[5]
    SLICE_X46Y20         LUT2 (Prop_lut2_I0_O)        0.045     1.276 r  design_1_i/HOGv22_0/U0/dut/hog_block_histogram_inst/GEN2[4].sum2_reg[4][7]_i_4/O
                         net (fo=1, routed)           0.000     1.276    design_1_i/HOGv22_0/U0/dut/hog_block_histogram_inst/GEN2[4].sum2_reg[4][7]_i_4_n_0
    SLICE_X46Y20         CARRY4 (Prop_carry4_S[1]_O[1])
                                                      0.066     1.342 r  design_1_i/HOGv22_0/U0/dut/hog_block_histogram_inst/GEN2[4].sum2_reg_reg[4][7]_i_1/O[1]
                         net (fo=1, routed)           0.000     1.342    design_1_i/HOGv22_0/U0/dut/hog_block_histogram_inst/sum2_comb[4]_349[5]
    SLICE_X46Y20         FDRE                                         r  design_1_i/HOGv22_0/U0/dut/hog_block_histogram_inst/GEN2[4].sum2_reg_reg[4][5]/D
  -------------------------------------------------------------------    -------------------

                         (clock clk_fpga_0 rise edge)
                                                      0.000     0.000 r  
    PS7_X0Y0             PS7                          0.000     0.000 r  design_1_i/processing_system7_0/inst/PS7_i/FCLKCLK[0]
                         net (fo=1, routed)           0.337     0.337    design_1_i/processing_system7_0/inst/FCLK_CLK_unbuffered[0]
    BUFGCTRL_X0Y17       BUFG (Prop_bufg_I_O)         0.029     0.366 r  design_1_i/processing_system7_0/inst/buffer_fclk_clk_0.FCLK_CLK_0_BUFG/O
                         net (fo=12393, routed)       0.818     1.184    design_1_i/HOGv22_0/U0/dut/hog_block_histogram_inst/ACLK
    SLICE_X46Y20         FDRE                                         r  design_1_i/HOGv22_0/U0/dut/hog_block_histogram_inst/GEN2[4].sum2_reg_reg[4][5]/C
                         clock pessimism             -0.035     1.149    
    SLICE_X46Y20         FDRE (Hold_fdre_C_D)         0.134     1.283    design_1_i/HOGv22_0/U0/dut/hog_block_histogram_inst/GEN2[4].sum2_reg_reg[4][5]
  -------------------------------------------------------------------
                         required time                         -1.283    
                         arrival time                           1.342    
  -------------------------------------------------------------------
                         slack                                  0.059    

Slack (MET) :             0.059ns  (arrival time - required time)
  Source:                 design_1_i/HOGv22_0/U0/dut/s_hist_bloque_reg[2][8][6]/C
                            (rising edge-triggered cell FDRE clocked by clk_fpga_0  {rise@0.000ns fall@5.000ns period=10.000ns})
  Destination:            design_1_i/HOGv22_0/U0/dut/hog_block_histogram_inst/r_block_histogram_in_reg[2][8][6]/D
                            (rising edge-triggered cell FDRE clocked by clk_fpga_0  {rise@0.000ns fall@5.000ns period=10.000ns})
  Path Group:             clk_fpga_0
  Path Type:              Hold (Min at Fast Process Corner)
  Requirement:            0.000ns  (clk_fpga_0 rise@0.000ns - clk_fpga_0 rise@0.000ns)
  Data Path Delay:        0.325ns  (logic 0.128ns (39.408%)  route 0.197ns (60.592%))
  Logic Levels:           0  
  Clock Path Skew:        0.252ns (DCD - SCD - CPR)
    Destination Clock Delay (DCD):    1.180ns
    Source Clock Delay      (SCD):    0.893ns
    Clock Pessimism Removal (CPR):    0.035ns

    Location             Delay type                Incr(ns)  Path(ns)    Netlist Resource(s)
  -------------------------------------------------------------------    -------------------
                         (clock clk_fpga_0 rise edge)
                                                      0.000     0.000 r  
    PS7_X0Y0             PS7                          0.000     0.000 r  design_1_i/processing_system7_0/inst/PS7_i/FCLKCLK[0]
                         net (fo=1, routed)           0.310     0.310    design_1_i/processing_system7_0/inst/FCLK_CLK_unbuffered[0]
    BUFGCTRL_X0Y17       BUFG (Prop_bufg_I_O)         0.026     0.336 r  design_1_i/processing_system7_0/inst/buffer_fclk_clk_0.FCLK_CLK_0_BUFG/O
                         net (fo=12393, routed)       0.557     0.893    design_1_i/HOGv22_0/U0/dut/ACLK
    SLICE_X49Y15         FDRE                                         r  design_1_i/HOGv22_0/U0/dut/s_hist_bloque_reg[2][8][6]/C
  -------------------------------------------------------------------    -------------------
    SLICE_X49Y15         FDRE (Prop_fdre_C_Q)         0.128     1.021 r  design_1_i/HOGv22_0/U0/dut/s_hist_bloque_reg[2][8][6]/Q
                         net (fo=1, routed)           0.197     1.217    design_1_i/HOGv22_0/U0/dut/hog_block_histogram_inst/r_block_histogram_in_reg[2][8][20]_0[6]
    SLICE_X51Y20         FDRE                                         r  design_1_i/HOGv22_0/U0/dut/hog_block_histogram_inst/r_block_histogram_in_reg[2][8][6]/D
  -------------------------------------------------------------------    -------------------

                         (clock clk_fpga_0 rise edge)
                                                      0.000     0.000 r  
    PS7_X0Y0             PS7                          0.000     0.000 r  design_1_i/processing_system7_0/inst/PS7_i/FCLKCLK[0]
                         net (fo=1, routed)           0.337     0.337    design_1_i/processing_system7_0/inst/FCLK_CLK_unbuffered[0]
    BUFGCTRL_X0Y17       BUFG (Prop_bufg_I_O)         0.029     0.366 r  design_1_i/processing_system7_0/inst/buffer_fclk_clk_0.FCLK_CLK_0_BUFG/O
                         net (fo=12393, routed)       0.814     1.180    design_1_i/HOGv22_0/U0/dut/hog_block_histogram_inst/ACLK
    SLICE_X51Y20         FDRE                                         r  design_1_i/HOGv22_0/U0/dut/hog_block_histogram_inst/r_block_histogram_in_reg[2][8][6]/C
                         clock pessimism             -0.035     1.145    
    SLICE_X51Y20         FDRE (Hold_fdre_C_D)         0.013     1.158    design_1_i/HOGv22_0/U0/dut/hog_block_histogram_inst/r_block_histogram_in_reg[2][8][6]
  -------------------------------------------------------------------
                         required time                         -1.158    
                         arrival time                           1.217    
  -------------------------------------------------------------------
                         slack                                  0.059    

Slack (MET) :             0.060ns  (arrival time - required time)
  Source:                 design_1_i/HOGv22_0/U0/dut/hog_block_histogram_inst/GEN1[8].sum1_reg_reg[8][21]/C
                            (rising edge-triggered cell FDRE clocked by clk_fpga_0  {rise@0.000ns fall@5.000ns period=10.000ns})
  Destination:            design_1_i/HOGv22_0/U0/dut/hog_block_histogram_inst/GEN2[4].sum2_reg_reg[4][21]/D
                            (rising edge-triggered cell FDRE clocked by clk_fpga_0  {rise@0.000ns fall@5.000ns period=10.000ns})
  Path Group:             clk_fpga_0
  Path Type:              Hold (Min at Fast Process Corner)
  Requirement:            0.000ns  (clk_fpga_0 rise@0.000ns - clk_fpga_0 rise@0.000ns)
  Data Path Delay:        0.457ns  (logic 0.275ns (60.165%)  route 0.182ns (39.835%))
  Logic Levels:           2  (CARRY4=1 LUT2=1)
  Clock Path Skew:        0.263ns (DCD - SCD - CPR)
    Destination Clock Delay (DCD):    1.179ns
    Source Clock Delay      (SCD):    0.881ns
    Clock Pessimism Removal (CPR):    0.035ns

    Location             Delay type                Incr(ns)  Path(ns)    Netlist Resource(s)
  -------------------------------------------------------------------    -------------------
                         (clock clk_fpga_0 rise edge)
                                                      0.000     0.000 r  
    PS7_X0Y0             PS7                          0.000     0.000 r  design_1_i/processing_system7_0/inst/PS7_i/FCLKCLK[0]
                         net (fo=1, routed)           0.310     0.310    design_1_i/processing_system7_0/inst/FCLK_CLK_unbuffered[0]
    BUFGCTRL_X0Y17       BUFG (Prop_bufg_I_O)         0.026     0.336 r  design_1_i/processing_system7_0/inst/buffer_fclk_clk_0.FCLK_CLK_0_BUFG/O
                         net (fo=12393, routed)       0.545     0.881    design_1_i/HOGv22_0/U0/dut/hog_block_histogram_inst/ACLK
    SLICE_X50Y24         FDRE                                         r  design_1_i/HOGv22_0/U0/dut/hog_block_histogram_inst/GEN1[8].sum1_reg_reg[8][21]/C
  -------------------------------------------------------------------    -------------------
    SLICE_X50Y24         FDRE (Prop_fdre_C_Q)         0.164     1.044 r  design_1_i/HOGv22_0/U0/dut/hog_block_histogram_inst/GEN1[8].sum1_reg_reg[8][21]/Q
                         net (fo=2, routed)           0.182     1.227    design_1_i/HOGv22_0/U0/dut/hog_block_histogram_inst/GEN1[8].sum1_reg_reg[8]_348[21]
    SLICE_X46Y24         LUT2 (Prop_lut2_I0_O)        0.045     1.272 r  design_1_i/HOGv22_0/U0/dut/hog_block_histogram_inst/GEN2[4].sum2_reg[4][22]_i_2/O
                         net (fo=1, routed)           0.000     1.272    design_1_i/HOGv22_0/U0/dut/hog_block_histogram_inst/GEN2[4].sum2_reg[4][22]_i_2_n_0
    SLICE_X46Y24         CARRY4 (Prop_carry4_S[1]_O[1])
                                                      0.066     1.338 r  design_1_i/HOGv22_0/U0/dut/hog_block_histogram_inst/GEN2[4].sum2_reg_reg[4][22]_i_1/O[1]
                         net (fo=1, routed)           0.000     1.338    design_1_i/HOGv22_0/U0/dut/hog_block_histogram_inst/sum2_comb[4]_349[21]
    SLICE_X46Y24         FDRE                                         r  design_1_i/HOGv22_0/U0/dut/hog_block_histogram_inst/GEN2[4].sum2_reg_reg[4][21]/D
  -------------------------------------------------------------------    -------------------

                         (clock clk_fpga_0 rise edge)
                                                      0.000     0.000 r  
    PS7_X0Y0             PS7                          0.000     0.000 r  design_1_i/processing_system7_0/inst/PS7_i/FCLKCLK[0]
                         net (fo=1, routed)           0.337     0.337    design_1_i/processing_system7_0/inst/FCLK_CLK_unbuffered[0]
    BUFGCTRL_X0Y17       BUFG (Prop_bufg_I_O)         0.029     0.366 r  design_1_i/processing_system7_0/inst/buffer_fclk_clk_0.FCLK_CLK_0_BUFG/O
                         net (fo=12393, routed)       0.813     1.179    design_1_i/HOGv22_0/U0/dut/hog_block_histogram_inst/ACLK
    SLICE_X46Y24         FDRE                                         r  design_1_i/HOGv22_0/U0/dut/hog_block_histogram_inst/GEN2[4].sum2_reg_reg[4][21]/C
                         clock pessimism             -0.035     1.144    
    SLICE_X46Y24         FDRE (Hold_fdre_C_D)         0.134     1.278    design_1_i/HOGv22_0/U0/dut/hog_block_histogram_inst/GEN2[4].sum2_reg_reg[4][21]
  -------------------------------------------------------------------
                         required time                         -1.278    
                         arrival time                           1.338    
  -------------------------------------------------------------------
                         slack                                  0.060    





Pulse Width Checks
--------------------------------------------------------------------------------------
Clock Name:         clk_fpga_0
Waveform(ns):       { 0.000 5.000 }
Period(ns):         10.000
Sources:            { design_1_i/processing_system7_0/inst/PS7_i/FCLKCLK[0] }

Check Type        Corner  Lib Pin             Reference Pin  Required(ns)  Actual(ns)  Slack(ns)  Location     Pin
Min Period        n/a     RAMB36E1/CLKARDCLK  n/a            2.944         10.000      7.056      RAMB36_X5Y8  design_1_i/ila_0/U0/ila_core_inst/ila_trace_memory_inst/SUBCORE_RAM_BLK_MEM_1.trace_block_memory/inst_blk_mem_gen/gnbram.gnativebmg.native_blk_mem_gen/valid.cstr/ramloop[0].ram.r/prim_noinit.ram/DEVICE_7SERIES.NO_BMM_INFO.SDP.SIMPLE_PRIM36.ram/CLKARDCLK
Min Period        n/a     RAMB36E1/CLKBWRCLK  n/a            2.944         10.000      7.056      RAMB36_X5Y8  design_1_i/ila_0/U0/ila_core_inst/ila_trace_memory_inst/SUBCORE_RAM_BLK_MEM_1.trace_block_memory/inst_blk_mem_gen/gnbram.gnativebmg.native_blk_mem_gen/valid.cstr/ramloop[0].ram.r/prim_noinit.ram/DEVICE_7SERIES.NO_BMM_INFO.SDP.SIMPLE_PRIM36.ram/CLKBWRCLK
Min Period        n/a     RAMB36E1/CLKARDCLK  n/a            2.944         10.000      7.056      RAMB36_X4Y2  design_1_i/ila_0/U0/ila_core_inst/ila_trace_memory_inst/SUBCORE_RAM_BLK_MEM_1.trace_block_memory/inst_blk_mem_gen/gnbram.gnativebmg.native_blk_mem_gen/valid.cstr/ramloop[10].ram.r/prim_noinit.ram/DEVICE_7SERIES.NO_BMM_INFO.SDP.SIMPLE_PRIM36.ram/CLKARDCLK
Min Period        n/a     RAMB36E1/CLKBWRCLK  n/a            2.944         10.000      7.056      RAMB36_X4Y2  design_1_i/ila_0/U0/ila_core_inst/ila_trace_memory_inst/SUBCORE_RAM_BLK_MEM_1.trace_block_memory/inst_blk_mem_gen/gnbram.gnativebmg.native_blk_mem_gen/valid.cstr/ramloop[10].ram.r/prim_noinit.ram/DEVICE_7SERIES.NO_BMM_INFO.SDP.SIMPLE_PRIM36.ram/CLKBWRCLK
Min Period        n/a     RAMB36E1/CLKARDCLK  n/a            2.944         10.000      7.056      RAMB36_X4Y1  design_1_i/ila_0/U0/ila_core_inst/ila_trace_memory_inst/SUBCORE_RAM_BLK_MEM_1.trace_block_memory/inst_blk_mem_gen/gnbram.gnativebmg.native_blk_mem_gen/valid.cstr/ramloop[11].ram.r/prim_noinit.ram/DEVICE_7SERIES.NO_BMM_INFO.SDP.SIMPLE_PRIM36.ram/CLKARDCLK
Min Period        n/a     RAMB36E1/CLKBWRCLK  n/a            2.944         10.000      7.056      RAMB36_X4Y1  design_1_i/ila_0/U0/ila_core_inst/ila_trace_memory_inst/SUBCORE_RAM_BLK_MEM_1.trace_block_memory/inst_blk_mem_gen/gnbram.gnativebmg.native_blk_mem_gen/valid.cstr/ramloop[11].ram.r/prim_noinit.ram/DEVICE_7SERIES.NO_BMM_INFO.SDP.SIMPLE_PRIM36.ram/CLKBWRCLK
Min Period        n/a     RAMB36E1/CLKARDCLK  n/a            2.944         10.000      7.056      RAMB36_X2Y3  design_1_i/ila_0/U0/ila_core_inst/ila_trace_memory_inst/SUBCORE_RAM_BLK_MEM_1.trace_block_memory/inst_blk_mem_gen/gnbram.gnativebmg.native_blk_mem_gen/valid.cstr/ramloop[12].ram.r/prim_noinit.ram/DEVICE_7SERIES.NO_BMM_INFO.SDP.SIMPLE_PRIM36.ram/CLKARDCLK
Min Period        n/a     RAMB36E1/CLKBWRCLK  n/a            2.944         10.000      7.056      RAMB36_X2Y3  design_1_i/ila_0/U0/ila_core_inst/ila_trace_memory_inst/SUBCORE_RAM_BLK_MEM_1.trace_block_memory/inst_blk_mem_gen/gnbram.gnativebmg.native_blk_mem_gen/valid.cstr/ramloop[12].ram.r/prim_noinit.ram/DEVICE_7SERIES.NO_BMM_INFO.SDP.SIMPLE_PRIM36.ram/CLKBWRCLK
Min Period        n/a     RAMB36E1/CLKARDCLK  n/a            2.944         10.000      7.056      RAMB36_X1Y4  design_1_i/ila_0/U0/ila_core_inst/ila_trace_memory_inst/SUBCORE_RAM_BLK_MEM_1.trace_block_memory/inst_blk_mem_gen/gnbram.gnativebmg.native_blk_mem_gen/valid.cstr/ramloop[13].ram.r/prim_noinit.ram/DEVICE_7SERIES.NO_BMM_INFO.SDP.SIMPLE_PRIM36.ram/CLKARDCLK
Min Period        n/a     RAMB36E1/CLKBWRCLK  n/a            2.944         10.000      7.056      RAMB36_X1Y4  design_1_i/ila_0/U0/ila_core_inst/ila_trace_memory_inst/SUBCORE_RAM_BLK_MEM_1.trace_block_memory/inst_blk_mem_gen/gnbram.gnativebmg.native_blk_mem_gen/valid.cstr/ramloop[13].ram.r/prim_noinit.ram/DEVICE_7SERIES.NO_BMM_INFO.SDP.SIMPLE_PRIM36.ram/CLKBWRCLK
Low Pulse Width   Slow    RAMD32/CLK          n/a            1.250         5.000       3.750      SLICE_X82Y5  dbg_hub/inst/BSCANID.u_xsdbm_id/CORE_XSDB.UUT_MASTER/U_ICON_INTERFACE/U_CMD6_RD/U_RD_FIFO/SUBCORE_FIFO.xsdbm_v3_0_0_rdfifo_inst/inst_fifo_gen/gconvfifo.rf/grf.rf/gntv_or_sync_fifo.mem/gdm.dm_gen.dm/RAM_reg_0_15_0_5/RAMA/CLK
Low Pulse Width   Fast    RAMD32/CLK          n/a            1.250         5.000       3.750      SLICE_X82Y5  dbg_hub/inst/BSCANID.u_xsdbm_id/CORE_XSDB.UUT_MASTER/U_ICON_INTERFACE/U_CMD6_RD/U_RD_FIFO/SUBCORE_FIFO.xsdbm_v3_0_0_rdfifo_inst/inst_fifo_gen/gconvfifo.rf/grf.rf/gntv_or_sync_fifo.mem/gdm.dm_gen.dm/RAM_reg_0_15_0_5/RAMA/CLK
Low Pulse Width   Slow    RAMD32/CLK          n/a            1.250         5.000       3.750      SLICE_X82Y5  dbg_hub/inst/BSCANID.u_xsdbm_id/CORE_XSDB.UUT_MASTER/U_ICON_INTERFACE/U_CMD6_RD/U_RD_FIFO/SUBCORE_FIFO.xsdbm_v3_0_0_rdfifo_inst/inst_fifo_gen/gconvfifo.rf/grf.rf/gntv_or_sync_fifo.mem/gdm.dm_gen.dm/RAM_reg_0_15_0_5/RAMA_D1/CLK
Low Pulse Width   Fast    RAMD32/CLK          n/a            1.250         5.000       3.750      SLICE_X82Y5  dbg_hub/inst/BSCANID.u_xsdbm_id/CORE_XSDB.UUT_MASTER/U_ICON_INTERFACE/U_CMD6_RD/U_RD_FIFO/SUBCORE_FIFO.xsdbm_v3_0_0_rdfifo_inst/inst_fifo_gen/gconvfifo.rf/grf.rf/gntv_or_sync_fifo.mem/gdm.dm_gen.dm/RAM_reg_0_15_0_5/RAMA_D1/CLK
Low Pulse Width   Slow    RAMD32/CLK          n/a            1.250         5.000       3.750      SLICE_X82Y5  dbg_hub/inst/BSCANID.u_xsdbm_id/CORE_XSDB.UUT_MASTER/U_ICON_INTERFACE/U_CMD6_RD/U_RD_FIFO/SUBCORE_FIFO.xsdbm_v3_0_0_rdfifo_inst/inst_fifo_gen/gconvfifo.rf/grf.rf/gntv_or_sync_fifo.mem/gdm.dm_gen.dm/RAM_reg_0_15_0_5/RAMB/CLK
Low Pulse Width   Fast    RAMD32/CLK          n/a            1.250         5.000       3.750      SLICE_X82Y5  dbg_hub/inst/BSCANID.u_xsdbm_id/CORE_XSDB.UUT_MASTER/U_ICON_INTERFACE/U_CMD6_RD/U_RD_FIFO/SUBCORE_FIFO.xsdbm_v3_0_0_rdfifo_inst/inst_fifo_gen/gconvfifo.rf/grf.rf/gntv_or_sync_fifo.mem/gdm.dm_gen.dm/RAM_reg_0_15_0_5/RAMB/CLK
Low Pulse Width   Slow    RAMD32/CLK          n/a            1.250         5.000       3.750      SLICE_X82Y5  dbg_hub/inst/BSCANID.u_xsdbm_id/CORE_XSDB.UUT_MASTER/U_ICON_INTERFACE/U_CMD6_RD/U_RD_FIFO/SUBCORE_FIFO.xsdbm_v3_0_0_rdfifo_inst/inst_fifo_gen/gconvfifo.rf/grf.rf/gntv_or_sync_fifo.mem/gdm.dm_gen.dm/RAM_reg_0_15_0_5/RAMB_D1/CLK
Low Pulse Width   Fast    RAMD32/CLK          n/a            1.250         5.000       3.750      SLICE_X82Y5  dbg_hub/inst/BSCANID.u_xsdbm_id/CORE_XSDB.UUT_MASTER/U_ICON_INTERFACE/U_CMD6_RD/U_RD_FIFO/SUBCORE_FIFO.xsdbm_v3_0_0_rdfifo_inst/inst_fifo_gen/gconvfifo.rf/grf.rf/gntv_or_sync_fifo.mem/gdm.dm_gen.dm/RAM_reg_0_15_0_5/RAMB_D1/CLK
Low Pulse Width   Slow    RAMD32/CLK          n/a            1.250         5.000       3.750      SLICE_X82Y5  dbg_hub/inst/BSCANID.u_xsdbm_id/CORE_XSDB.UUT_MASTER/U_ICON_INTERFACE/U_CMD6_RD/U_RD_FIFO/SUBCORE_FIFO.xsdbm_v3_0_0_rdfifo_inst/inst_fifo_gen/gconvfifo.rf/grf.rf/gntv_or_sync_fifo.mem/gdm.dm_gen.dm/RAM_reg_0_15_0_5/RAMC/CLK
Low Pulse Width   Fast    RAMD32/CLK          n/a            1.250         5.000       3.750      SLICE_X82Y5  dbg_hub/inst/BSCANID.u_xsdbm_id/CORE_XSDB.UUT_MASTER/U_ICON_INTERFACE/U_CMD6_RD/U_RD_FIFO/SUBCORE_FIFO.xsdbm_v3_0_0_rdfifo_inst/inst_fifo_gen/gconvfifo.rf/grf.rf/gntv_or_sync_fifo.mem/gdm.dm_gen.dm/RAM_reg_0_15_0_5/RAMC/CLK
High Pulse Width  Slow    RAMD32/CLK          n/a            1.250         5.000       3.750      SLICE_X82Y5  dbg_hub/inst/BSCANID.u_xsdbm_id/CORE_XSDB.UUT_MASTER/U_ICON_INTERFACE/U_CMD6_RD/U_RD_FIFO/SUBCORE_FIFO.xsdbm_v3_0_0_rdfifo_inst/inst_fifo_gen/gconvfifo.rf/grf.rf/gntv_or_sync_fifo.mem/gdm.dm_gen.dm/RAM_reg_0_15_0_5/RAMA/CLK
High Pulse Width  Fast    RAMD32/CLK          n/a            1.250         5.000       3.750      SLICE_X82Y5  dbg_hub/inst/BSCANID.u_xsdbm_id/CORE_XSDB.UUT_MASTER/U_ICON_INTERFACE/U_CMD6_RD/U_RD_FIFO/SUBCORE_FIFO.xsdbm_v3_0_0_rdfifo_inst/inst_fifo_gen/gconvfifo.rf/grf.rf/gntv_or_sync_fifo.mem/gdm.dm_gen.dm/RAM_reg_0_15_0_5/RAMA/CLK
High Pulse Width  Slow    RAMD32/CLK          n/a            1.250         5.000       3.750      SLICE_X82Y5  dbg_hub/inst/BSCANID.u_xsdbm_id/CORE_XSDB.UUT_MASTER/U_ICON_INTERFACE/U_CMD6_RD/U_RD_FIFO/SUBCORE_FIFO.xsdbm_v3_0_0_rdfifo_inst/inst_fifo_gen/gconvfifo.rf/grf.rf/gntv_or_sync_fifo.mem/gdm.dm_gen.dm/RAM_reg_0_15_0_5/RAMA_D1/CLK
High Pulse Width  Fast    RAMD32/CLK          n/a            1.250         5.000       3.750      SLICE_X82Y5  dbg_hub/inst/BSCANID.u_xsdbm_id/CORE_XSDB.UUT_MASTER/U_ICON_INTERFACE/U_CMD6_RD/U_RD_FIFO/SUBCORE_FIFO.xsdbm_v3_0_0_rdfifo_inst/inst_fifo_gen/gconvfifo.rf/grf.rf/gntv_or_sync_fifo.mem/gdm.dm_gen.dm/RAM_reg_0_15_0_5/RAMA_D1/CLK
High Pulse Width  Slow    RAMD32/CLK          n/a            1.250         5.000       3.750      SLICE_X82Y5  dbg_hub/inst/BSCANID.u_xsdbm_id/CORE_XSDB.UUT_MASTER/U_ICON_INTERFACE/U_CMD6_RD/U_RD_FIFO/SUBCORE_FIFO.xsdbm_v3_0_0_rdfifo_inst/inst_fifo_gen/gconvfifo.rf/grf.rf/gntv_or_sync_fifo.mem/gdm.dm_gen.dm/RAM_reg_0_15_0_5/RAMB/CLK
High Pulse Width  Fast    RAMD32/CLK          n/a            1.250         5.000       3.750      SLICE_X82Y5  dbg_hub/inst/BSCANID.u_xsdbm_id/CORE_XSDB.UUT_MASTER/U_ICON_INTERFACE/U_CMD6_RD/U_RD_FIFO/SUBCORE_FIFO.xsdbm_v3_0_0_rdfifo_inst/inst_fifo_gen/gconvfifo.rf/grf.rf/gntv_or_sync_fifo.mem/gdm.dm_gen.dm/RAM_reg_0_15_0_5/RAMB/CLK
High Pulse Width  Slow    RAMD32/CLK          n/a            1.250         5.000       3.750      SLICE_X82Y5  dbg_hub/inst/BSCANID.u_xsdbm_id/CORE_XSDB.UUT_MASTER/U_ICON_INTERFACE/U_CMD6_RD/U_RD_FIFO/SUBCORE_FIFO.xsdbm_v3_0_0_rdfifo_inst/inst_fifo_gen/gconvfifo.rf/grf.rf/gntv_or_sync_fifo.mem/gdm.dm_gen.dm/RAM_reg_0_15_0_5/RAMB_D1/CLK
High Pulse Width  Fast    RAMD32/CLK          n/a            1.250         5.000       3.750      SLICE_X82Y5  dbg_hub/inst/BSCANID.u_xsdbm_id/CORE_XSDB.UUT_MASTER/U_ICON_INTERFACE/U_CMD6_RD/U_RD_FIFO/SUBCORE_FIFO.xsdbm_v3_0_0_rdfifo_inst/inst_fifo_gen/gconvfifo.rf/grf.rf/gntv_or_sync_fifo.mem/gdm.dm_gen.dm/RAM_reg_0_15_0_5/RAMB_D1/CLK
High Pulse Width  Slow    RAMD32/CLK          n/a            1.250         5.000       3.750      SLICE_X82Y5  dbg_hub/inst/BSCANID.u_xsdbm_id/CORE_XSDB.UUT_MASTER/U_ICON_INTERFACE/U_CMD6_RD/U_RD_FIFO/SUBCORE_FIFO.xsdbm_v3_0_0_rdfifo_inst/inst_fifo_gen/gconvfifo.rf/grf.rf/gntv_or_sync_fifo.mem/gdm.dm_gen.dm/RAM_reg_0_15_0_5/RAMC/CLK
High Pulse Width  Fast    RAMD32/CLK          n/a            1.250         5.000       3.750      SLICE_X82Y5  dbg_hub/inst/BSCANID.u_xsdbm_id/CORE_XSDB.UUT_MASTER/U_ICON_INTERFACE/U_CMD6_RD/U_RD_FIFO/SUBCORE_FIFO.xsdbm_v3_0_0_rdfifo_inst/inst_fifo_gen/gconvfifo.rf/grf.rf/gntv_or_sync_fifo.mem/gdm.dm_gen.dm/RAM_reg_0_15_0_5/RAMC/CLK



---------------------------------------------------------------------------------------------------
From Clock:  dbg_hub/inst/BSCANID.u_xsdbm_id/SWITCH_N_EXT_BSCAN.bscan_inst/SERIES7_BSCAN.bscan_inst/TCK
  To Clock:  dbg_hub/inst/BSCANID.u_xsdbm_id/SWITCH_N_EXT_BSCAN.bscan_inst/SERIES7_BSCAN.bscan_inst/TCK

Setup :            0  Failing Endpoints,  Worst Slack       25.517ns,  Total Violation        0.000ns
Hold  :            0  Failing Endpoints,  Worst Slack        0.097ns,  Total Violation        0.000ns
PW    :            0  Failing Endpoints,  Worst Slack       15.250ns,  Total Violation        0.000ns
---------------------------------------------------------------------------------------------------


Max Delay Paths
--------------------------------------------------------------------------------------
Slack (MET) :             25.517ns  (required time - arrival time)
  Source:                 dbg_hub/inst/BSCANID.u_xsdbm_id/SWITCH_N_EXT_BSCAN.bscan_switch/state_reg[1]/C
                            (rising edge-triggered cell FDRE clocked by dbg_hub/inst/BSCANID.u_xsdbm_id/SWITCH_N_EXT_BSCAN.bscan_inst/SERIES7_BSCAN.bscan_inst/TCK  {rise@0.000ns fall@16.500ns period=33.000ns})
  Destination:            dbg_hub/inst/BSCANID.u_xsdbm_id/SWITCH_N_EXT_BSCAN.bscan_switch/portno_temp_reg[1]/D
                            (rising edge-triggered cell FDRE clocked by dbg_hub/inst/BSCANID.u_xsdbm_id/SWITCH_N_EXT_BSCAN.bscan_inst/SERIES7_BSCAN.bscan_inst/TCK  {rise@0.000ns fall@16.500ns period=33.000ns})
  Path Group:             dbg_hub/inst/BSCANID.u_xsdbm_id/SWITCH_N_EXT_BSCAN.bscan_inst/SERIES7_BSCAN.bscan_inst/TCK
  Path Type:              Setup (Max at Slow Process Corner)
  Requirement:            33.000ns  (dbg_hub/inst/BSCANID.u_xsdbm_id/SWITCH_N_EXT_BSCAN.bscan_inst/SERIES7_BSCAN.bscan_inst/TCK rise@33.000ns - dbg_hub/inst/BSCANID.u_xsdbm_id/SWITCH_N_EXT_BSCAN.bscan_inst/SERIES7_BSCAN.bscan_inst/TCK rise@0.000ns)
  Data Path Delay:        7.415ns  (logic 2.173ns (29.305%)  route 5.242ns (70.695%))
  Logic Levels:           5  (CARRY4=1 LUT3=1 LUT4=1 LUT5=1 LUT6=1)
  Clock Path Skew:        -0.062ns (DCD - SCD + CPR)
    Destination Clock Delay (DCD):    3.502ns = ( 36.502 - 33.000 ) 
    Source Clock Delay      (SCD):    3.971ns
    Clock Pessimism Removal (CPR):    0.407ns
  Clock Uncertainty:      0.035ns  ((TSJ^2 + TIJ^2)^1/2 + DJ) / 2 + PE
    Total System Jitter     (TSJ):    0.071ns
    Total Input Jitter      (TIJ):    0.000ns
    Discrete Jitter          (DJ):    0.000ns
    Phase Error              (PE):    0.000ns

    Location             Delay type                Incr(ns)  Path(ns)    Netlist Resource(s)
  -------------------------------------------------------------------    -------------------
                         (clock dbg_hub/inst/BSCANID.u_xsdbm_id/SWITCH_N_EXT_BSCAN.bscan_inst/SERIES7_BSCAN.bscan_inst/TCK rise edge)
                                                      0.000     0.000 r  
    BSCAN_X0Y0           BSCANE2                      0.000     0.000 r  dbg_hub/inst/BSCANID.u_xsdbm_id/SWITCH_N_EXT_BSCAN.bscan_inst/SERIES7_BSCAN.bscan_inst/TCK
                         net (fo=1, routed)           2.131     2.131    dbg_hub/inst/BSCANID.u_xsdbm_id/tck_bs
    BUFGCTRL_X0Y16       BUFG (Prop_bufg_I_O)         0.101     2.232 r  dbg_hub/inst/BSCANID.u_xsdbm_id/SWITCH_N_EXT_BSCAN.u_bufg_icon_tck/O
                         net (fo=482, routed)         1.739     3.971    dbg_hub/inst/BSCANID.u_xsdbm_id/SWITCH_N_EXT_BSCAN.bscan_switch/s_bscan_tck
    SLICE_X86Y3          FDRE                                         r  dbg_hub/inst/BSCANID.u_xsdbm_id/SWITCH_N_EXT_BSCAN.bscan_switch/state_reg[1]/C
  -------------------------------------------------------------------    -------------------
    SLICE_X86Y3          FDRE (Prop_fdre_C_Q)         0.478     4.449 r  dbg_hub/inst/BSCANID.u_xsdbm_id/SWITCH_N_EXT_BSCAN.bscan_switch/state_reg[1]/Q
                         net (fo=50, routed)          2.128     6.577    dbg_hub/inst/BSCANID.u_xsdbm_id/SWITCH_N_EXT_BSCAN.bscan_switch/state[1]
    SLICE_X90Y3          LUT4 (Prop_lut4_I3_O)        0.317     6.894 r  dbg_hub/inst/BSCANID.u_xsdbm_id/SWITCH_N_EXT_BSCAN.bscan_switch/curid_inferred_i_8/O
                         net (fo=2, routed)           0.972     7.866    dbg_hub/inst/BSCANID.u_xsdbm_id/SWITCH_N_EXT_BSCAN.bscan_switch/curid[24]
    SLICE_X89Y2          LUT6 (Prop_lut6_I3_O)        0.328     8.194 r  dbg_hub/inst/BSCANID.u_xsdbm_id/SWITCH_N_EXT_BSCAN.bscan_switch/state_temp[0]_i_7/O
                         net (fo=1, routed)           0.000     8.194    dbg_hub/inst/BSCANID.u_xsdbm_id/SWITCH_N_EXT_BSCAN.bscan_switch/state_temp[0]_i_7_n_0
    SLICE_X89Y2          CARRY4 (Prop_carry4_S[1]_CO[3])
                                                      0.550     8.744 f  dbg_hub/inst/BSCANID.u_xsdbm_id/SWITCH_N_EXT_BSCAN.bscan_switch/state_temp_reg[0]_i_3/CO[3]
                         net (fo=4, routed)           1.136     9.880    dbg_hub/inst/BSCANID.u_xsdbm_id/SWITCH_N_EXT_BSCAN.bscan_switch/state_temp_reg[0]_i_3_n_0
    SLICE_X86Y3          LUT5 (Prop_lut5_I1_O)        0.152    10.032 r  dbg_hub/inst/BSCANID.u_xsdbm_id/SWITCH_N_EXT_BSCAN.bscan_switch/portno_temp[5]_i_2/O
                         net (fo=7, routed)           1.006    11.038    dbg_hub/inst/BSCANID.u_xsdbm_id/SWITCH_N_EXT_BSCAN.bscan_switch/portno_temp[5]_i_2_n_0
    SLICE_X85Y4          LUT3 (Prop_lut3_I1_O)        0.348    11.386 r  dbg_hub/inst/BSCANID.u_xsdbm_id/SWITCH_N_EXT_BSCAN.bscan_switch/portno_temp[1]_i_1/O
                         net (fo=1, routed)           0.000    11.386    dbg_hub/inst/BSCANID.u_xsdbm_id/SWITCH_N_EXT_BSCAN.bscan_switch/portno_temp[1]_i_1_n_0
    SLICE_X85Y4          FDRE                                         r  dbg_hub/inst/BSCANID.u_xsdbm_id/SWITCH_N_EXT_BSCAN.bscan_switch/portno_temp_reg[1]/D
  -------------------------------------------------------------------    -------------------

                         (clock dbg_hub/inst/BSCANID.u_xsdbm_id/SWITCH_N_EXT_BSCAN.bscan_inst/SERIES7_BSCAN.bscan_inst/TCK rise edge)
                                                     33.000    33.000 r  
    BSCAN_X0Y0           BSCANE2                      0.000    33.000 r  dbg_hub/inst/BSCANID.u_xsdbm_id/SWITCH_N_EXT_BSCAN.bscan_inst/SERIES7_BSCAN.bscan_inst/TCK
                         net (fo=1, routed)           1.849    34.849    dbg_hub/inst/BSCANID.u_xsdbm_id/tck_bs
    BUFGCTRL_X0Y16       BUFG (Prop_bufg_I_O)         0.091    34.940 r  dbg_hub/inst/BSCANID.u_xsdbm_id/SWITCH_N_EXT_BSCAN.u_bufg_icon_tck/O
                         net (fo=482, routed)         1.562    36.502    dbg_hub/inst/BSCANID.u_xsdbm_id/SWITCH_N_EXT_BSCAN.bscan_switch/s_bscan_tck
    SLICE_X85Y4          FDRE                                         r  dbg_hub/inst/BSCANID.u_xsdbm_id/SWITCH_N_EXT_BSCAN.bscan_switch/portno_temp_reg[1]/C
                         clock pessimism              0.407    36.909    
                         clock uncertainty           -0.035    36.874    
    SLICE_X85Y4          FDRE (Setup_fdre_C_D)        0.029    36.903    dbg_hub/inst/BSCANID.u_xsdbm_id/SWITCH_N_EXT_BSCAN.bscan_switch/portno_temp_reg[1]
  -------------------------------------------------------------------
                         required time                         36.903    
                         arrival time                         -11.386    
  -------------------------------------------------------------------
                         slack                                 25.517    

Slack (MET) :             25.598ns  (required time - arrival time)
  Source:                 dbg_hub/inst/BSCANID.u_xsdbm_id/SWITCH_N_EXT_BSCAN.bscan_switch/state_reg[1]/C
                            (rising edge-triggered cell FDRE clocked by dbg_hub/inst/BSCANID.u_xsdbm_id/SWITCH_N_EXT_BSCAN.bscan_inst/SERIES7_BSCAN.bscan_inst/TCK  {rise@0.000ns fall@16.500ns period=33.000ns})
  Destination:            dbg_hub/inst/BSCANID.u_xsdbm_id/SWITCH_N_EXT_BSCAN.bscan_switch/state_temp_reg[2]/D
                            (rising edge-triggered cell FDRE clocked by dbg_hub/inst/BSCANID.u_xsdbm_id/SWITCH_N_EXT_BSCAN.bscan_inst/SERIES7_BSCAN.bscan_inst/TCK  {rise@0.000ns fall@16.500ns period=33.000ns})
  Path Group:             dbg_hub/inst/BSCANID.u_xsdbm_id/SWITCH_N_EXT_BSCAN.bscan_inst/SERIES7_BSCAN.bscan_inst/TCK
  Path Type:              Setup (Max at Slow Process Corner)
  Requirement:            33.000ns  (dbg_hub/inst/BSCANID.u_xsdbm_id/SWITCH_N_EXT_BSCAN.bscan_inst/SERIES7_BSCAN.bscan_inst/TCK rise@33.000ns - dbg_hub/inst/BSCANID.u_xsdbm_id/SWITCH_N_EXT_BSCAN.bscan_inst/SERIES7_BSCAN.bscan_inst/TCK rise@0.000ns)
  Data Path Delay:        7.376ns  (logic 2.173ns (29.462%)  route 5.203ns (70.538%))
  Logic Levels:           5  (CARRY4=1 LUT4=1 LUT5=1 LUT6=2)
  Clock Path Skew:        -0.022ns (DCD - SCD + CPR)
    Destination Clock Delay (DCD):    3.503ns = ( 36.503 - 33.000 ) 
    Source Clock Delay      (SCD):    3.971ns
    Clock Pessimism Removal (CPR):    0.446ns
  Clock Uncertainty:      0.035ns  ((TSJ^2 + TIJ^2)^1/2 + DJ) / 2 + PE
    Total System Jitter     (TSJ):    0.071ns
    Total Input Jitter      (TIJ):    0.000ns
    Discrete Jitter          (DJ):    0.000ns
    Phase Error              (PE):    0.000ns

    Location             Delay type                Incr(ns)  Path(ns)    Netlist Resource(s)
  -------------------------------------------------------------------    -------------------
                         (clock dbg_hub/inst/BSCANID.u_xsdbm_id/SWITCH_N_EXT_BSCAN.bscan_inst/SERIES7_BSCAN.bscan_inst/TCK rise edge)
                                                      0.000     0.000 r  
    BSCAN_X0Y0           BSCANE2                      0.000     0.000 r  dbg_hub/inst/BSCANID.u_xsdbm_id/SWITCH_N_EXT_BSCAN.bscan_inst/SERIES7_BSCAN.bscan_inst/TCK
                         net (fo=1, routed)           2.131     2.131    dbg_hub/inst/BSCANID.u_xsdbm_id/tck_bs
    BUFGCTRL_X0Y16       BUFG (Prop_bufg_I_O)         0.101     2.232 r  dbg_hub/inst/BSCANID.u_xsdbm_id/SWITCH_N_EXT_BSCAN.u_bufg_icon_tck/O
                         net (fo=482, routed)         1.739     3.971    dbg_hub/inst/BSCANID.u_xsdbm_id/SWITCH_N_EXT_BSCAN.bscan_switch/s_bscan_tck
    SLICE_X86Y3          FDRE                                         r  dbg_hub/inst/BSCANID.u_xsdbm_id/SWITCH_N_EXT_BSCAN.bscan_switch/state_reg[1]/C
  -------------------------------------------------------------------    -------------------
    SLICE_X86Y3          FDRE (Prop_fdre_C_Q)         0.478     4.449 r  dbg_hub/inst/BSCANID.u_xsdbm_id/SWITCH_N_EXT_BSCAN.bscan_switch/state_reg[1]/Q
                         net (fo=50, routed)          2.128     6.577    dbg_hub/inst/BSCANID.u_xsdbm_id/SWITCH_N_EXT_BSCAN.bscan_switch/state[1]
    SLICE_X90Y3          LUT4 (Prop_lut4_I3_O)        0.317     6.894 r  dbg_hub/inst/BSCANID.u_xsdbm_id/SWITCH_N_EXT_BSCAN.bscan_switch/curid_inferred_i_8/O
                         net (fo=2, routed)           0.972     7.866    dbg_hub/inst/BSCANID.u_xsdbm_id/SWITCH_N_EXT_BSCAN.bscan_switch/curid[24]
    SLICE_X89Y2          LUT6 (Prop_lut6_I3_O)        0.328     8.194 r  dbg_hub/inst/BSCANID.u_xsdbm_id/SWITCH_N_EXT_BSCAN.bscan_switch/state_temp[0]_i_7/O
                         net (fo=1, routed)           0.000     8.194    dbg_hub/inst/BSCANID.u_xsdbm_id/SWITCH_N_EXT_BSCAN.bscan_switch/state_temp[0]_i_7_n_0
    SLICE_X89Y2          CARRY4 (Prop_carry4_S[1]_CO[3])
                                                      0.550     8.744 f  dbg_hub/inst/BSCANID.u_xsdbm_id/SWITCH_N_EXT_BSCAN.bscan_switch/state_temp_reg[0]_i_3/CO[3]
                         net (fo=4, routed)           1.136     9.880    dbg_hub/inst/BSCANID.u_xsdbm_id/SWITCH_N_EXT_BSCAN.bscan_switch/state_temp_reg[0]_i_3_n_0
    SLICE_X86Y3          LUT5 (Prop_lut5_I1_O)        0.152    10.032 r  dbg_hub/inst/BSCANID.u_xsdbm_id/SWITCH_N_EXT_BSCAN.bscan_switch/portno_temp[5]_i_2/O
                         net (fo=7, routed)           0.966    10.999    dbg_hub/inst/BSCANID.u_xsdbm_id/SWITCH_N_EXT_BSCAN.bscan_switch/portno_temp[5]_i_2_n_0
    SLICE_X87Y3          LUT6 (Prop_lut6_I2_O)        0.348    11.347 r  dbg_hub/inst/BSCANID.u_xsdbm_id/SWITCH_N_EXT_BSCAN.bscan_switch/state_temp[2]_i_1/O
                         net (fo=1, routed)           0.000    11.347    dbg_hub/inst/BSCANID.u_xsdbm_id/SWITCH_N_EXT_BSCAN.bscan_switch/state_temp[2]_i_1_n_0
    SLICE_X87Y3          FDRE                                         r  dbg_hub/inst/BSCANID.u_xsdbm_id/SWITCH_N_EXT_BSCAN.bscan_switch/state_temp_reg[2]/D
  -------------------------------------------------------------------    -------------------

                         (clock dbg_hub/inst/BSCANID.u_xsdbm_id/SWITCH_N_EXT_BSCAN.bscan_inst/SERIES7_BSCAN.bscan_inst/TCK rise edge)
                                                     33.000    33.000 r  
    BSCAN_X0Y0           BSCANE2                      0.000    33.000 r  dbg_hub/inst/BSCANID.u_xsdbm_id/SWITCH_N_EXT_BSCAN.bscan_inst/SERIES7_BSCAN.bscan_inst/TCK
                         net (fo=1, routed)           1.849    34.849    dbg_hub/inst/BSCANID.u_xsdbm_id/tck_bs
    BUFGCTRL_X0Y16       BUFG (Prop_bufg_I_O)         0.091    34.940 r  dbg_hub/inst/BSCANID.u_xsdbm_id/SWITCH_N_EXT_BSCAN.u_bufg_icon_tck/O
                         net (fo=482, routed)         1.563    36.503    dbg_hub/inst/BSCANID.u_xsdbm_id/SWITCH_N_EXT_BSCAN.bscan_switch/s_bscan_tck
    SLICE_X87Y3          FDRE                                         r  dbg_hub/inst/BSCANID.u_xsdbm_id/SWITCH_N_EXT_BSCAN.bscan_switch/state_temp_reg[2]/C
                         clock pessimism              0.446    36.949    
                         clock uncertainty           -0.035    36.914    
    SLICE_X87Y3          FDRE (Setup_fdre_C_D)        0.031    36.945    dbg_hub/inst/BSCANID.u_xsdbm_id/SWITCH_N_EXT_BSCAN.bscan_switch/state_temp_reg[2]
  -------------------------------------------------------------------
                         required time                         36.945    
                         arrival time                         -11.347    
  -------------------------------------------------------------------
                         slack                                 25.598    

Slack (MET) :             25.739ns  (required time - arrival time)
  Source:                 dbg_hub/inst/BSCANID.u_xsdbm_id/SWITCH_N_EXT_BSCAN.bscan_switch/state_reg[1]/C
                            (rising edge-triggered cell FDRE clocked by dbg_hub/inst/BSCANID.u_xsdbm_id/SWITCH_N_EXT_BSCAN.bscan_inst/SERIES7_BSCAN.bscan_inst/TCK  {rise@0.000ns fall@16.500ns period=33.000ns})
  Destination:            dbg_hub/inst/BSCANID.u_xsdbm_id/SWITCH_N_EXT_BSCAN.bscan_switch/portno_temp_reg[4]/D
                            (rising edge-triggered cell FDRE clocked by dbg_hub/inst/BSCANID.u_xsdbm_id/SWITCH_N_EXT_BSCAN.bscan_inst/SERIES7_BSCAN.bscan_inst/TCK  {rise@0.000ns fall@16.500ns period=33.000ns})
  Path Group:             dbg_hub/inst/BSCANID.u_xsdbm_id/SWITCH_N_EXT_BSCAN.bscan_inst/SERIES7_BSCAN.bscan_inst/TCK
  Path Type:              Setup (Max at Slow Process Corner)
  Requirement:            33.000ns  (dbg_hub/inst/BSCANID.u_xsdbm_id/SWITCH_N_EXT_BSCAN.bscan_inst/SERIES7_BSCAN.bscan_inst/TCK rise@33.000ns - dbg_hub/inst/BSCANID.u_xsdbm_id/SWITCH_N_EXT_BSCAN.bscan_inst/SERIES7_BSCAN.bscan_inst/TCK rise@0.000ns)
  Data Path Delay:        7.193ns  (logic 2.173ns (30.209%)  route 5.020ns (69.791%))
  Logic Levels:           5  (CARRY4=1 LUT3=1 LUT4=1 LUT5=1 LUT6=1)
  Clock Path Skew:        -0.062ns (DCD - SCD + CPR)
    Destination Clock Delay (DCD):    3.502ns = ( 36.502 - 33.000 ) 
    Source Clock Delay      (SCD):    3.971ns
    Clock Pessimism Removal (CPR):    0.407ns
  Clock Uncertainty:      0.035ns  ((TSJ^2 + TIJ^2)^1/2 + DJ) / 2 + PE
    Total System Jitter     (TSJ):    0.071ns
    Total Input Jitter      (TIJ):    0.000ns
    Discrete Jitter          (DJ):    0.000ns
    Phase Error              (PE):    0.000ns

    Location             Delay type                Incr(ns)  Path(ns)    Netlist Resource(s)
  -------------------------------------------------------------------    -------------------
                         (clock dbg_hub/inst/BSCANID.u_xsdbm_id/SWITCH_N_EXT_BSCAN.bscan_inst/SERIES7_BSCAN.bscan_inst/TCK rise edge)
                                                      0.000     0.000 r  
    BSCAN_X0Y0           BSCANE2                      0.000     0.000 r  dbg_hub/inst/BSCANID.u_xsdbm_id/SWITCH_N_EXT_BSCAN.bscan_inst/SERIES7_BSCAN.bscan_inst/TCK
                         net (fo=1, routed)           2.131     2.131    dbg_hub/inst/BSCANID.u_xsdbm_id/tck_bs
    BUFGCTRL_X0Y16       BUFG (Prop_bufg_I_O)         0.101     2.232 r  dbg_hub/inst/BSCANID.u_xsdbm_id/SWITCH_N_EXT_BSCAN.u_bufg_icon_tck/O
                         net (fo=482, routed)         1.739     3.971    dbg_hub/inst/BSCANID.u_xsdbm_id/SWITCH_N_EXT_BSCAN.bscan_switch/s_bscan_tck
    SLICE_X86Y3          FDRE                                         r  dbg_hub/inst/BSCANID.u_xsdbm_id/SWITCH_N_EXT_BSCAN.bscan_switch/state_reg[1]/C
  -------------------------------------------------------------------    -------------------
    SLICE_X86Y3          FDRE (Prop_fdre_C_Q)         0.478     4.449 r  dbg_hub/inst/BSCANID.u_xsdbm_id/SWITCH_N_EXT_BSCAN.bscan_switch/state_reg[1]/Q
                         net (fo=50, routed)          2.128     6.577    dbg_hub/inst/BSCANID.u_xsdbm_id/SWITCH_N_EXT_BSCAN.bscan_switch/state[1]
    SLICE_X90Y3          LUT4 (Prop_lut4_I3_O)        0.317     6.894 r  dbg_hub/inst/BSCANID.u_xsdbm_id/SWITCH_N_EXT_BSCAN.bscan_switch/curid_inferred_i_8/O
                         net (fo=2, routed)           0.972     7.866    dbg_hub/inst/BSCANID.u_xsdbm_id/SWITCH_N_EXT_BSCAN.bscan_switch/curid[24]
    SLICE_X89Y2          LUT6 (Prop_lut6_I3_O)        0.328     8.194 r  dbg_hub/inst/BSCANID.u_xsdbm_id/SWITCH_N_EXT_BSCAN.bscan_switch/state_temp[0]_i_7/O
                         net (fo=1, routed)           0.000     8.194    dbg_hub/inst/BSCANID.u_xsdbm_id/SWITCH_N_EXT_BSCAN.bscan_switch/state_temp[0]_i_7_n_0
    SLICE_X89Y2          CARRY4 (Prop_carry4_S[1]_CO[3])
                                                      0.550     8.744 f  dbg_hub/inst/BSCANID.u_xsdbm_id/SWITCH_N_EXT_BSCAN.bscan_switch/state_temp_reg[0]_i_3/CO[3]
                         net (fo=4, routed)           1.136     9.880    dbg_hub/inst/BSCANID.u_xsdbm_id/SWITCH_N_EXT_BSCAN.bscan_switch/state_temp_reg[0]_i_3_n_0
    SLICE_X86Y3          LUT5 (Prop_lut5_I1_O)        0.152    10.032 r  dbg_hub/inst/BSCANID.u_xsdbm_id/SWITCH_N_EXT_BSCAN.bscan_switch/portno_temp[5]_i_2/O
                         net (fo=7, routed)           0.784    10.816    dbg_hub/inst/BSCANID.u_xsdbm_id/SWITCH_N_EXT_BSCAN.bscan_switch/portno_temp[5]_i_2_n_0
    SLICE_X85Y3          LUT3 (Prop_lut3_I1_O)        0.348    11.164 r  dbg_hub/inst/BSCANID.u_xsdbm_id/SWITCH_N_EXT_BSCAN.bscan_switch/portno_temp[4]_i_1/O
                         net (fo=1, routed)           0.000    11.164    dbg_hub/inst/BSCANID.u_xsdbm_id/SWITCH_N_EXT_BSCAN.bscan_switch/portno_temp[4]_i_1_n_0
    SLICE_X85Y3          FDRE                                         r  dbg_hub/inst/BSCANID.u_xsdbm_id/SWITCH_N_EXT_BSCAN.bscan_switch/portno_temp_reg[4]/D
  -------------------------------------------------------------------    -------------------

                         (clock dbg_hub/inst/BSCANID.u_xsdbm_id/SWITCH_N_EXT_BSCAN.bscan_inst/SERIES7_BSCAN.bscan_inst/TCK rise edge)
                                                     33.000    33.000 r  
    BSCAN_X0Y0           BSCANE2                      0.000    33.000 r  dbg_hub/inst/BSCANID.u_xsdbm_id/SWITCH_N_EXT_BSCAN.bscan_inst/SERIES7_BSCAN.bscan_inst/TCK
                         net (fo=1, routed)           1.849    34.849    dbg_hub/inst/BSCANID.u_xsdbm_id/tck_bs
    BUFGCTRL_X0Y16       BUFG (Prop_bufg_I_O)         0.091    34.940 r  dbg_hub/inst/BSCANID.u_xsdbm_id/SWITCH_N_EXT_BSCAN.u_bufg_icon_tck/O
                         net (fo=482, routed)         1.562    36.502    dbg_hub/inst/BSCANID.u_xsdbm_id/SWITCH_N_EXT_BSCAN.bscan_switch/s_bscan_tck
    SLICE_X85Y3          FDRE                                         r  dbg_hub/inst/BSCANID.u_xsdbm_id/SWITCH_N_EXT_BSCAN.bscan_switch/portno_temp_reg[4]/C
                         clock pessimism              0.407    36.909    
                         clock uncertainty           -0.035    36.874    
    SLICE_X85Y3          FDRE (Setup_fdre_C_D)        0.029    36.903    dbg_hub/inst/BSCANID.u_xsdbm_id/SWITCH_N_EXT_BSCAN.bscan_switch/portno_temp_reg[4]
  -------------------------------------------------------------------
                         required time                         36.903    
                         arrival time                         -11.164    
  -------------------------------------------------------------------
                         slack                                 25.739    

Slack (MET) :             25.743ns  (required time - arrival time)
  Source:                 dbg_hub/inst/BSCANID.u_xsdbm_id/SWITCH_N_EXT_BSCAN.bscan_switch/state_reg[1]/C
                            (rising edge-triggered cell FDRE clocked by dbg_hub/inst/BSCANID.u_xsdbm_id/SWITCH_N_EXT_BSCAN.bscan_inst/SERIES7_BSCAN.bscan_inst/TCK  {rise@0.000ns fall@16.500ns period=33.000ns})
  Destination:            dbg_hub/inst/BSCANID.u_xsdbm_id/SWITCH_N_EXT_BSCAN.bscan_switch/portno_temp_reg[5]/D
                            (rising edge-triggered cell FDRE clocked by dbg_hub/inst/BSCANID.u_xsdbm_id/SWITCH_N_EXT_BSCAN.bscan_inst/SERIES7_BSCAN.bscan_inst/TCK  {rise@0.000ns fall@16.500ns period=33.000ns})
  Path Group:             dbg_hub/inst/BSCANID.u_xsdbm_id/SWITCH_N_EXT_BSCAN.bscan_inst/SERIES7_BSCAN.bscan_inst/TCK
  Path Type:              Setup (Max at Slow Process Corner)
  Requirement:            33.000ns  (dbg_hub/inst/BSCANID.u_xsdbm_id/SWITCH_N_EXT_BSCAN.bscan_inst/SERIES7_BSCAN.bscan_inst/TCK rise@33.000ns - dbg_hub/inst/BSCANID.u_xsdbm_id/SWITCH_N_EXT_BSCAN.bscan_inst/SERIES7_BSCAN.bscan_inst/TCK rise@0.000ns)
  Data Path Delay:        7.191ns  (logic 2.173ns (30.218%)  route 5.018ns (69.782%))
  Logic Levels:           5  (CARRY4=1 LUT3=1 LUT4=1 LUT5=1 LUT6=1)
  Clock Path Skew:        -0.062ns (DCD - SCD + CPR)
    Destination Clock Delay (DCD):    3.502ns = ( 36.502 - 33.000 ) 
    Source Clock Delay      (SCD):    3.971ns
    Clock Pessimism Removal (CPR):    0.407ns
  Clock Uncertainty:      0.035ns  ((TSJ^2 + TIJ^2)^1/2 + DJ) / 2 + PE
    Total System Jitter     (TSJ):    0.071ns
    Total Input Jitter      (TIJ):    0.000ns
    Discrete Jitter          (DJ):    0.000ns
    Phase Error              (PE):    0.000ns

    Location             Delay type                Incr(ns)  Path(ns)    Netlist Resource(s)
  -------------------------------------------------------------------    -------------------
                         (clock dbg_hub/inst/BSCANID.u_xsdbm_id/SWITCH_N_EXT_BSCAN.bscan_inst/SERIES7_BSCAN.bscan_inst/TCK rise edge)
                                                      0.000     0.000 r  
    BSCAN_X0Y0           BSCANE2                      0.000     0.000 r  dbg_hub/inst/BSCANID.u_xsdbm_id/SWITCH_N_EXT_BSCAN.bscan_inst/SERIES7_BSCAN.bscan_inst/TCK
                         net (fo=1, routed)           2.131     2.131    dbg_hub/inst/BSCANID.u_xsdbm_id/tck_bs
    BUFGCTRL_X0Y16       BUFG (Prop_bufg_I_O)         0.101     2.232 r  dbg_hub/inst/BSCANID.u_xsdbm_id/SWITCH_N_EXT_BSCAN.u_bufg_icon_tck/O
                         net (fo=482, routed)         1.739     3.971    dbg_hub/inst/BSCANID.u_xsdbm_id/SWITCH_N_EXT_BSCAN.bscan_switch/s_bscan_tck
    SLICE_X86Y3          FDRE                                         r  dbg_hub/inst/BSCANID.u_xsdbm_id/SWITCH_N_EXT_BSCAN.bscan_switch/state_reg[1]/C
  -------------------------------------------------------------------    -------------------
    SLICE_X86Y3          FDRE (Prop_fdre_C_Q)         0.478     4.449 r  dbg_hub/inst/BSCANID.u_xsdbm_id/SWITCH_N_EXT_BSCAN.bscan_switch/state_reg[1]/Q
                         net (fo=50, routed)          2.128     6.577    dbg_hub/inst/BSCANID.u_xsdbm_id/SWITCH_N_EXT_BSCAN.bscan_switch/state[1]
    SLICE_X90Y3          LUT4 (Prop_lut4_I3_O)        0.317     6.894 r  dbg_hub/inst/BSCANID.u_xsdbm_id/SWITCH_N_EXT_BSCAN.bscan_switch/curid_inferred_i_8/O
                         net (fo=2, routed)           0.972     7.866    dbg_hub/inst/BSCANID.u_xsdbm_id/SWITCH_N_EXT_BSCAN.bscan_switch/curid[24]
    SLICE_X89Y2          LUT6 (Prop_lut6_I3_O)        0.328     8.194 r  dbg_hub/inst/BSCANID.u_xsdbm_id/SWITCH_N_EXT_BSCAN.bscan_switch/state_temp[0]_i_7/O
                         net (fo=1, routed)           0.000     8.194    dbg_hub/inst/BSCANID.u_xsdbm_id/SWITCH_N_EXT_BSCAN.bscan_switch/state_temp[0]_i_7_n_0
    SLICE_X89Y2          CARRY4 (Prop_carry4_S[1]_CO[3])
                                                      0.550     8.744 f  dbg_hub/inst/BSCANID.u_xsdbm_id/SWITCH_N_EXT_BSCAN.bscan_switch/state_temp_reg[0]_i_3/CO[3]
                         net (fo=4, routed)           1.136     9.880    dbg_hub/inst/BSCANID.u_xsdbm_id/SWITCH_N_EXT_BSCAN.bscan_switch/state_temp_reg[0]_i_3_n_0
    SLICE_X86Y3          LUT5 (Prop_lut5_I1_O)        0.152    10.032 r  dbg_hub/inst/BSCANID.u_xsdbm_id/SWITCH_N_EXT_BSCAN.bscan_switch/portno_temp[5]_i_2/O
                         net (fo=7, routed)           0.782    10.814    dbg_hub/inst/BSCANID.u_xsdbm_id/SWITCH_N_EXT_BSCAN.bscan_switch/portno_temp[5]_i_2_n_0
    SLICE_X85Y3          LUT3 (Prop_lut3_I1_O)        0.348    11.162 r  dbg_hub/inst/BSCANID.u_xsdbm_id/SWITCH_N_EXT_BSCAN.bscan_switch/portno_temp[5]_i_1/O
                         net (fo=1, routed)           0.000    11.162    dbg_hub/inst/BSCANID.u_xsdbm_id/SWITCH_N_EXT_BSCAN.bscan_switch/portno_temp[5]_i_1_n_0
    SLICE_X85Y3          FDRE                                         r  dbg_hub/inst/BSCANID.u_xsdbm_id/SWITCH_N_EXT_BSCAN.bscan_switch/portno_temp_reg[5]/D
  -------------------------------------------------------------------    -------------------

                         (clock dbg_hub/inst/BSCANID.u_xsdbm_id/SWITCH_N_EXT_BSCAN.bscan_inst/SERIES7_BSCAN.bscan_inst/TCK rise edge)
                                                     33.000    33.000 r  
    BSCAN_X0Y0           BSCANE2                      0.000    33.000 r  dbg_hub/inst/BSCANID.u_xsdbm_id/SWITCH_N_EXT_BSCAN.bscan_inst/SERIES7_BSCAN.bscan_inst/TCK
                         net (fo=1, routed)           1.849    34.849    dbg_hub/inst/BSCANID.u_xsdbm_id/tck_bs
    BUFGCTRL_X0Y16       BUFG (Prop_bufg_I_O)         0.091    34.940 r  dbg_hub/inst/BSCANID.u_xsdbm_id/SWITCH_N_EXT_BSCAN.u_bufg_icon_tck/O
                         net (fo=482, routed)         1.562    36.502    dbg_hub/inst/BSCANID.u_xsdbm_id/SWITCH_N_EXT_BSCAN.bscan_switch/s_bscan_tck
    SLICE_X85Y3          FDRE                                         r  dbg_hub/inst/BSCANID.u_xsdbm_id/SWITCH_N_EXT_BSCAN.bscan_switch/portno_temp_reg[5]/C
                         clock pessimism              0.407    36.909    
                         clock uncertainty           -0.035    36.874    
    SLICE_X85Y3          FDRE (Setup_fdre_C_D)        0.031    36.905    dbg_hub/inst/BSCANID.u_xsdbm_id/SWITCH_N_EXT_BSCAN.bscan_switch/portno_temp_reg[5]
  -------------------------------------------------------------------
                         required time                         36.905    
                         arrival time                         -11.162    
  -------------------------------------------------------------------
                         slack                                 25.743    

Slack (MET) :             25.754ns  (required time - arrival time)
  Source:                 dbg_hub/inst/BSCANID.u_xsdbm_id/SWITCH_N_EXT_BSCAN.bscan_switch/state_reg[1]/C
                            (rising edge-triggered cell FDRE clocked by dbg_hub/inst/BSCANID.u_xsdbm_id/SWITCH_N_EXT_BSCAN.bscan_inst/SERIES7_BSCAN.bscan_inst/TCK  {rise@0.000ns fall@16.500ns period=33.000ns})
  Destination:            dbg_hub/inst/BSCANID.u_xsdbm_id/SWITCH_N_EXT_BSCAN.bscan_switch/portno_temp_reg[3]/D
                            (rising edge-triggered cell FDRE clocked by dbg_hub/inst/BSCANID.u_xsdbm_id/SWITCH_N_EXT_BSCAN.bscan_inst/SERIES7_BSCAN.bscan_inst/TCK  {rise@0.000ns fall@16.500ns period=33.000ns})
  Path Group:             dbg_hub/inst/BSCANID.u_xsdbm_id/SWITCH_N_EXT_BSCAN.bscan_inst/SERIES7_BSCAN.bscan_inst/TCK
  Path Type:              Setup (Max at Slow Process Corner)
  Requirement:            33.000ns  (dbg_hub/inst/BSCANID.u_xsdbm_id/SWITCH_N_EXT_BSCAN.bscan_inst/SERIES7_BSCAN.bscan_inst/TCK rise@33.000ns - dbg_hub/inst/BSCANID.u_xsdbm_id/SWITCH_N_EXT_BSCAN.bscan_inst/SERIES7_BSCAN.bscan_inst/TCK rise@0.000ns)
  Data Path Delay:        7.180ns  (logic 2.173ns (30.264%)  route 5.007ns (69.736%))
  Logic Levels:           5  (CARRY4=1 LUT3=1 LUT4=1 LUT5=1 LUT6=1)
  Clock Path Skew:        -0.062ns (DCD - SCD + CPR)
    Destination Clock Delay (DCD):    3.502ns = ( 36.502 - 33.000 ) 
    Source Clock Delay      (SCD):    3.971ns
    Clock Pessimism Removal (CPR):    0.407ns
  Clock Uncertainty:      0.035ns  ((TSJ^2 + TIJ^2)^1/2 + DJ) / 2 + PE
    Total System Jitter     (TSJ):    0.071ns
    Total Input Jitter      (TIJ):    0.000ns
    Discrete Jitter          (DJ):    0.000ns
    Phase Error              (PE):    0.000ns

    Location             Delay type                Incr(ns)  Path(ns)    Netlist Resource(s)
  -------------------------------------------------------------------    -------------------
                         (clock dbg_hub/inst/BSCANID.u_xsdbm_id/SWITCH_N_EXT_BSCAN.bscan_inst/SERIES7_BSCAN.bscan_inst/TCK rise edge)
                                                      0.000     0.000 r  
    BSCAN_X0Y0           BSCANE2                      0.000     0.000 r  dbg_hub/inst/BSCANID.u_xsdbm_id/SWITCH_N_EXT_BSCAN.bscan_inst/SERIES7_BSCAN.bscan_inst/TCK
                         net (fo=1, routed)           2.131     2.131    dbg_hub/inst/BSCANID.u_xsdbm_id/tck_bs
    BUFGCTRL_X0Y16       BUFG (Prop_bufg_I_O)         0.101     2.232 r  dbg_hub/inst/BSCANID.u_xsdbm_id/SWITCH_N_EXT_BSCAN.u_bufg_icon_tck/O
                         net (fo=482, routed)         1.739     3.971    dbg_hub/inst/BSCANID.u_xsdbm_id/SWITCH_N_EXT_BSCAN.bscan_switch/s_bscan_tck
    SLICE_X86Y3          FDRE                                         r  dbg_hub/inst/BSCANID.u_xsdbm_id/SWITCH_N_EXT_BSCAN.bscan_switch/state_reg[1]/C
  -------------------------------------------------------------------    -------------------
    SLICE_X86Y3          FDRE (Prop_fdre_C_Q)         0.478     4.449 r  dbg_hub/inst/BSCANID.u_xsdbm_id/SWITCH_N_EXT_BSCAN.bscan_switch/state_reg[1]/Q
                         net (fo=50, routed)          2.128     6.577    dbg_hub/inst/BSCANID.u_xsdbm_id/SWITCH_N_EXT_BSCAN.bscan_switch/state[1]
    SLICE_X90Y3          LUT4 (Prop_lut4_I3_O)        0.317     6.894 r  dbg_hub/inst/BSCANID.u_xsdbm_id/SWITCH_N_EXT_BSCAN.bscan_switch/curid_inferred_i_8/O
                         net (fo=2, routed)           0.972     7.866    dbg_hub/inst/BSCANID.u_xsdbm_id/SWITCH_N_EXT_BSCAN.bscan_switch/curid[24]
    SLICE_X89Y2          LUT6 (Prop_lut6_I3_O)        0.328     8.194 r  dbg_hub/inst/BSCANID.u_xsdbm_id/SWITCH_N_EXT_BSCAN.bscan_switch/state_temp[0]_i_7/O
                         net (fo=1, routed)           0.000     8.194    dbg_hub/inst/BSCANID.u_xsdbm_id/SWITCH_N_EXT_BSCAN.bscan_switch/state_temp[0]_i_7_n_0
    SLICE_X89Y2          CARRY4 (Prop_carry4_S[1]_CO[3])
                                                      0.550     8.744 f  dbg_hub/inst/BSCANID.u_xsdbm_id/SWITCH_N_EXT_BSCAN.bscan_switch/state_temp_reg[0]_i_3/CO[3]
                         net (fo=4, routed)           1.136     9.880    dbg_hub/inst/BSCANID.u_xsdbm_id/SWITCH_N_EXT_BSCAN.bscan_switch/state_temp_reg[0]_i_3_n_0
    SLICE_X86Y3          LUT5 (Prop_lut5_I1_O)        0.152    10.032 r  dbg_hub/inst/BSCANID.u_xsdbm_id/SWITCH_N_EXT_BSCAN.bscan_switch/portno_temp[5]_i_2/O
                         net (fo=7, routed)           0.771    10.803    dbg_hub/inst/BSCANID.u_xsdbm_id/SWITCH_N_EXT_BSCAN.bscan_switch/portno_temp[5]_i_2_n_0
    SLICE_X85Y4          LUT3 (Prop_lut3_I1_O)        0.348    11.151 r  dbg_hub/inst/BSCANID.u_xsdbm_id/SWITCH_N_EXT_BSCAN.bscan_switch/portno_temp[3]_i_1/O
                         net (fo=1, routed)           0.000    11.151    dbg_hub/inst/BSCANID.u_xsdbm_id/SWITCH_N_EXT_BSCAN.bscan_switch/portno_temp[3]_i_1_n_0
    SLICE_X85Y4          FDRE                                         r  dbg_hub/inst/BSCANID.u_xsdbm_id/SWITCH_N_EXT_BSCAN.bscan_switch/portno_temp_reg[3]/D
  -------------------------------------------------------------------    -------------------

                         (clock dbg_hub/inst/BSCANID.u_xsdbm_id/SWITCH_N_EXT_BSCAN.bscan_inst/SERIES7_BSCAN.bscan_inst/TCK rise edge)
                                                     33.000    33.000 r  
    BSCAN_X0Y0           BSCANE2                      0.000    33.000 r  dbg_hub/inst/BSCANID.u_xsdbm_id/SWITCH_N_EXT_BSCAN.bscan_inst/SERIES7_BSCAN.bscan_inst/TCK
                         net (fo=1, routed)           1.849    34.849    dbg_hub/inst/BSCANID.u_xsdbm_id/tck_bs
    BUFGCTRL_X0Y16       BUFG (Prop_bufg_I_O)         0.091    34.940 r  dbg_hub/inst/BSCANID.u_xsdbm_id/SWITCH_N_EXT_BSCAN.u_bufg_icon_tck/O
                         net (fo=482, routed)         1.562    36.502    dbg_hub/inst/BSCANID.u_xsdbm_id/SWITCH_N_EXT_BSCAN.bscan_switch/s_bscan_tck
    SLICE_X85Y4          FDRE                                         r  dbg_hub/inst/BSCANID.u_xsdbm_id/SWITCH_N_EXT_BSCAN.bscan_switch/portno_temp_reg[3]/C
                         clock pessimism              0.407    36.909    
                         clock uncertainty           -0.035    36.874    
    SLICE_X85Y4          FDRE (Setup_fdre_C_D)        0.031    36.905    dbg_hub/inst/BSCANID.u_xsdbm_id/SWITCH_N_EXT_BSCAN.bscan_switch/portno_temp_reg[3]
  -------------------------------------------------------------------
                         required time                         36.905    
                         arrival time                         -11.151    
  -------------------------------------------------------------------
                         slack                                 25.754    

Slack (MET) :             25.835ns  (required time - arrival time)
  Source:                 dbg_hub/inst/BSCANID.u_xsdbm_id/SWITCH_N_EXT_BSCAN.bscan_switch/state_reg[1]/C
                            (rising edge-triggered cell FDRE clocked by dbg_hub/inst/BSCANID.u_xsdbm_id/SWITCH_N_EXT_BSCAN.bscan_inst/SERIES7_BSCAN.bscan_inst/TCK  {rise@0.000ns fall@16.500ns period=33.000ns})
  Destination:            dbg_hub/inst/BSCANID.u_xsdbm_id/SWITCH_N_EXT_BSCAN.bscan_switch/portno_temp_reg[2]/D
                            (rising edge-triggered cell FDRE clocked by dbg_hub/inst/BSCANID.u_xsdbm_id/SWITCH_N_EXT_BSCAN.bscan_inst/SERIES7_BSCAN.bscan_inst/TCK  {rise@0.000ns fall@16.500ns period=33.000ns})
  Path Group:             dbg_hub/inst/BSCANID.u_xsdbm_id/SWITCH_N_EXT_BSCAN.bscan_inst/SERIES7_BSCAN.bscan_inst/TCK
  Path Type:              Setup (Max at Slow Process Corner)
  Requirement:            33.000ns  (dbg_hub/inst/BSCANID.u_xsdbm_id/SWITCH_N_EXT_BSCAN.bscan_inst/SERIES7_BSCAN.bscan_inst/TCK rise@33.000ns - dbg_hub/inst/BSCANID.u_xsdbm_id/SWITCH_N_EXT_BSCAN.bscan_inst/SERIES7_BSCAN.bscan_inst/TCK rise@0.000ns)
  Data Path Delay:        7.099ns  (logic 2.173ns (30.610%)  route 4.926ns (69.390%))
  Logic Levels:           5  (CARRY4=1 LUT3=1 LUT4=1 LUT5=1 LUT6=1)
  Clock Path Skew:        -0.062ns (DCD - SCD + CPR)
    Destination Clock Delay (DCD):    3.502ns = ( 36.502 - 33.000 ) 
    Source Clock Delay      (SCD):    3.971ns
    Clock Pessimism Removal (CPR):    0.407ns
  Clock Uncertainty:      0.035ns  ((TSJ^2 + TIJ^2)^1/2 + DJ) / 2 + PE
    Total System Jitter     (TSJ):    0.071ns
    Total Input Jitter      (TIJ):    0.000ns
    Discrete Jitter          (DJ):    0.000ns
    Phase Error              (PE):    0.000ns

    Location             Delay type                Incr(ns)  Path(ns)    Netlist Resource(s)
  -------------------------------------------------------------------    -------------------
                         (clock dbg_hub/inst/BSCANID.u_xsdbm_id/SWITCH_N_EXT_BSCAN.bscan_inst/SERIES7_BSCAN.bscan_inst/TCK rise edge)
                                                      0.000     0.000 r  
    BSCAN_X0Y0           BSCANE2                      0.000     0.000 r  dbg_hub/inst/BSCANID.u_xsdbm_id/SWITCH_N_EXT_BSCAN.bscan_inst/SERIES7_BSCAN.bscan_inst/TCK
                         net (fo=1, routed)           2.131     2.131    dbg_hub/inst/BSCANID.u_xsdbm_id/tck_bs
    BUFGCTRL_X0Y16       BUFG (Prop_bufg_I_O)         0.101     2.232 r  dbg_hub/inst/BSCANID.u_xsdbm_id/SWITCH_N_EXT_BSCAN.u_bufg_icon_tck/O
                         net (fo=482, routed)         1.739     3.971    dbg_hub/inst/BSCANID.u_xsdbm_id/SWITCH_N_EXT_BSCAN.bscan_switch/s_bscan_tck
    SLICE_X86Y3          FDRE                                         r  dbg_hub/inst/BSCANID.u_xsdbm_id/SWITCH_N_EXT_BSCAN.bscan_switch/state_reg[1]/C
  -------------------------------------------------------------------    -------------------
    SLICE_X86Y3          FDRE (Prop_fdre_C_Q)         0.478     4.449 r  dbg_hub/inst/BSCANID.u_xsdbm_id/SWITCH_N_EXT_BSCAN.bscan_switch/state_reg[1]/Q
                         net (fo=50, routed)          2.128     6.577    dbg_hub/inst/BSCANID.u_xsdbm_id/SWITCH_N_EXT_BSCAN.bscan_switch/state[1]
    SLICE_X90Y3          LUT4 (Prop_lut4_I3_O)        0.317     6.894 r  dbg_hub/inst/BSCANID.u_xsdbm_id/SWITCH_N_EXT_BSCAN.bscan_switch/curid_inferred_i_8/O
                         net (fo=2, routed)           0.972     7.866    dbg_hub/inst/BSCANID.u_xsdbm_id/SWITCH_N_EXT_BSCAN.bscan_switch/curid[24]
    SLICE_X89Y2          LUT6 (Prop_lut6_I3_O)        0.328     8.194 r  dbg_hub/inst/BSCANID.u_xsdbm_id/SWITCH_N_EXT_BSCAN.bscan_switch/state_temp[0]_i_7/O
                         net (fo=1, routed)           0.000     8.194    dbg_hub/inst/BSCANID.u_xsdbm_id/SWITCH_N_EXT_BSCAN.bscan_switch/state_temp[0]_i_7_n_0
    SLICE_X89Y2          CARRY4 (Prop_carry4_S[1]_CO[3])
                                                      0.550     8.744 f  dbg_hub/inst/BSCANID.u_xsdbm_id/SWITCH_N_EXT_BSCAN.bscan_switch/state_temp_reg[0]_i_3/CO[3]
                         net (fo=4, routed)           1.136     9.880    dbg_hub/inst/BSCANID.u_xsdbm_id/SWITCH_N_EXT_BSCAN.bscan_switch/state_temp_reg[0]_i_3_n_0
    SLICE_X86Y3          LUT5 (Prop_lut5_I1_O)        0.152    10.032 r  dbg_hub/inst/BSCANID.u_xsdbm_id/SWITCH_N_EXT_BSCAN.bscan_switch/portno_temp[5]_i_2/O
                         net (fo=7, routed)           0.690    10.722    dbg_hub/inst/BSCANID.u_xsdbm_id/SWITCH_N_EXT_BSCAN.bscan_switch/portno_temp[5]_i_2_n_0
    SLICE_X85Y4          LUT3 (Prop_lut3_I1_O)        0.348    11.070 r  dbg_hub/inst/BSCANID.u_xsdbm_id/SWITCH_N_EXT_BSCAN.bscan_switch/portno_temp[2]_i_1/O
                         net (fo=1, routed)           0.000    11.070    dbg_hub/inst/BSCANID.u_xsdbm_id/SWITCH_N_EXT_BSCAN.bscan_switch/portno_temp[2]_i_1_n_0
    SLICE_X85Y4          FDRE                                         r  dbg_hub/inst/BSCANID.u_xsdbm_id/SWITCH_N_EXT_BSCAN.bscan_switch/portno_temp_reg[2]/D
  -------------------------------------------------------------------    -------------------

                         (clock dbg_hub/inst/BSCANID.u_xsdbm_id/SWITCH_N_EXT_BSCAN.bscan_inst/SERIES7_BSCAN.bscan_inst/TCK rise edge)
                                                     33.000    33.000 r  
    BSCAN_X0Y0           BSCANE2                      0.000    33.000 r  dbg_hub/inst/BSCANID.u_xsdbm_id/SWITCH_N_EXT_BSCAN.bscan_inst/SERIES7_BSCAN.bscan_inst/TCK
                         net (fo=1, routed)           1.849    34.849    dbg_hub/inst/BSCANID.u_xsdbm_id/tck_bs
    BUFGCTRL_X0Y16       BUFG (Prop_bufg_I_O)         0.091    34.940 r  dbg_hub/inst/BSCANID.u_xsdbm_id/SWITCH_N_EXT_BSCAN.u_bufg_icon_tck/O
                         net (fo=482, routed)         1.562    36.502    dbg_hub/inst/BSCANID.u_xsdbm_id/SWITCH_N_EXT_BSCAN.bscan_switch/s_bscan_tck
    SLICE_X85Y4          FDRE                                         r  dbg_hub/inst/BSCANID.u_xsdbm_id/SWITCH_N_EXT_BSCAN.bscan_switch/portno_temp_reg[2]/C
                         clock pessimism              0.407    36.909    
                         clock uncertainty           -0.035    36.874    
    SLICE_X85Y4          FDRE (Setup_fdre_C_D)        0.031    36.905    dbg_hub/inst/BSCANID.u_xsdbm_id/SWITCH_N_EXT_BSCAN.bscan_switch/portno_temp_reg[2]
  -------------------------------------------------------------------
                         required time                         36.905    
                         arrival time                         -11.070    
  -------------------------------------------------------------------
                         slack                                 25.835    

Slack (MET) :             26.025ns  (required time - arrival time)
  Source:                 dbg_hub/inst/BSCANID.u_xsdbm_id/SWITCH_N_EXT_BSCAN.bscan_switch/state_reg[1]/C
                            (rising edge-triggered cell FDRE clocked by dbg_hub/inst/BSCANID.u_xsdbm_id/SWITCH_N_EXT_BSCAN.bscan_inst/SERIES7_BSCAN.bscan_inst/TCK  {rise@0.000ns fall@16.500ns period=33.000ns})
  Destination:            dbg_hub/inst/BSCANID.u_xsdbm_id/SWITCH_N_EXT_BSCAN.bscan_switch/portno_temp_reg[0]/D
                            (rising edge-triggered cell FDRE clocked by dbg_hub/inst/BSCANID.u_xsdbm_id/SWITCH_N_EXT_BSCAN.bscan_inst/SERIES7_BSCAN.bscan_inst/TCK  {rise@0.000ns fall@16.500ns period=33.000ns})
  Path Group:             dbg_hub/inst/BSCANID.u_xsdbm_id/SWITCH_N_EXT_BSCAN.bscan_inst/SERIES7_BSCAN.bscan_inst/TCK
  Path Type:              Setup (Max at Slow Process Corner)
  Requirement:            33.000ns  (dbg_hub/inst/BSCANID.u_xsdbm_id/SWITCH_N_EXT_BSCAN.bscan_inst/SERIES7_BSCAN.bscan_inst/TCK rise@33.000ns - dbg_hub/inst/BSCANID.u_xsdbm_id/SWITCH_N_EXT_BSCAN.bscan_inst/SERIES7_BSCAN.bscan_inst/TCK rise@0.000ns)
  Data Path Delay:        6.909ns  (logic 2.173ns (31.451%)  route 4.736ns (68.549%))
  Logic Levels:           5  (CARRY4=1 LUT3=1 LUT4=1 LUT5=1 LUT6=1)
  Clock Path Skew:        -0.062ns (DCD - SCD + CPR)
    Destination Clock Delay (DCD):    3.502ns = ( 36.502 - 33.000 ) 
    Source Clock Delay      (SCD):    3.971ns
    Clock Pessimism Removal (CPR):    0.407ns
  Clock Uncertainty:      0.035ns  ((TSJ^2 + TIJ^2)^1/2 + DJ) / 2 + PE
    Total System Jitter     (TSJ):    0.071ns
    Total Input Jitter      (TIJ):    0.000ns
    Discrete Jitter          (DJ):    0.000ns
    Phase Error              (PE):    0.000ns

    Location             Delay type                Incr(ns)  Path(ns)    Netlist Resource(s)
  -------------------------------------------------------------------    -------------------
                         (clock dbg_hub/inst/BSCANID.u_xsdbm_id/SWITCH_N_EXT_BSCAN.bscan_inst/SERIES7_BSCAN.bscan_inst/TCK rise edge)
                                                      0.000     0.000 r  
    BSCAN_X0Y0           BSCANE2                      0.000     0.000 r  dbg_hub/inst/BSCANID.u_xsdbm_id/SWITCH_N_EXT_BSCAN.bscan_inst/SERIES7_BSCAN.bscan_inst/TCK
                         net (fo=1, routed)           2.131     2.131    dbg_hub/inst/BSCANID.u_xsdbm_id/tck_bs
    BUFGCTRL_X0Y16       BUFG (Prop_bufg_I_O)         0.101     2.232 r  dbg_hub/inst/BSCANID.u_xsdbm_id/SWITCH_N_EXT_BSCAN.u_bufg_icon_tck/O
                         net (fo=482, routed)         1.739     3.971    dbg_hub/inst/BSCANID.u_xsdbm_id/SWITCH_N_EXT_BSCAN.bscan_switch/s_bscan_tck
    SLICE_X86Y3          FDRE                                         r  dbg_hub/inst/BSCANID.u_xsdbm_id/SWITCH_N_EXT_BSCAN.bscan_switch/state_reg[1]/C
  -------------------------------------------------------------------    -------------------
    SLICE_X86Y3          FDRE (Prop_fdre_C_Q)         0.478     4.449 r  dbg_hub/inst/BSCANID.u_xsdbm_id/SWITCH_N_EXT_BSCAN.bscan_switch/state_reg[1]/Q
                         net (fo=50, routed)          2.128     6.577    dbg_hub/inst/BSCANID.u_xsdbm_id/SWITCH_N_EXT_BSCAN.bscan_switch/state[1]
    SLICE_X90Y3          LUT4 (Prop_lut4_I3_O)        0.317     6.894 r  dbg_hub/inst/BSCANID.u_xsdbm_id/SWITCH_N_EXT_BSCAN.bscan_switch/curid_inferred_i_8/O
                         net (fo=2, routed)           0.972     7.866    dbg_hub/inst/BSCANID.u_xsdbm_id/SWITCH_N_EXT_BSCAN.bscan_switch/curid[24]
    SLICE_X89Y2          LUT6 (Prop_lut6_I3_O)        0.328     8.194 r  dbg_hub/inst/BSCANID.u_xsdbm_id/SWITCH_N_EXT_BSCAN.bscan_switch/state_temp[0]_i_7/O
                         net (fo=1, routed)           0.000     8.194    dbg_hub/inst/BSCANID.u_xsdbm_id/SWITCH_N_EXT_BSCAN.bscan_switch/state_temp[0]_i_7_n_0
    SLICE_X89Y2          CARRY4 (Prop_carry4_S[1]_CO[3])
                                                      0.550     8.744 f  dbg_hub/inst/BSCANID.u_xsdbm_id/SWITCH_N_EXT_BSCAN.bscan_switch/state_temp_reg[0]_i_3/CO[3]
                         net (fo=4, routed)           1.136     9.880    dbg_hub/inst/BSCANID.u_xsdbm_id/SWITCH_N_EXT_BSCAN.bscan_switch/state_temp_reg[0]_i_3_n_0
    SLICE_X86Y3          LUT5 (Prop_lut5_I1_O)        0.152    10.032 r  dbg_hub/inst/BSCANID.u_xsdbm_id/SWITCH_N_EXT_BSCAN.bscan_switch/portno_temp[5]_i_2/O
                         net (fo=7, routed)           0.500    10.532    dbg_hub/inst/BSCANID.u_xsdbm_id/SWITCH_N_EXT_BSCAN.bscan_switch/portno_temp[5]_i_2_n_0
    SLICE_X85Y3          LUT3 (Prop_lut3_I1_O)        0.348    10.880 r  dbg_hub/inst/BSCANID.u_xsdbm_id/SWITCH_N_EXT_BSCAN.bscan_switch/portno_temp[0]_i_1/O
                         net (fo=1, routed)           0.000    10.880    dbg_hub/inst/BSCANID.u_xsdbm_id/SWITCH_N_EXT_BSCAN.bscan_switch/portno_temp[0]_i_1_n_0
    SLICE_X85Y3          FDRE                                         r  dbg_hub/inst/BSCANID.u_xsdbm_id/SWITCH_N_EXT_BSCAN.bscan_switch/portno_temp_reg[0]/D
  -------------------------------------------------------------------    -------------------

                         (clock dbg_hub/inst/BSCANID.u_xsdbm_id/SWITCH_N_EXT_BSCAN.bscan_inst/SERIES7_BSCAN.bscan_inst/TCK rise edge)
                                                     33.000    33.000 r  
    BSCAN_X0Y0           BSCANE2                      0.000    33.000 r  dbg_hub/inst/BSCANID.u_xsdbm_id/SWITCH_N_EXT_BSCAN.bscan_inst/SERIES7_BSCAN.bscan_inst/TCK
                         net (fo=1, routed)           1.849    34.849    dbg_hub/inst/BSCANID.u_xsdbm_id/tck_bs
    BUFGCTRL_X0Y16       BUFG (Prop_bufg_I_O)         0.091    34.940 r  dbg_hub/inst/BSCANID.u_xsdbm_id/SWITCH_N_EXT_BSCAN.u_bufg_icon_tck/O
                         net (fo=482, routed)         1.562    36.502    dbg_hub/inst/BSCANID.u_xsdbm_id/SWITCH_N_EXT_BSCAN.bscan_switch/s_bscan_tck
    SLICE_X85Y3          FDRE                                         r  dbg_hub/inst/BSCANID.u_xsdbm_id/SWITCH_N_EXT_BSCAN.bscan_switch/portno_temp_reg[0]/C
                         clock pessimism              0.407    36.909    
                         clock uncertainty           -0.035    36.874    
    SLICE_X85Y3          FDRE (Setup_fdre_C_D)        0.031    36.905    dbg_hub/inst/BSCANID.u_xsdbm_id/SWITCH_N_EXT_BSCAN.bscan_switch/portno_temp_reg[0]
  -------------------------------------------------------------------
                         required time                         36.905    
                         arrival time                         -10.880    
  -------------------------------------------------------------------
                         slack                                 26.025    

Slack (MET) :             26.195ns  (required time - arrival time)
  Source:                 dbg_hub/inst/BSCANID.u_xsdbm_id/SWITCH_N_EXT_BSCAN.bscan_switch/state_reg[1]/C
                            (rising edge-triggered cell FDRE clocked by dbg_hub/inst/BSCANID.u_xsdbm_id/SWITCH_N_EXT_BSCAN.bscan_inst/SERIES7_BSCAN.bscan_inst/TCK  {rise@0.000ns fall@16.500ns period=33.000ns})
  Destination:            dbg_hub/inst/BSCANID.u_xsdbm_id/SWITCH_N_EXT_BSCAN.bscan_switch/state_temp_reg[1]/D
                            (rising edge-triggered cell FDRE clocked by dbg_hub/inst/BSCANID.u_xsdbm_id/SWITCH_N_EXT_BSCAN.bscan_inst/SERIES7_BSCAN.bscan_inst/TCK  {rise@0.000ns fall@16.500ns period=33.000ns})
  Path Group:             dbg_hub/inst/BSCANID.u_xsdbm_id/SWITCH_N_EXT_BSCAN.bscan_inst/SERIES7_BSCAN.bscan_inst/TCK
  Path Type:              Setup (Max at Slow Process Corner)
  Requirement:            33.000ns  (dbg_hub/inst/BSCANID.u_xsdbm_id/SWITCH_N_EXT_BSCAN.bscan_inst/SERIES7_BSCAN.bscan_inst/TCK rise@33.000ns - dbg_hub/inst/BSCANID.u_xsdbm_id/SWITCH_N_EXT_BSCAN.bscan_inst/SERIES7_BSCAN.bscan_inst/TCK rise@0.000ns)
  Data Path Delay:        6.847ns  (logic 1.921ns (28.056%)  route 4.926ns (71.944%))
  Logic Levels:           5  (CARRY4=1 LUT4=1 LUT6=3)
  Clock Path Skew:        0.000ns (DCD - SCD + CPR)
    Destination Clock Delay (DCD):    3.503ns = ( 36.503 - 33.000 ) 
    Source Clock Delay      (SCD):    3.971ns
    Clock Pessimism Removal (CPR):    0.468ns
  Clock Uncertainty:      0.035ns  ((TSJ^2 + TIJ^2)^1/2 + DJ) / 2 + PE
    Total System Jitter     (TSJ):    0.071ns
    Total Input Jitter      (TIJ):    0.000ns
    Discrete Jitter          (DJ):    0.000ns
    Phase Error              (PE):    0.000ns

    Location             Delay type                Incr(ns)  Path(ns)    Netlist Resource(s)
  -------------------------------------------------------------------    -------------------
                         (clock dbg_hub/inst/BSCANID.u_xsdbm_id/SWITCH_N_EXT_BSCAN.bscan_inst/SERIES7_BSCAN.bscan_inst/TCK rise edge)
                                                      0.000     0.000 r  
    BSCAN_X0Y0           BSCANE2                      0.000     0.000 r  dbg_hub/inst/BSCANID.u_xsdbm_id/SWITCH_N_EXT_BSCAN.bscan_inst/SERIES7_BSCAN.bscan_inst/TCK
                         net (fo=1, routed)           2.131     2.131    dbg_hub/inst/BSCANID.u_xsdbm_id/tck_bs
    BUFGCTRL_X0Y16       BUFG (Prop_bufg_I_O)         0.101     2.232 r  dbg_hub/inst/BSCANID.u_xsdbm_id/SWITCH_N_EXT_BSCAN.u_bufg_icon_tck/O
                         net (fo=482, routed)         1.739     3.971    dbg_hub/inst/BSCANID.u_xsdbm_id/SWITCH_N_EXT_BSCAN.bscan_switch/s_bscan_tck
    SLICE_X86Y3          FDRE                                         r  dbg_hub/inst/BSCANID.u_xsdbm_id/SWITCH_N_EXT_BSCAN.bscan_switch/state_reg[1]/C
  -------------------------------------------------------------------    -------------------
    SLICE_X86Y3          FDRE (Prop_fdre_C_Q)         0.478     4.449 r  dbg_hub/inst/BSCANID.u_xsdbm_id/SWITCH_N_EXT_BSCAN.bscan_switch/state_reg[1]/Q
                         net (fo=50, routed)          2.128     6.577    dbg_hub/inst/BSCANID.u_xsdbm_id/SWITCH_N_EXT_BSCAN.bscan_switch/state[1]
    SLICE_X90Y3          LUT4 (Prop_lut4_I3_O)        0.317     6.894 r  dbg_hub/inst/BSCANID.u_xsdbm_id/SWITCH_N_EXT_BSCAN.bscan_switch/curid_inferred_i_8/O
                         net (fo=2, routed)           0.972     7.866    dbg_hub/inst/BSCANID.u_xsdbm_id/SWITCH_N_EXT_BSCAN.bscan_switch/curid[24]
    SLICE_X89Y2          LUT6 (Prop_lut6_I3_O)        0.328     8.194 r  dbg_hub/inst/BSCANID.u_xsdbm_id/SWITCH_N_EXT_BSCAN.bscan_switch/state_temp[0]_i_7/O
                         net (fo=1, routed)           0.000     8.194    dbg_hub/inst/BSCANID.u_xsdbm_id/SWITCH_N_EXT_BSCAN.bscan_switch/state_temp[0]_i_7_n_0
    SLICE_X89Y2          CARRY4 (Prop_carry4_S[1]_CO[3])
                                                      0.550     8.744 f  dbg_hub/inst/BSCANID.u_xsdbm_id/SWITCH_N_EXT_BSCAN.bscan_switch/state_temp_reg[0]_i_3/CO[3]
                         net (fo=4, routed)           1.343    10.087    dbg_hub/inst/BSCANID.u_xsdbm_id/SWITCH_N_EXT_BSCAN.bscan_switch/state_temp_reg[0]_i_3_n_0
    SLICE_X86Y3          LUT6 (Prop_lut6_I5_O)        0.124    10.211 f  dbg_hub/inst/BSCANID.u_xsdbm_id/SWITCH_N_EXT_BSCAN.bscan_switch/state_temp[1]_i_2/O
                         net (fo=1, routed)           0.483    10.694    dbg_hub/inst/BSCANID.u_xsdbm_id/SWITCH_N_EXT_BSCAN.bscan_switch/state_temp[1]_i_2_n_0
    SLICE_X86Y3          LUT6 (Prop_lut6_I5_O)        0.124    10.818 r  dbg_hub/inst/BSCANID.u_xsdbm_id/SWITCH_N_EXT_BSCAN.bscan_switch/state_temp[1]_i_1/O
                         net (fo=1, routed)           0.000    10.818    dbg_hub/inst/BSCANID.u_xsdbm_id/SWITCH_N_EXT_BSCAN.bscan_switch/state_temp[1]_i_1_n_0
    SLICE_X86Y3          FDRE                                         r  dbg_hub/inst/BSCANID.u_xsdbm_id/SWITCH_N_EXT_BSCAN.bscan_switch/state_temp_reg[1]/D
  -------------------------------------------------------------------    -------------------

                         (clock dbg_hub/inst/BSCANID.u_xsdbm_id/SWITCH_N_EXT_BSCAN.bscan_inst/SERIES7_BSCAN.bscan_inst/TCK rise edge)
                                                     33.000    33.000 r  
    BSCAN_X0Y0           BSCANE2                      0.000    33.000 r  dbg_hub/inst/BSCANID.u_xsdbm_id/SWITCH_N_EXT_BSCAN.bscan_inst/SERIES7_BSCAN.bscan_inst/TCK
                         net (fo=1, routed)           1.849    34.849    dbg_hub/inst/BSCANID.u_xsdbm_id/tck_bs
    BUFGCTRL_X0Y16       BUFG (Prop_bufg_I_O)         0.091    34.940 r  dbg_hub/inst/BSCANID.u_xsdbm_id/SWITCH_N_EXT_BSCAN.u_bufg_icon_tck/O
                         net (fo=482, routed)         1.563    36.503    dbg_hub/inst/BSCANID.u_xsdbm_id/SWITCH_N_EXT_BSCAN.bscan_switch/s_bscan_tck
    SLICE_X86Y3          FDRE                                         r  dbg_hub/inst/BSCANID.u_xsdbm_id/SWITCH_N_EXT_BSCAN.bscan_switch/state_temp_reg[1]/C
                         clock pessimism              0.468    36.971    
                         clock uncertainty           -0.035    36.936    
    SLICE_X86Y3          FDRE (Setup_fdre_C_D)        0.077    37.013    dbg_hub/inst/BSCANID.u_xsdbm_id/SWITCH_N_EXT_BSCAN.bscan_switch/state_temp_reg[1]
  -------------------------------------------------------------------
                         required time                         37.013    
                         arrival time                         -10.818    
  -------------------------------------------------------------------
                         slack                                 26.195    

Slack (MET) :             26.647ns  (required time - arrival time)
  Source:                 dbg_hub/inst/BSCANID.u_xsdbm_id/SWITCH_N_EXT_BSCAN.bscan_switch/state_reg[1]/C
                            (rising edge-triggered cell FDRE clocked by dbg_hub/inst/BSCANID.u_xsdbm_id/SWITCH_N_EXT_BSCAN.bscan_inst/SERIES7_BSCAN.bscan_inst/TCK  {rise@0.000ns fall@16.500ns period=33.000ns})
  Destination:            dbg_hub/inst/BSCANID.u_xsdbm_id/SWITCH_N_EXT_BSCAN.bscan_switch/state_temp_reg[0]/D
                            (rising edge-triggered cell FDRE clocked by dbg_hub/inst/BSCANID.u_xsdbm_id/SWITCH_N_EXT_BSCAN.bscan_inst/SERIES7_BSCAN.bscan_inst/TCK  {rise@0.000ns fall@16.500ns period=33.000ns})
  Path Group:             dbg_hub/inst/BSCANID.u_xsdbm_id/SWITCH_N_EXT_BSCAN.bscan_inst/SERIES7_BSCAN.bscan_inst/TCK
  Path Type:              Setup (Max at Slow Process Corner)
  Requirement:            33.000ns  (dbg_hub/inst/BSCANID.u_xsdbm_id/SWITCH_N_EXT_BSCAN.bscan_inst/SERIES7_BSCAN.bscan_inst/TCK rise@33.000ns - dbg_hub/inst/BSCANID.u_xsdbm_id/SWITCH_N_EXT_BSCAN.bscan_inst/SERIES7_BSCAN.bscan_inst/TCK rise@0.000ns)
  Data Path Delay:        6.325ns  (logic 1.921ns (30.373%)  route 4.404ns (69.627%))
  Logic Levels:           5  (CARRY4=1 LUT4=1 LUT6=3)
  Clock Path Skew:        -0.022ns (DCD - SCD + CPR)
    Destination Clock Delay (DCD):    3.503ns = ( 36.503 - 33.000 ) 
    Source Clock Delay      (SCD):    3.971ns
    Clock Pessimism Removal (CPR):    0.446ns
  Clock Uncertainty:      0.035ns  ((TSJ^2 + TIJ^2)^1/2 + DJ) / 2 + PE
    Total System Jitter     (TSJ):    0.071ns
    Total Input Jitter      (TIJ):    0.000ns
    Discrete Jitter          (DJ):    0.000ns
    Phase Error              (PE):    0.000ns

    Location             Delay type                Incr(ns)  Path(ns)    Netlist Resource(s)
  -------------------------------------------------------------------    -------------------
                         (clock dbg_hub/inst/BSCANID.u_xsdbm_id/SWITCH_N_EXT_BSCAN.bscan_inst/SERIES7_BSCAN.bscan_inst/TCK rise edge)
                                                      0.000     0.000 r  
    BSCAN_X0Y0           BSCANE2                      0.000     0.000 r  dbg_hub/inst/BSCANID.u_xsdbm_id/SWITCH_N_EXT_BSCAN.bscan_inst/SERIES7_BSCAN.bscan_inst/TCK
                         net (fo=1, routed)           2.131     2.131    dbg_hub/inst/BSCANID.u_xsdbm_id/tck_bs
    BUFGCTRL_X0Y16       BUFG (Prop_bufg_I_O)         0.101     2.232 r  dbg_hub/inst/BSCANID.u_xsdbm_id/SWITCH_N_EXT_BSCAN.u_bufg_icon_tck/O
                         net (fo=482, routed)         1.739     3.971    dbg_hub/inst/BSCANID.u_xsdbm_id/SWITCH_N_EXT_BSCAN.bscan_switch/s_bscan_tck
    SLICE_X86Y3          FDRE                                         r  dbg_hub/inst/BSCANID.u_xsdbm_id/SWITCH_N_EXT_BSCAN.bscan_switch/state_reg[1]/C
  -------------------------------------------------------------------    -------------------
    SLICE_X86Y3          FDRE (Prop_fdre_C_Q)         0.478     4.449 r  dbg_hub/inst/BSCANID.u_xsdbm_id/SWITCH_N_EXT_BSCAN.bscan_switch/state_reg[1]/Q
                         net (fo=50, routed)          2.128     6.577    dbg_hub/inst/BSCANID.u_xsdbm_id/SWITCH_N_EXT_BSCAN.bscan_switch/state[1]
    SLICE_X90Y3          LUT4 (Prop_lut4_I3_O)        0.317     6.894 r  dbg_hub/inst/BSCANID.u_xsdbm_id/SWITCH_N_EXT_BSCAN.bscan_switch/curid_inferred_i_8/O
                         net (fo=2, routed)           0.972     7.866    dbg_hub/inst/BSCANID.u_xsdbm_id/SWITCH_N_EXT_BSCAN.bscan_switch/curid[24]
    SLICE_X89Y2          LUT6 (Prop_lut6_I3_O)        0.328     8.194 r  dbg_hub/inst/BSCANID.u_xsdbm_id/SWITCH_N_EXT_BSCAN.bscan_switch/state_temp[0]_i_7/O
                         net (fo=1, routed)           0.000     8.194    dbg_hub/inst/BSCANID.u_xsdbm_id/SWITCH_N_EXT_BSCAN.bscan_switch/state_temp[0]_i_7_n_0
    SLICE_X89Y2          CARRY4 (Prop_carry4_S[1]_CO[3])
                                                      0.550     8.744 f  dbg_hub/inst/BSCANID.u_xsdbm_id/SWITCH_N_EXT_BSCAN.bscan_switch/state_temp_reg[0]_i_3/CO[3]
                         net (fo=4, routed)           1.149     9.893    dbg_hub/inst/BSCANID.u_xsdbm_id/SWITCH_N_EXT_BSCAN.bscan_switch/state_temp_reg[0]_i_3_n_0
    SLICE_X87Y3          LUT6 (Prop_lut6_I0_O)        0.124    10.017 r  dbg_hub/inst/BSCANID.u_xsdbm_id/SWITCH_N_EXT_BSCAN.bscan_switch/state_temp[0]_i_2/O
                         net (fo=1, routed)           0.154    10.172    dbg_hub/inst/BSCANID.u_xsdbm_id/SWITCH_N_EXT_BSCAN.bscan_switch/state_temp[0]_i_2_n_0
    SLICE_X87Y3          LUT6 (Prop_lut6_I0_O)        0.124    10.296 r  dbg_hub/inst/BSCANID.u_xsdbm_id/SWITCH_N_EXT_BSCAN.bscan_switch/state_temp[0]_i_1/O
                         net (fo=1, routed)           0.000    10.296    dbg_hub/inst/BSCANID.u_xsdbm_id/SWITCH_N_EXT_BSCAN.bscan_switch/state_temp[0]_i_1_n_0
    SLICE_X87Y3          FDRE                                         r  dbg_hub/inst/BSCANID.u_xsdbm_id/SWITCH_N_EXT_BSCAN.bscan_switch/state_temp_reg[0]/D
  -------------------------------------------------------------------    -------------------

                         (clock dbg_hub/inst/BSCANID.u_xsdbm_id/SWITCH_N_EXT_BSCAN.bscan_inst/SERIES7_BSCAN.bscan_inst/TCK rise edge)
                                                     33.000    33.000 r  
    BSCAN_X0Y0           BSCANE2                      0.000    33.000 r  dbg_hub/inst/BSCANID.u_xsdbm_id/SWITCH_N_EXT_BSCAN.bscan_inst/SERIES7_BSCAN.bscan_inst/TCK
                         net (fo=1, routed)           1.849    34.849    dbg_hub/inst/BSCANID.u_xsdbm_id/tck_bs
    BUFGCTRL_X0Y16       BUFG (Prop_bufg_I_O)         0.091    34.940 r  dbg_hub/inst/BSCANID.u_xsdbm_id/SWITCH_N_EXT_BSCAN.u_bufg_icon_tck/O
                         net (fo=482, routed)         1.563    36.503    dbg_hub/inst/BSCANID.u_xsdbm_id/SWITCH_N_EXT_BSCAN.bscan_switch/s_bscan_tck
    SLICE_X87Y3          FDRE                                         r  dbg_hub/inst/BSCANID.u_xsdbm_id/SWITCH_N_EXT_BSCAN.bscan_switch/state_temp_reg[0]/C
                         clock pessimism              0.446    36.949    
                         clock uncertainty           -0.035    36.914    
    SLICE_X87Y3          FDRE (Setup_fdre_C_D)        0.029    36.943    dbg_hub/inst/BSCANID.u_xsdbm_id/SWITCH_N_EXT_BSCAN.bscan_switch/state_temp_reg[0]
  -------------------------------------------------------------------
                         required time                         36.943    
                         arrival time                         -10.296    
  -------------------------------------------------------------------
                         slack                                 26.647    

Slack (MET) :             27.585ns  (required time - arrival time)
  Source:                 dbg_hub/inst/BSCANID.u_xsdbm_id/CORE_XSDB.UUT_MASTER/U_ICON_INTERFACE/U_CMD6_RD/U_RD_FIFO/SUBCORE_FIFO.xsdbm_v3_0_0_rdfifo_inst/inst_fifo_gen/gconvfifo.rf/grf.rf/gntv_or_sync_fifo.gl0.rd/gr1.gr1_int.rfwft/empty_fwft_i_reg/C
                            (rising edge-triggered cell FDPE clocked by dbg_hub/inst/BSCANID.u_xsdbm_id/SWITCH_N_EXT_BSCAN.bscan_inst/SERIES7_BSCAN.bscan_inst/TCK  {rise@0.000ns fall@16.500ns period=33.000ns})
  Destination:            dbg_hub/inst/BSCANID.u_xsdbm_id/CORE_XSDB.UUT_MASTER/U_ICON_INTERFACE/U_CMD6_RD/U_RD_FIFO/SUBCORE_FIFO.xsdbm_v3_0_0_rdfifo_inst/inst_fifo_gen/gconvfifo.rf/grf.rf/gntv_or_sync_fifo.gl0.rd/gras.rsts/ram_empty_i_reg/D
                            (rising edge-triggered cell FDPE clocked by dbg_hub/inst/BSCANID.u_xsdbm_id/SWITCH_N_EXT_BSCAN.bscan_inst/SERIES7_BSCAN.bscan_inst/TCK  {rise@0.000ns fall@16.500ns period=33.000ns})
  Path Group:             dbg_hub/inst/BSCANID.u_xsdbm_id/SWITCH_N_EXT_BSCAN.bscan_inst/SERIES7_BSCAN.bscan_inst/TCK
  Path Type:              Setup (Max at Slow Process Corner)
  Requirement:            33.000ns  (dbg_hub/inst/BSCANID.u_xsdbm_id/SWITCH_N_EXT_BSCAN.bscan_inst/SERIES7_BSCAN.bscan_inst/TCK rise@33.000ns - dbg_hub/inst/BSCANID.u_xsdbm_id/SWITCH_N_EXT_BSCAN.bscan_inst/SERIES7_BSCAN.bscan_inst/TCK rise@0.000ns)
  Data Path Delay:        5.275ns  (logic 1.088ns (20.625%)  route 4.187ns (79.375%))
  Logic Levels:           4  (LUT3=1 LUT4=1 LUT6=2)
  Clock Path Skew:        -0.058ns (DCD - SCD + CPR)
    Destination Clock Delay (DCD):    3.502ns = ( 36.502 - 33.000 ) 
    Source Clock Delay      (SCD):    3.967ns
    Clock Pessimism Removal (CPR):    0.407ns
  Clock Uncertainty:      0.035ns  ((TSJ^2 + TIJ^2)^1/2 + DJ) / 2 + PE
    Total System Jitter     (TSJ):    0.071ns
    Total Input Jitter      (TIJ):    0.000ns
    Discrete Jitter          (DJ):    0.000ns
    Phase Error              (PE):    0.000ns

    Location             Delay type                Incr(ns)  Path(ns)    Netlist Resource(s)
  -------------------------------------------------------------------    -------------------
                         (clock dbg_hub/inst/BSCANID.u_xsdbm_id/SWITCH_N_EXT_BSCAN.bscan_inst/SERIES7_BSCAN.bscan_inst/TCK rise edge)
                                                      0.000     0.000 r  
    BSCAN_X0Y0           BSCANE2                      0.000     0.000 r  dbg_hub/inst/BSCANID.u_xsdbm_id/SWITCH_N_EXT_BSCAN.bscan_inst/SERIES7_BSCAN.bscan_inst/TCK
                         net (fo=1, routed)           2.131     2.131    dbg_hub/inst/BSCANID.u_xsdbm_id/tck_bs
    BUFGCTRL_X0Y16       BUFG (Prop_bufg_I_O)         0.101     2.232 r  dbg_hub/inst/BSCANID.u_xsdbm_id/SWITCH_N_EXT_BSCAN.u_bufg_icon_tck/O
                         net (fo=482, routed)         1.735     3.967    dbg_hub/inst/BSCANID.u_xsdbm_id/CORE_XSDB.UUT_MASTER/U_ICON_INTERFACE/U_CMD6_RD/U_RD_FIFO/SUBCORE_FIFO.xsdbm_v3_0_0_rdfifo_inst/inst_fifo_gen/gconvfifo.rf/grf.rf/gntv_or_sync_fifo.gl0.rd/gr1.gr1_int.rfwft/rd_clk
    SLICE_X79Y3          FDPE                                         r  dbg_hub/inst/BSCANID.u_xsdbm_id/CORE_XSDB.UUT_MASTER/U_ICON_INTERFACE/U_CMD6_RD/U_RD_FIFO/SUBCORE_FIFO.xsdbm_v3_0_0_rdfifo_inst/inst_fifo_gen/gconvfifo.rf/grf.rf/gntv_or_sync_fifo.gl0.rd/gr1.gr1_int.rfwft/empty_fwft_i_reg/C
  -------------------------------------------------------------------    -------------------
    SLICE_X79Y3          FDPE (Prop_fdpe_C_Q)         0.419     4.386 f  dbg_hub/inst/BSCANID.u_xsdbm_id/CORE_XSDB.UUT_MASTER/U_ICON_INTERFACE/U_CMD6_RD/U_RD_FIFO/SUBCORE_FIFO.xsdbm_v3_0_0_rdfifo_inst/inst_fifo_gen/gconvfifo.rf/grf.rf/gntv_or_sync_fifo.gl0.rd/gr1.gr1_int.rfwft/empty_fwft_i_reg/Q
                         net (fo=2, routed)           0.973     5.359    dbg_hub/inst/BSCANID.u_xsdbm_id/CORE_XSDB.UUT_MASTER/U_ICON_INTERFACE/U_CMD6_RD/U_RD_FIFO/SUBCORE_FIFO.xsdbm_v3_0_0_rdfifo_inst_n_20
    SLICE_X78Y6          LUT6 (Prop_lut6_I4_O)        0.297     5.656 r  dbg_hub/inst/BSCANID.u_xsdbm_id/CORE_XSDB.UUT_MASTER/U_ICON_INTERFACE/U_CMD6_RD/U_RD_FIFO/SUBCORE_FIFO.xsdbm_v3_0_0_rdfifo_inst_i_3/O
                         net (fo=17, routed)          1.024     6.680    dbg_hub/inst/BSCANID.u_xsdbm_id/CORE_XSDB.UUT_MASTER/U_ICON_INTERFACE/U_CMD6_RD/U_RD_FIFO/SUBCORE_FIFO.xsdbm_v3_0_0_rdfifo_inst_i_3_n_0
    SLICE_X78Y4          LUT3 (Prop_lut3_I0_O)        0.124     6.804 r  dbg_hub/inst/BSCANID.u_xsdbm_id/CORE_XSDB.UUT_MASTER/U_ICON_INTERFACE/U_CMD6_RD/U_RD_FIFO/SUBCORE_FIFO.xsdbm_v3_0_0_rdfifo_inst_i_2/O
                         net (fo=10, routed)          0.607     7.411    dbg_hub/inst/BSCANID.u_xsdbm_id/CORE_XSDB.UUT_MASTER/U_ICON_INTERFACE/U_CMD6_RD/U_RD_FIFO/SUBCORE_FIFO.xsdbm_v3_0_0_rdfifo_inst/inst_fifo_gen/gconvfifo.rf/grf.rf/gntv_or_sync_fifo.gl0.rd/gr1.gr1_int.rfwft/rd_en
    SLICE_X78Y3          LUT6 (Prop_lut6_I1_O)        0.124     7.535 r  dbg_hub/inst/BSCANID.u_xsdbm_id/CORE_XSDB.UUT_MASTER/U_ICON_INTERFACE/U_CMD6_RD/U_RD_FIFO/SUBCORE_FIFO.xsdbm_v3_0_0_rdfifo_inst/inst_fifo_gen/gconvfifo.rf/grf.rf/gntv_or_sync_fifo.gl0.rd/gr1.gr1_int.rfwft/ram_empty_i_i_5/O
                         net (fo=1, routed)           0.792     8.327    dbg_hub/inst/BSCANID.u_xsdbm_id/CORE_XSDB.UUT_MASTER/U_ICON_INTERFACE/U_CMD6_RD/U_RD_FIFO/SUBCORE_FIFO.xsdbm_v3_0_0_rdfifo_inst/inst_fifo_gen/gconvfifo.rf/grf.rf/gntv_or_sync_fifo.gl0.rd/rpntr/ram_empty_i_reg_0
    SLICE_X77Y3          LUT4 (Prop_lut4_I3_O)        0.124     8.451 r  dbg_hub/inst/BSCANID.u_xsdbm_id/CORE_XSDB.UUT_MASTER/U_ICON_INTERFACE/U_CMD6_RD/U_RD_FIFO/SUBCORE_FIFO.xsdbm_v3_0_0_rdfifo_inst/inst_fifo_gen/gconvfifo.rf/grf.rf/gntv_or_sync_fifo.gl0.rd/rpntr/ram_empty_i_i_1/O
                         net (fo=2, routed)           0.791     9.242    dbg_hub/inst/BSCANID.u_xsdbm_id/CORE_XSDB.UUT_MASTER/U_ICON_INTERFACE/U_CMD6_RD/U_RD_FIFO/SUBCORE_FIFO.xsdbm_v3_0_0_rdfifo_inst/inst_fifo_gen/gconvfifo.rf/grf.rf/gntv_or_sync_fifo.gl0.rd/gras.rsts/ram_empty_i_reg_0
    SLICE_X80Y3          FDPE                                         r  dbg_hub/inst/BSCANID.u_xsdbm_id/CORE_XSDB.UUT_MASTER/U_ICON_INTERFACE/U_CMD6_RD/U_RD_FIFO/SUBCORE_FIFO.xsdbm_v3_0_0_rdfifo_inst/inst_fifo_gen/gconvfifo.rf/grf.rf/gntv_or_sync_fifo.gl0.rd/gras.rsts/ram_empty_i_reg/D
  -------------------------------------------------------------------    -------------------

                         (clock dbg_hub/inst/BSCANID.u_xsdbm_id/SWITCH_N_EXT_BSCAN.bscan_inst/SERIES7_BSCAN.bscan_inst/TCK rise edge)
                                                     33.000    33.000 r  
    BSCAN_X0Y0           BSCANE2                      0.000    33.000 r  dbg_hub/inst/BSCANID.u_xsdbm_id/SWITCH_N_EXT_BSCAN.bscan_inst/SERIES7_BSCAN.bscan_inst/TCK
                         net (fo=1, routed)           1.849    34.849    dbg_hub/inst/BSCANID.u_xsdbm_id/tck_bs
    BUFGCTRL_X0Y16       BUFG (Prop_bufg_I_O)         0.091    34.940 r  dbg_hub/inst/BSCANID.u_xsdbm_id/SWITCH_N_EXT_BSCAN.u_bufg_icon_tck/O
                         net (fo=482, routed)         1.562    36.502    dbg_hub/inst/BSCANID.u_xsdbm_id/CORE_XSDB.UUT_MASTER/U_ICON_INTERFACE/U_CMD6_RD/U_RD_FIFO/SUBCORE_FIFO.xsdbm_v3_0_0_rdfifo_inst/inst_fifo_gen/gconvfifo.rf/grf.rf/gntv_or_sync_fifo.gl0.rd/gras.rsts/rd_clk
    SLICE_X80Y3          FDPE                                         r  dbg_hub/inst/BSCANID.u_xsdbm_id/CORE_XSDB.UUT_MASTER/U_ICON_INTERFACE/U_CMD6_RD/U_RD_FIFO/SUBCORE_FIFO.xsdbm_v3_0_0_rdfifo_inst/inst_fifo_gen/gconvfifo.rf/grf.rf/gntv_or_sync_fifo.gl0.rd/gras.rsts/ram_empty_i_reg/C
                         clock pessimism              0.407    36.909    
                         clock uncertainty           -0.035    36.874    
    SLICE_X80Y3          FDPE (Setup_fdpe_C_D)       -0.047    36.827    dbg_hub/inst/BSCANID.u_xsdbm_id/CORE_XSDB.UUT_MASTER/U_ICON_INTERFACE/U_CMD6_RD/U_RD_FIFO/SUBCORE_FIFO.xsdbm_v3_0_0_rdfifo_inst/inst_fifo_gen/gconvfifo.rf/grf.rf/gntv_or_sync_fifo.gl0.rd/gras.rsts/ram_empty_i_reg
  -------------------------------------------------------------------
                         required time                         36.827    
                         arrival time                          -9.242    
  -------------------------------------------------------------------
                         slack                                 27.585    





Min Delay Paths
--------------------------------------------------------------------------------------
Slack (MET) :             0.097ns  (arrival time - required time)
  Source:                 dbg_hub/inst/BSCANID.u_xsdbm_id/CORE_XSDB.UUT_MASTER/U_ICON_INTERFACE/U_CMD6_WR/shift_reg_in_reg[9]/C
                            (rising edge-triggered cell FDCE clocked by dbg_hub/inst/BSCANID.u_xsdbm_id/SWITCH_N_EXT_BSCAN.bscan_inst/SERIES7_BSCAN.bscan_inst/TCK  {rise@0.000ns fall@16.500ns period=33.000ns})
  Destination:            dbg_hub/inst/BSCANID.u_xsdbm_id/CORE_XSDB.UUT_MASTER/U_ICON_INTERFACE/U_CMD6_WR/U_WR_FIFO/SUBCORE_FIFO.xsdbm_v3_0_0_wrfifo_inst/inst_fifo_gen/gconvfifo.rf/grf.rf/gntv_or_sync_fifo.mem/gdm.dm_gen.dm/RAM_reg_0_15_6_11/RAMB/I
                            (rising edge-triggered cell RAMD32 clocked by dbg_hub/inst/BSCANID.u_xsdbm_id/SWITCH_N_EXT_BSCAN.bscan_inst/SERIES7_BSCAN.bscan_inst/TCK  {rise@0.000ns fall@16.500ns period=33.000ns})
  Path Group:             dbg_hub/inst/BSCANID.u_xsdbm_id/SWITCH_N_EXT_BSCAN.bscan_inst/SERIES7_BSCAN.bscan_inst/TCK
  Path Type:              Hold (Min at Fast Process Corner)
  Requirement:            0.000ns  (dbg_hub/inst/BSCANID.u_xsdbm_id/SWITCH_N_EXT_BSCAN.bscan_inst/SERIES7_BSCAN.bscan_inst/TCK rise@0.000ns - dbg_hub/inst/BSCANID.u_xsdbm_id/SWITCH_N_EXT_BSCAN.bscan_inst/SERIES7_BSCAN.bscan_inst/TCK rise@0.000ns)
  Data Path Delay:        0.203ns  (logic 0.128ns (63.195%)  route 0.075ns (36.805%))
  Logic Levels:           0  
  Clock Path Skew:        0.013ns (DCD - SCD - CPR)
    Destination Clock Delay (DCD):    1.957ns
    Source Clock Delay      (SCD):    1.567ns
    Clock Pessimism Removal (CPR):    0.377ns

    Location             Delay type                Incr(ns)  Path(ns)    Netlist Resource(s)
  -------------------------------------------------------------------    -------------------
                         (clock dbg_hub/inst/BSCANID.u_xsdbm_id/SWITCH_N_EXT_BSCAN.bscan_inst/SERIES7_BSCAN.bscan_inst/TCK rise edge)
                                                      0.000     0.000 r  
    BSCAN_X0Y0           BSCANE2                      0.000     0.000 r  dbg_hub/inst/BSCANID.u_xsdbm_id/SWITCH_N_EXT_BSCAN.bscan_inst/SERIES7_BSCAN.bscan_inst/TCK
                         net (fo=1, routed)           0.956     0.956    dbg_hub/inst/BSCANID.u_xsdbm_id/tck_bs
    BUFGCTRL_X0Y16       BUFG (Prop_bufg_I_O)         0.026     0.982 r  dbg_hub/inst/BSCANID.u_xsdbm_id/SWITCH_N_EXT_BSCAN.u_bufg_icon_tck/O
                         net (fo=482, routed)         0.585     1.567    dbg_hub/inst/BSCANID.u_xsdbm_id/CORE_XSDB.UUT_MASTER/U_ICON_INTERFACE/U_CMD6_WR/m_bscan_tck[0]
    SLICE_X67Y4          FDCE                                         r  dbg_hub/inst/BSCANID.u_xsdbm_id/CORE_XSDB.UUT_MASTER/U_ICON_INTERFACE/U_CMD6_WR/shift_reg_in_reg[9]/C
  -------------------------------------------------------------------    -------------------
    SLICE_X67Y4          FDCE (Prop_fdce_C_Q)         0.128     1.695 r  dbg_hub/inst/BSCANID.u_xsdbm_id/CORE_XSDB.UUT_MASTER/U_ICON_INTERFACE/U_CMD6_WR/shift_reg_in_reg[9]/Q
                         net (fo=2, routed)           0.075     1.769    dbg_hub/inst/BSCANID.u_xsdbm_id/CORE_XSDB.UUT_MASTER/U_ICON_INTERFACE/U_CMD6_WR/U_WR_FIFO/SUBCORE_FIFO.xsdbm_v3_0_0_wrfifo_inst/inst_fifo_gen/gconvfifo.rf/grf.rf/gntv_or_sync_fifo.mem/gdm.dm_gen.dm/RAM_reg_0_15_6_11/DIB0
    SLICE_X66Y4          RAMD32                                       r  dbg_hub/inst/BSCANID.u_xsdbm_id/CORE_XSDB.UUT_MASTER/U_ICON_INTERFACE/U_CMD6_WR/U_WR_FIFO/SUBCORE_FIFO.xsdbm_v3_0_0_wrfifo_inst/inst_fifo_gen/gconvfifo.rf/grf.rf/gntv_or_sync_fifo.mem/gdm.dm_gen.dm/RAM_reg_0_15_6_11/RAMB/I
  -------------------------------------------------------------------    -------------------

                         (clock dbg_hub/inst/BSCANID.u_xsdbm_id/SWITCH_N_EXT_BSCAN.bscan_inst/SERIES7_BSCAN.bscan_inst/TCK rise edge)
                                                      0.000     0.000 r  
    BSCAN_X0Y0           BSCANE2                      0.000     0.000 r  dbg_hub/inst/BSCANID.u_xsdbm_id/SWITCH_N_EXT_BSCAN.bscan_inst/SERIES7_BSCAN.bscan_inst/TCK
                         net (fo=1, routed)           1.075     1.075    dbg_hub/inst/BSCANID.u_xsdbm_id/tck_bs
    BUFGCTRL_X0Y16       BUFG (Prop_bufg_I_O)         0.029     1.104 r  dbg_hub/inst/BSCANID.u_xsdbm_id/SWITCH_N_EXT_BSCAN.u_bufg_icon_tck/O
                         net (fo=482, routed)         0.853     1.957    dbg_hub/inst/BSCANID.u_xsdbm_id/CORE_XSDB.UUT_MASTER/U_ICON_INTERFACE/U_CMD6_WR/U_WR_FIFO/SUBCORE_FIFO.xsdbm_v3_0_0_wrfifo_inst/inst_fifo_gen/gconvfifo.rf/grf.rf/gntv_or_sync_fifo.mem/gdm.dm_gen.dm/RAM_reg_0_15_6_11/WCLK
    SLICE_X66Y4          RAMD32                                       r  dbg_hub/inst/BSCANID.u_xsdbm_id/CORE_XSDB.UUT_MASTER/U_ICON_INTERFACE/U_CMD6_WR/U_WR_FIFO/SUBCORE_FIFO.xsdbm_v3_0_0_wrfifo_inst/inst_fifo_gen/gconvfifo.rf/grf.rf/gntv_or_sync_fifo.mem/gdm.dm_gen.dm/RAM_reg_0_15_6_11/RAMB/CLK
                         clock pessimism             -0.377     1.580    
    SLICE_X66Y4          RAMD32 (Hold_ramd32_CLK_I)
                                                      0.093     1.673    dbg_hub/inst/BSCANID.u_xsdbm_id/CORE_XSDB.UUT_MASTER/U_ICON_INTERFACE/U_CMD6_WR/U_WR_FIFO/SUBCORE_FIFO.xsdbm_v3_0_0_wrfifo_inst/inst_fifo_gen/gconvfifo.rf/grf.rf/gntv_or_sync_fifo.mem/gdm.dm_gen.dm/RAM_reg_0_15_6_11/RAMB
  -------------------------------------------------------------------
                         required time                         -1.673    
                         arrival time                           1.769    
  -------------------------------------------------------------------
                         slack                                  0.097    

Slack (MET) :             0.112ns  (arrival time - required time)
  Source:                 dbg_hub/inst/BSCANID.u_xsdbm_id/CORE_XSDB.UUT_MASTER/U_ICON_INTERFACE/U_CMD6_WR/shift_reg_in_reg[1]/C
                            (rising edge-triggered cell FDCE clocked by dbg_hub/inst/BSCANID.u_xsdbm_id/SWITCH_N_EXT_BSCAN.bscan_inst/SERIES7_BSCAN.bscan_inst/TCK  {rise@0.000ns fall@16.500ns period=33.000ns})
  Destination:            dbg_hub/inst/BSCANID.u_xsdbm_id/CORE_XSDB.UUT_MASTER/U_ICON_INTERFACE/U_CMD6_WR/U_WR_FIFO/SUBCORE_FIFO.xsdbm_v3_0_0_wrfifo_inst/inst_fifo_gen/gconvfifo.rf/grf.rf/gntv_or_sync_fifo.mem/gdm.dm_gen.dm/RAM_reg_0_15_0_5/RAMA/I
                            (rising edge-triggered cell RAMD32 clocked by dbg_hub/inst/BSCANID.u_xsdbm_id/SWITCH_N_EXT_BSCAN.bscan_inst/SERIES7_BSCAN.bscan_inst/TCK  {rise@0.000ns fall@16.500ns period=33.000ns})
  Path Group:             dbg_hub/inst/BSCANID.u_xsdbm_id/SWITCH_N_EXT_BSCAN.bscan_inst/SERIES7_BSCAN.bscan_inst/TCK
  Path Type:              Hold (Min at Fast Process Corner)
  Requirement:            0.000ns  (dbg_hub/inst/BSCANID.u_xsdbm_id/SWITCH_N_EXT_BSCAN.bscan_inst/SERIES7_BSCAN.bscan_inst/TCK rise@0.000ns - dbg_hub/inst/BSCANID.u_xsdbm_id/SWITCH_N_EXT_BSCAN.bscan_inst/SERIES7_BSCAN.bscan_inst/TCK rise@0.000ns)
  Data Path Delay:        0.274ns  (logic 0.164ns (59.853%)  route 0.110ns (40.147%))
  Logic Levels:           0  
  Clock Path Skew:        0.015ns (DCD - SCD - CPR)
    Destination Clock Delay (DCD):    1.957ns
    Source Clock Delay      (SCD):    1.568ns
    Clock Pessimism Removal (CPR):    0.374ns

    Location             Delay type                Incr(ns)  Path(ns)    Netlist Resource(s)
  -------------------------------------------------------------------    -------------------
                         (clock dbg_hub/inst/BSCANID.u_xsdbm_id/SWITCH_N_EXT_BSCAN.bscan_inst/SERIES7_BSCAN.bscan_inst/TCK rise edge)
                                                      0.000     0.000 r  
    BSCAN_X0Y0           BSCANE2                      0.000     0.000 r  dbg_hub/inst/BSCANID.u_xsdbm_id/SWITCH_N_EXT_BSCAN.bscan_inst/SERIES7_BSCAN.bscan_inst/TCK
                         net (fo=1, routed)           0.956     0.956    dbg_hub/inst/BSCANID.u_xsdbm_id/tck_bs
    BUFGCTRL_X0Y16       BUFG (Prop_bufg_I_O)         0.026     0.982 r  dbg_hub/inst/BSCANID.u_xsdbm_id/SWITCH_N_EXT_BSCAN.u_bufg_icon_tck/O
                         net (fo=482, routed)         0.586     1.568    dbg_hub/inst/BSCANID.u_xsdbm_id/CORE_XSDB.UUT_MASTER/U_ICON_INTERFACE/U_CMD6_WR/m_bscan_tck[0]
    SLICE_X66Y2          FDCE                                         r  dbg_hub/inst/BSCANID.u_xsdbm_id/CORE_XSDB.UUT_MASTER/U_ICON_INTERFACE/U_CMD6_WR/shift_reg_in_reg[1]/C
  -------------------------------------------------------------------    -------------------
    SLICE_X66Y2          FDCE (Prop_fdce_C_Q)         0.164     1.732 r  dbg_hub/inst/BSCANID.u_xsdbm_id/CORE_XSDB.UUT_MASTER/U_ICON_INTERFACE/U_CMD6_WR/shift_reg_in_reg[1]/Q
                         net (fo=2, routed)           0.110     1.842    dbg_hub/inst/BSCANID.u_xsdbm_id/CORE_XSDB.UUT_MASTER/U_ICON_INTERFACE/U_CMD6_WR/U_WR_FIFO/SUBCORE_FIFO.xsdbm_v3_0_0_wrfifo_inst/inst_fifo_gen/gconvfifo.rf/grf.rf/gntv_or_sync_fifo.mem/gdm.dm_gen.dm/RAM_reg_0_15_0_5/DIA0
    SLICE_X66Y3          RAMD32                                       r  dbg_hub/inst/BSCANID.u_xsdbm_id/CORE_XSDB.UUT_MASTER/U_ICON_INTERFACE/U_CMD6_WR/U_WR_FIFO/SUBCORE_FIFO.xsdbm_v3_0_0_wrfifo_inst/inst_fifo_gen/gconvfifo.rf/grf.rf/gntv_or_sync_fifo.mem/gdm.dm_gen.dm/RAM_reg_0_15_0_5/RAMA/I
  -------------------------------------------------------------------    -------------------

                         (clock dbg_hub/inst/BSCANID.u_xsdbm_id/SWITCH_N_EXT_BSCAN.bscan_inst/SERIES7_BSCAN.bscan_inst/TCK rise edge)
                                                      0.000     0.000 r  
    BSCAN_X0Y0           BSCANE2                      0.000     0.000 r  dbg_hub/inst/BSCANID.u_xsdbm_id/SWITCH_N_EXT_BSCAN.bscan_inst/SERIES7_BSCAN.bscan_inst/TCK
                         net (fo=1, routed)           1.075     1.075    dbg_hub/inst/BSCANID.u_xsdbm_id/tck_bs
    BUFGCTRL_X0Y16       BUFG (Prop_bufg_I_O)         0.029     1.104 r  dbg_hub/inst/BSCANID.u_xsdbm_id/SWITCH_N_EXT_BSCAN.u_bufg_icon_tck/O
                         net (fo=482, routed)         0.853     1.957    dbg_hub/inst/BSCANID.u_xsdbm_id/CORE_XSDB.UUT_MASTER/U_ICON_INTERFACE/U_CMD6_WR/U_WR_FIFO/SUBCORE_FIFO.xsdbm_v3_0_0_wrfifo_inst/inst_fifo_gen/gconvfifo.rf/grf.rf/gntv_or_sync_fifo.mem/gdm.dm_gen.dm/RAM_reg_0_15_0_5/WCLK
    SLICE_X66Y3          RAMD32                                       r  dbg_hub/inst/BSCANID.u_xsdbm_id/CORE_XSDB.UUT_MASTER/U_ICON_INTERFACE/U_CMD6_WR/U_WR_FIFO/SUBCORE_FIFO.xsdbm_v3_0_0_wrfifo_inst/inst_fifo_gen/gconvfifo.rf/grf.rf/gntv_or_sync_fifo.mem/gdm.dm_gen.dm/RAM_reg_0_15_0_5/RAMA/CLK
                         clock pessimism             -0.374     1.583    
    SLICE_X66Y3          RAMD32 (Hold_ramd32_CLK_I)
                                                      0.147     1.730    dbg_hub/inst/BSCANID.u_xsdbm_id/CORE_XSDB.UUT_MASTER/U_ICON_INTERFACE/U_CMD6_WR/U_WR_FIFO/SUBCORE_FIFO.xsdbm_v3_0_0_wrfifo_inst/inst_fifo_gen/gconvfifo.rf/grf.rf/gntv_or_sync_fifo.mem/gdm.dm_gen.dm/RAM_reg_0_15_0_5/RAMA
  -------------------------------------------------------------------
                         required time                         -1.730    
                         arrival time                           1.842    
  -------------------------------------------------------------------
                         slack                                  0.112    

Slack (MET) :             0.122ns  (arrival time - required time)
  Source:                 dbg_hub/inst/BSCANID.u_xsdbm_id/CORE_XSDB.UUT_MASTER/U_ICON_INTERFACE/U_CMD6_RD/U_RD_FIFO/SUBCORE_FIFO.xsdbm_v3_0_0_rdfifo_inst/inst_fifo_gen/gconvfifo.rf/grf.rf/gntv_or_sync_fifo.gcx.clkx/gnxpm_cdc.gsync_stage[1].rd_stg_inst/Q_reg_reg[3]/C
                            (rising edge-triggered cell FDCE clocked by dbg_hub/inst/BSCANID.u_xsdbm_id/SWITCH_N_EXT_BSCAN.bscan_inst/SERIES7_BSCAN.bscan_inst/TCK  {rise@0.000ns fall@16.500ns period=33.000ns})
  Destination:            dbg_hub/inst/BSCANID.u_xsdbm_id/CORE_XSDB.UUT_MASTER/U_ICON_INTERFACE/U_CMD6_RD/U_RD_FIFO/SUBCORE_FIFO.xsdbm_v3_0_0_rdfifo_inst/inst_fifo_gen/gconvfifo.rf/grf.rf/gntv_or_sync_fifo.gcx.clkx/gnxpm_cdc.gsync_stage[2].rd_stg_inst/Q_reg_reg[3]/D
                            (rising edge-triggered cell FDCE clocked by dbg_hub/inst/BSCANID.u_xsdbm_id/SWITCH_N_EXT_BSCAN.bscan_inst/SERIES7_BSCAN.bscan_inst/TCK  {rise@0.000ns fall@16.500ns period=33.000ns})
  Path Group:             dbg_hub/inst/BSCANID.u_xsdbm_id/SWITCH_N_EXT_BSCAN.bscan_inst/SERIES7_BSCAN.bscan_inst/TCK
  Path Type:              Hold (Min at Fast Process Corner)
  Requirement:            0.000ns  (dbg_hub/inst/BSCANID.u_xsdbm_id/SWITCH_N_EXT_BSCAN.bscan_inst/SERIES7_BSCAN.bscan_inst/TCK rise@0.000ns - dbg_hub/inst/BSCANID.u_xsdbm_id/SWITCH_N_EXT_BSCAN.bscan_inst/SERIES7_BSCAN.bscan_inst/TCK rise@0.000ns)
  Data Path Delay:        0.197ns  (logic 0.141ns (71.611%)  route 0.056ns (28.389%))
  Logic Levels:           0  
  Clock Path Skew:        0.000ns (DCD - SCD - CPR)
    Destination Clock Delay (DCD):    1.959ns
    Source Clock Delay      (SCD):    1.570ns
    Clock Pessimism Removal (CPR):    0.389ns

    Location             Delay type                Incr(ns)  Path(ns)    Netlist Resource(s)
  -------------------------------------------------------------------    -------------------
                         (clock dbg_hub/inst/BSCANID.u_xsdbm_id/SWITCH_N_EXT_BSCAN.bscan_inst/SERIES7_BSCAN.bscan_inst/TCK rise edge)
                                                      0.000     0.000 r  
    BSCAN_X0Y0           BSCANE2                      0.000     0.000 r  dbg_hub/inst/BSCANID.u_xsdbm_id/SWITCH_N_EXT_BSCAN.bscan_inst/SERIES7_BSCAN.bscan_inst/TCK
                         net (fo=1, routed)           0.956     0.956    dbg_hub/inst/BSCANID.u_xsdbm_id/tck_bs
    BUFGCTRL_X0Y16       BUFG (Prop_bufg_I_O)         0.026     0.982 r  dbg_hub/inst/BSCANID.u_xsdbm_id/SWITCH_N_EXT_BSCAN.u_bufg_icon_tck/O
                         net (fo=482, routed)         0.588     1.570    dbg_hub/inst/BSCANID.u_xsdbm_id/CORE_XSDB.UUT_MASTER/U_ICON_INTERFACE/U_CMD6_RD/U_RD_FIFO/SUBCORE_FIFO.xsdbm_v3_0_0_rdfifo_inst/inst_fifo_gen/gconvfifo.rf/grf.rf/gntv_or_sync_fifo.gcx.clkx/gnxpm_cdc.gsync_stage[1].rd_stg_inst/rd_clk
    SLICE_X75Y3          FDCE                                         r  dbg_hub/inst/BSCANID.u_xsdbm_id/CORE_XSDB.UUT_MASTER/U_ICON_INTERFACE/U_CMD6_RD/U_RD_FIFO/SUBCORE_FIFO.xsdbm_v3_0_0_rdfifo_inst/inst_fifo_gen/gconvfifo.rf/grf.rf/gntv_or_sync_fifo.gcx.clkx/gnxpm_cdc.gsync_stage[1].rd_stg_inst/Q_reg_reg[3]/C
  -------------------------------------------------------------------    -------------------
    SLICE_X75Y3          FDCE (Prop_fdce_C_Q)         0.141     1.711 r  dbg_hub/inst/BSCANID.u_xsdbm_id/CORE_XSDB.UUT_MASTER/U_ICON_INTERFACE/U_CMD6_RD/U_RD_FIFO/SUBCORE_FIFO.xsdbm_v3_0_0_rdfifo_inst/inst_fifo_gen/gconvfifo.rf/grf.rf/gntv_or_sync_fifo.gcx.clkx/gnxpm_cdc.gsync_stage[1].rd_stg_inst/Q_reg_reg[3]/Q
                         net (fo=1, routed)           0.056     1.766    dbg_hub/inst/BSCANID.u_xsdbm_id/CORE_XSDB.UUT_MASTER/U_ICON_INTERFACE/U_CMD6_RD/U_RD_FIFO/SUBCORE_FIFO.xsdbm_v3_0_0_rdfifo_inst/inst_fifo_gen/gconvfifo.rf/grf.rf/gntv_or_sync_fifo.gcx.clkx/gnxpm_cdc.gsync_stage[2].rd_stg_inst/Q_reg_reg[3]_0[3]
    SLICE_X75Y3          FDCE                                         r  dbg_hub/inst/BSCANID.u_xsdbm_id/CORE_XSDB.UUT_MASTER/U_ICON_INTERFACE/U_CMD6_RD/U_RD_FIFO/SUBCORE_FIFO.xsdbm_v3_0_0_rdfifo_inst/inst_fifo_gen/gconvfifo.rf/grf.rf/gntv_or_sync_fifo.gcx.clkx/gnxpm_cdc.gsync_stage[2].rd_stg_inst/Q_reg_reg[3]/D
  -------------------------------------------------------------------    -------------------

                         (clock dbg_hub/inst/BSCANID.u_xsdbm_id/SWITCH_N_EXT_BSCAN.bscan_inst/SERIES7_BSCAN.bscan_inst/TCK rise edge)
                                                      0.000     0.000 r  
    BSCAN_X0Y0           BSCANE2                      0.000     0.000 r  dbg_hub/inst/BSCANID.u_xsdbm_id/SWITCH_N_EXT_BSCAN.bscan_inst/SERIES7_BSCAN.bscan_inst/TCK
                         net (fo=1, routed)           1.075     1.075    dbg_hub/inst/BSCANID.u_xsdbm_id/tck_bs
    BUFGCTRL_X0Y16       BUFG (Prop_bufg_I_O)         0.029     1.104 r  dbg_hub/inst/BSCANID.u_xsdbm_id/SWITCH_N_EXT_BSCAN.u_bufg_icon_tck/O
                         net (fo=482, routed)         0.855     1.959    dbg_hub/inst/BSCANID.u_xsdbm_id/CORE_XSDB.UUT_MASTER/U_ICON_INTERFACE/U_CMD6_RD/U_RD_FIFO/SUBCORE_FIFO.xsdbm_v3_0_0_rdfifo_inst/inst_fifo_gen/gconvfifo.rf/grf.rf/gntv_or_sync_fifo.gcx.clkx/gnxpm_cdc.gsync_stage[2].rd_stg_inst/rd_clk
    SLICE_X75Y3          FDCE                                         r  dbg_hub/inst/BSCANID.u_xsdbm_id/CORE_XSDB.UUT_MASTER/U_ICON_INTERFACE/U_CMD6_RD/U_RD_FIFO/SUBCORE_FIFO.xsdbm_v3_0_0_rdfifo_inst/inst_fifo_gen/gconvfifo.rf/grf.rf/gntv_or_sync_fifo.gcx.clkx/gnxpm_cdc.gsync_stage[2].rd_stg_inst/Q_reg_reg[3]/C
                         clock pessimism             -0.389     1.570    
    SLICE_X75Y3          FDCE (Hold_fdce_C_D)         0.075     1.645    dbg_hub/inst/BSCANID.u_xsdbm_id/CORE_XSDB.UUT_MASTER/U_ICON_INTERFACE/U_CMD6_RD/U_RD_FIFO/SUBCORE_FIFO.xsdbm_v3_0_0_rdfifo_inst/inst_fifo_gen/gconvfifo.rf/grf.rf/gntv_or_sync_fifo.gcx.clkx/gnxpm_cdc.gsync_stage[2].rd_stg_inst/Q_reg_reg[3]
  -------------------------------------------------------------------
                         required time                         -1.645    
                         arrival time                           1.766    
  -------------------------------------------------------------------
                         slack                                  0.122    

Slack (MET) :             0.122ns  (arrival time - required time)
  Source:                 dbg_hub/inst/BSCANID.u_xsdbm_id/SWITCH_N_EXT_BSCAN.bscan_switch/state_temp_reg[0]/C
                            (rising edge-triggered cell FDRE clocked by dbg_hub/inst/BSCANID.u_xsdbm_id/SWITCH_N_EXT_BSCAN.bscan_inst/SERIES7_BSCAN.bscan_inst/TCK  {rise@0.000ns fall@16.500ns period=33.000ns})
  Destination:            dbg_hub/inst/BSCANID.u_xsdbm_id/SWITCH_N_EXT_BSCAN.bscan_switch/state_reg[0]/D
                            (rising edge-triggered cell FDRE clocked by dbg_hub/inst/BSCANID.u_xsdbm_id/SWITCH_N_EXT_BSCAN.bscan_inst/SERIES7_BSCAN.bscan_inst/TCK  {rise@0.000ns fall@16.500ns period=33.000ns})
  Path Group:             dbg_hub/inst/BSCANID.u_xsdbm_id/SWITCH_N_EXT_BSCAN.bscan_inst/SERIES7_BSCAN.bscan_inst/TCK
  Path Type:              Hold (Min at Fast Process Corner)
  Requirement:            0.000ns  (dbg_hub/inst/BSCANID.u_xsdbm_id/SWITCH_N_EXT_BSCAN.bscan_inst/SERIES7_BSCAN.bscan_inst/TCK rise@0.000ns - dbg_hub/inst/BSCANID.u_xsdbm_id/SWITCH_N_EXT_BSCAN.bscan_inst/SERIES7_BSCAN.bscan_inst/TCK rise@0.000ns)
  Data Path Delay:        0.197ns  (logic 0.141ns (71.611%)  route 0.056ns (28.389%))
  Logic Levels:           0  
  Clock Path Skew:        0.000ns (DCD - SCD - CPR)
    Destination Clock Delay (DCD):    1.962ns
    Source Clock Delay      (SCD):    1.572ns
    Clock Pessimism Removal (CPR):    0.390ns

    Location             Delay type                Incr(ns)  Path(ns)    Netlist Resource(s)
  -------------------------------------------------------------------    -------------------
                         (clock dbg_hub/inst/BSCANID.u_xsdbm_id/SWITCH_N_EXT_BSCAN.bscan_inst/SERIES7_BSCAN.bscan_inst/TCK rise edge)
                                                      0.000     0.000 r  
    BSCAN_X0Y0           BSCANE2                      0.000     0.000 r  dbg_hub/inst/BSCANID.u_xsdbm_id/SWITCH_N_EXT_BSCAN.bscan_inst/SERIES7_BSCAN.bscan_inst/TCK
                         net (fo=1, routed)           0.956     0.956    dbg_hub/inst/BSCANID.u_xsdbm_id/tck_bs
    BUFGCTRL_X0Y16       BUFG (Prop_bufg_I_O)         0.026     0.982 r  dbg_hub/inst/BSCANID.u_xsdbm_id/SWITCH_N_EXT_BSCAN.u_bufg_icon_tck/O
                         net (fo=482, routed)         0.590     1.572    dbg_hub/inst/BSCANID.u_xsdbm_id/SWITCH_N_EXT_BSCAN.bscan_switch/s_bscan_tck
    SLICE_X87Y3          FDRE                                         r  dbg_hub/inst/BSCANID.u_xsdbm_id/SWITCH_N_EXT_BSCAN.bscan_switch/state_temp_reg[0]/C
  -------------------------------------------------------------------    -------------------
    SLICE_X87Y3          FDRE (Prop_fdre_C_Q)         0.141     1.713 r  dbg_hub/inst/BSCANID.u_xsdbm_id/SWITCH_N_EXT_BSCAN.bscan_switch/state_temp_reg[0]/Q
                         net (fo=2, routed)           0.056     1.768    dbg_hub/inst/BSCANID.u_xsdbm_id/SWITCH_N_EXT_BSCAN.bscan_switch/state_temp[0]
    SLICE_X87Y3          FDRE                                         r  dbg_hub/inst/BSCANID.u_xsdbm_id/SWITCH_N_EXT_BSCAN.bscan_switch/state_reg[0]/D
  -------------------------------------------------------------------    -------------------

                         (clock dbg_hub/inst/BSCANID.u_xsdbm_id/SWITCH_N_EXT_BSCAN.bscan_inst/SERIES7_BSCAN.bscan_inst/TCK rise edge)
                                                      0.000     0.000 r  
    BSCAN_X0Y0           BSCANE2                      0.000     0.000 r  dbg_hub/inst/BSCANID.u_xsdbm_id/SWITCH_N_EXT_BSCAN.bscan_inst/SERIES7_BSCAN.bscan_inst/TCK
                         net (fo=1, routed)           1.075     1.075    dbg_hub/inst/BSCANID.u_xsdbm_id/tck_bs
    BUFGCTRL_X0Y16       BUFG (Prop_bufg_I_O)         0.029     1.104 r  dbg_hub/inst/BSCANID.u_xsdbm_id/SWITCH_N_EXT_BSCAN.u_bufg_icon_tck/O
                         net (fo=482, routed)         0.858     1.962    dbg_hub/inst/BSCANID.u_xsdbm_id/SWITCH_N_EXT_BSCAN.bscan_switch/s_bscan_tck
    SLICE_X87Y3          FDRE                                         r  dbg_hub/inst/BSCANID.u_xsdbm_id/SWITCH_N_EXT_BSCAN.bscan_switch/state_reg[0]/C
                         clock pessimism             -0.390     1.572    
    SLICE_X87Y3          FDRE (Hold_fdre_C_D)         0.075     1.647    dbg_hub/inst/BSCANID.u_xsdbm_id/SWITCH_N_EXT_BSCAN.bscan_switch/state_reg[0]
  -------------------------------------------------------------------
                         required time                         -1.647    
                         arrival time                           1.768    
  -------------------------------------------------------------------
                         slack                                  0.122    

Slack (MET) :             0.122ns  (arrival time - required time)
  Source:                 dbg_hub/inst/BSCANID.u_xsdbm_id/CORE_XSDB.UUT_MASTER/U_ICON_INTERFACE/U_CMD6_WR/U_WR_FIFO/SUBCORE_FIFO.xsdbm_v3_0_0_wrfifo_inst/inst_fifo_gen/gconvfifo.rf/grf.rf/gntv_or_sync_fifo.gcx.clkx/gnxpm_cdc.gsync_stage[1].wr_stg_inst/Q_reg_reg[0]/C
                            (rising edge-triggered cell FDCE clocked by dbg_hub/inst/BSCANID.u_xsdbm_id/SWITCH_N_EXT_BSCAN.bscan_inst/SERIES7_BSCAN.bscan_inst/TCK  {rise@0.000ns fall@16.500ns period=33.000ns})
  Destination:            dbg_hub/inst/BSCANID.u_xsdbm_id/CORE_XSDB.UUT_MASTER/U_ICON_INTERFACE/U_CMD6_WR/U_WR_FIFO/SUBCORE_FIFO.xsdbm_v3_0_0_wrfifo_inst/inst_fifo_gen/gconvfifo.rf/grf.rf/gntv_or_sync_fifo.gcx.clkx/gnxpm_cdc.gsync_stage[2].wr_stg_inst/Q_reg_reg[0]/D
                            (rising edge-triggered cell FDCE clocked by dbg_hub/inst/BSCANID.u_xsdbm_id/SWITCH_N_EXT_BSCAN.bscan_inst/SERIES7_BSCAN.bscan_inst/TCK  {rise@0.000ns fall@16.500ns period=33.000ns})
  Path Group:             dbg_hub/inst/BSCANID.u_xsdbm_id/SWITCH_N_EXT_BSCAN.bscan_inst/SERIES7_BSCAN.bscan_inst/TCK
  Path Type:              Hold (Min at Fast Process Corner)
  Requirement:            0.000ns  (dbg_hub/inst/BSCANID.u_xsdbm_id/SWITCH_N_EXT_BSCAN.bscan_inst/SERIES7_BSCAN.bscan_inst/TCK rise@0.000ns - dbg_hub/inst/BSCANID.u_xsdbm_id/SWITCH_N_EXT_BSCAN.bscan_inst/SERIES7_BSCAN.bscan_inst/TCK rise@0.000ns)
  Data Path Delay:        0.197ns  (logic 0.141ns (71.611%)  route 0.056ns (28.389%))
  Logic Levels:           0  
  Clock Path Skew:        0.000ns (DCD - SCD - CPR)
    Destination Clock Delay (DCD):    1.956ns
    Source Clock Delay      (SCD):    1.565ns
    Clock Pessimism Removal (CPR):    0.391ns

    Location             Delay type                Incr(ns)  Path(ns)    Netlist Resource(s)
  -------------------------------------------------------------------    -------------------
                         (clock dbg_hub/inst/BSCANID.u_xsdbm_id/SWITCH_N_EXT_BSCAN.bscan_inst/SERIES7_BSCAN.bscan_inst/TCK rise edge)
                                                      0.000     0.000 r  
    BSCAN_X0Y0           BSCANE2                      0.000     0.000 r  dbg_hub/inst/BSCANID.u_xsdbm_id/SWITCH_N_EXT_BSCAN.bscan_inst/SERIES7_BSCAN.bscan_inst/TCK
                         net (fo=1, routed)           0.956     0.956    dbg_hub/inst/BSCANID.u_xsdbm_id/tck_bs
    BUFGCTRL_X0Y16       BUFG (Prop_bufg_I_O)         0.026     0.982 r  dbg_hub/inst/BSCANID.u_xsdbm_id/SWITCH_N_EXT_BSCAN.u_bufg_icon_tck/O
                         net (fo=482, routed)         0.583     1.565    dbg_hub/inst/BSCANID.u_xsdbm_id/CORE_XSDB.UUT_MASTER/U_ICON_INTERFACE/U_CMD6_WR/U_WR_FIFO/SUBCORE_FIFO.xsdbm_v3_0_0_wrfifo_inst/inst_fifo_gen/gconvfifo.rf/grf.rf/gntv_or_sync_fifo.gcx.clkx/gnxpm_cdc.gsync_stage[1].wr_stg_inst/wr_clk
    SLICE_X57Y3          FDCE                                         r  dbg_hub/inst/BSCANID.u_xsdbm_id/CORE_XSDB.UUT_MASTER/U_ICON_INTERFACE/U_CMD6_WR/U_WR_FIFO/SUBCORE_FIFO.xsdbm_v3_0_0_wrfifo_inst/inst_fifo_gen/gconvfifo.rf/grf.rf/gntv_or_sync_fifo.gcx.clkx/gnxpm_cdc.gsync_stage[1].wr_stg_inst/Q_reg_reg[0]/C
  -------------------------------------------------------------------    -------------------
    SLICE_X57Y3          FDCE (Prop_fdce_C_Q)         0.141     1.706 r  dbg_hub/inst/BSCANID.u_xsdbm_id/CORE_XSDB.UUT_MASTER/U_ICON_INTERFACE/U_CMD6_WR/U_WR_FIFO/SUBCORE_FIFO.xsdbm_v3_0_0_wrfifo_inst/inst_fifo_gen/gconvfifo.rf/grf.rf/gntv_or_sync_fifo.gcx.clkx/gnxpm_cdc.gsync_stage[1].wr_stg_inst/Q_reg_reg[0]/Q
                         net (fo=1, routed)           0.056     1.761    dbg_hub/inst/BSCANID.u_xsdbm_id/CORE_XSDB.UUT_MASTER/U_ICON_INTERFACE/U_CMD6_WR/U_WR_FIFO/SUBCORE_FIFO.xsdbm_v3_0_0_wrfifo_inst/inst_fifo_gen/gconvfifo.rf/grf.rf/gntv_or_sync_fifo.gcx.clkx/gnxpm_cdc.gsync_stage[2].wr_stg_inst/Q_reg_reg[3]_0[0]
    SLICE_X57Y3          FDCE                                         r  dbg_hub/inst/BSCANID.u_xsdbm_id/CORE_XSDB.UUT_MASTER/U_ICON_INTERFACE/U_CMD6_WR/U_WR_FIFO/SUBCORE_FIFO.xsdbm_v3_0_0_wrfifo_inst/inst_fifo_gen/gconvfifo.rf/grf.rf/gntv_or_sync_fifo.gcx.clkx/gnxpm_cdc.gsync_stage[2].wr_stg_inst/Q_reg_reg[0]/D
  -------------------------------------------------------------------    -------------------

                         (clock dbg_hub/inst/BSCANID.u_xsdbm_id/SWITCH_N_EXT_BSCAN.bscan_inst/SERIES7_BSCAN.bscan_inst/TCK rise edge)
                                                      0.000     0.000 r  
    BSCAN_X0Y0           BSCANE2                      0.000     0.000 r  dbg_hub/inst/BSCANID.u_xsdbm_id/SWITCH_N_EXT_BSCAN.bscan_inst/SERIES7_BSCAN.bscan_inst/TCK
                         net (fo=1, routed)           1.075     1.075    dbg_hub/inst/BSCANID.u_xsdbm_id/tck_bs
    BUFGCTRL_X0Y16       BUFG (Prop_bufg_I_O)         0.029     1.104 r  dbg_hub/inst/BSCANID.u_xsdbm_id/SWITCH_N_EXT_BSCAN.u_bufg_icon_tck/O
                         net (fo=482, routed)         0.852     1.956    dbg_hub/inst/BSCANID.u_xsdbm_id/CORE_XSDB.UUT_MASTER/U_ICON_INTERFACE/U_CMD6_WR/U_WR_FIFO/SUBCORE_FIFO.xsdbm_v3_0_0_wrfifo_inst/inst_fifo_gen/gconvfifo.rf/grf.rf/gntv_or_sync_fifo.gcx.clkx/gnxpm_cdc.gsync_stage[2].wr_stg_inst/wr_clk
    SLICE_X57Y3          FDCE                                         r  dbg_hub/inst/BSCANID.u_xsdbm_id/CORE_XSDB.UUT_MASTER/U_ICON_INTERFACE/U_CMD6_WR/U_WR_FIFO/SUBCORE_FIFO.xsdbm_v3_0_0_wrfifo_inst/inst_fifo_gen/gconvfifo.rf/grf.rf/gntv_or_sync_fifo.gcx.clkx/gnxpm_cdc.gsync_stage[2].wr_stg_inst/Q_reg_reg[0]/C
                         clock pessimism             -0.391     1.565    
    SLICE_X57Y3          FDCE (Hold_fdce_C_D)         0.075     1.640    dbg_hub/inst/BSCANID.u_xsdbm_id/CORE_XSDB.UUT_MASTER/U_ICON_INTERFACE/U_CMD6_WR/U_WR_FIFO/SUBCORE_FIFO.xsdbm_v3_0_0_wrfifo_inst/inst_fifo_gen/gconvfifo.rf/grf.rf/gntv_or_sync_fifo.gcx.clkx/gnxpm_cdc.gsync_stage[2].wr_stg_inst/Q_reg_reg[0]
  -------------------------------------------------------------------
                         required time                         -1.640    
                         arrival time                           1.761    
  -------------------------------------------------------------------
                         slack                                  0.122    

Slack (MET) :             0.123ns  (arrival time - required time)
  Source:                 dbg_hub/inst/BSCANID.u_xsdbm_id/CORE_XSDB.UUT_MASTER/U_ICON_INTERFACE/U_CMD6_WR/shift_reg_in_reg[8]/C
                            (rising edge-triggered cell FDCE clocked by dbg_hub/inst/BSCANID.u_xsdbm_id/SWITCH_N_EXT_BSCAN.bscan_inst/SERIES7_BSCAN.bscan_inst/TCK  {rise@0.000ns fall@16.500ns period=33.000ns})
  Destination:            dbg_hub/inst/BSCANID.u_xsdbm_id/CORE_XSDB.UUT_MASTER/U_ICON_INTERFACE/U_CMD6_WR/U_WR_FIFO/SUBCORE_FIFO.xsdbm_v3_0_0_wrfifo_inst/inst_fifo_gen/gconvfifo.rf/grf.rf/gntv_or_sync_fifo.mem/gdm.dm_gen.dm/RAM_reg_0_15_6_11/RAMA_D1/I
                            (rising edge-triggered cell RAMD32 clocked by dbg_hub/inst/BSCANID.u_xsdbm_id/SWITCH_N_EXT_BSCAN.bscan_inst/SERIES7_BSCAN.bscan_inst/TCK  {rise@0.000ns fall@16.500ns period=33.000ns})
  Path Group:             dbg_hub/inst/BSCANID.u_xsdbm_id/SWITCH_N_EXT_BSCAN.bscan_inst/SERIES7_BSCAN.bscan_inst/TCK
  Path Type:              Hold (Min at Fast Process Corner)
  Requirement:            0.000ns  (dbg_hub/inst/BSCANID.u_xsdbm_id/SWITCH_N_EXT_BSCAN.bscan_inst/SERIES7_BSCAN.bscan_inst/TCK rise@0.000ns - dbg_hub/inst/BSCANID.u_xsdbm_id/SWITCH_N_EXT_BSCAN.bscan_inst/SERIES7_BSCAN.bscan_inst/TCK rise@0.000ns)
  Data Path Delay:        0.203ns  (logic 0.128ns (63.195%)  route 0.075ns (36.805%))
  Logic Levels:           0  
  Clock Path Skew:        0.013ns (DCD - SCD - CPR)
    Destination Clock Delay (DCD):    1.957ns
    Source Clock Delay      (SCD):    1.567ns
    Clock Pessimism Removal (CPR):    0.377ns

    Location             Delay type                Incr(ns)  Path(ns)    Netlist Resource(s)
  -------------------------------------------------------------------    -------------------
                         (clock dbg_hub/inst/BSCANID.u_xsdbm_id/SWITCH_N_EXT_BSCAN.bscan_inst/SERIES7_BSCAN.bscan_inst/TCK rise edge)
                                                      0.000     0.000 r  
    BSCAN_X0Y0           BSCANE2                      0.000     0.000 r  dbg_hub/inst/BSCANID.u_xsdbm_id/SWITCH_N_EXT_BSCAN.bscan_inst/SERIES7_BSCAN.bscan_inst/TCK
                         net (fo=1, routed)           0.956     0.956    dbg_hub/inst/BSCANID.u_xsdbm_id/tck_bs
    BUFGCTRL_X0Y16       BUFG (Prop_bufg_I_O)         0.026     0.982 r  dbg_hub/inst/BSCANID.u_xsdbm_id/SWITCH_N_EXT_BSCAN.u_bufg_icon_tck/O
                         net (fo=482, routed)         0.585     1.567    dbg_hub/inst/BSCANID.u_xsdbm_id/CORE_XSDB.UUT_MASTER/U_ICON_INTERFACE/U_CMD6_WR/m_bscan_tck[0]
    SLICE_X67Y4          FDCE                                         r  dbg_hub/inst/BSCANID.u_xsdbm_id/CORE_XSDB.UUT_MASTER/U_ICON_INTERFACE/U_CMD6_WR/shift_reg_in_reg[8]/C
  -------------------------------------------------------------------    -------------------
    SLICE_X67Y4          FDCE (Prop_fdce_C_Q)         0.128     1.695 r  dbg_hub/inst/BSCANID.u_xsdbm_id/CORE_XSDB.UUT_MASTER/U_ICON_INTERFACE/U_CMD6_WR/shift_reg_in_reg[8]/Q
                         net (fo=2, routed)           0.075     1.769    dbg_hub/inst/BSCANID.u_xsdbm_id/CORE_XSDB.UUT_MASTER/U_ICON_INTERFACE/U_CMD6_WR/U_WR_FIFO/SUBCORE_FIFO.xsdbm_v3_0_0_wrfifo_inst/inst_fifo_gen/gconvfifo.rf/grf.rf/gntv_or_sync_fifo.mem/gdm.dm_gen.dm/RAM_reg_0_15_6_11/DIA1
    SLICE_X66Y4          RAMD32                                       r  dbg_hub/inst/BSCANID.u_xsdbm_id/CORE_XSDB.UUT_MASTER/U_ICON_INTERFACE/U_CMD6_WR/U_WR_FIFO/SUBCORE_FIFO.xsdbm_v3_0_0_wrfifo_inst/inst_fifo_gen/gconvfifo.rf/grf.rf/gntv_or_sync_fifo.mem/gdm.dm_gen.dm/RAM_reg_0_15_6_11/RAMA_D1/I
  -------------------------------------------------------------------    -------------------

                         (clock dbg_hub/inst/BSCANID.u_xsdbm_id/SWITCH_N_EXT_BSCAN.bscan_inst/SERIES7_BSCAN.bscan_inst/TCK rise edge)
                                                      0.000     0.000 r  
    BSCAN_X0Y0           BSCANE2                      0.000     0.000 r  dbg_hub/inst/BSCANID.u_xsdbm_id/SWITCH_N_EXT_BSCAN.bscan_inst/SERIES7_BSCAN.bscan_inst/TCK
                         net (fo=1, routed)           1.075     1.075    dbg_hub/inst/BSCANID.u_xsdbm_id/tck_bs
    BUFGCTRL_X0Y16       BUFG (Prop_bufg_I_O)         0.029     1.104 r  dbg_hub/inst/BSCANID.u_xsdbm_id/SWITCH_N_EXT_BSCAN.u_bufg_icon_tck/O
                         net (fo=482, routed)         0.853     1.957    dbg_hub/inst/BSCANID.u_xsdbm_id/CORE_XSDB.UUT_MASTER/U_ICON_INTERFACE/U_CMD6_WR/U_WR_FIFO/SUBCORE_FIFO.xsdbm_v3_0_0_wrfifo_inst/inst_fifo_gen/gconvfifo.rf/grf.rf/gntv_or_sync_fifo.mem/gdm.dm_gen.dm/RAM_reg_0_15_6_11/WCLK
    SLICE_X66Y4          RAMD32                                       r  dbg_hub/inst/BSCANID.u_xsdbm_id/CORE_XSDB.UUT_MASTER/U_ICON_INTERFACE/U_CMD6_WR/U_WR_FIFO/SUBCORE_FIFO.xsdbm_v3_0_0_wrfifo_inst/inst_fifo_gen/gconvfifo.rf/grf.rf/gntv_or_sync_fifo.mem/gdm.dm_gen.dm/RAM_reg_0_15_6_11/RAMA_D1/CLK
                         clock pessimism             -0.377     1.580    
    SLICE_X66Y4          RAMD32 (Hold_ramd32_CLK_I)
                                                      0.067     1.647    dbg_hub/inst/BSCANID.u_xsdbm_id/CORE_XSDB.UUT_MASTER/U_ICON_INTERFACE/U_CMD6_WR/U_WR_FIFO/SUBCORE_FIFO.xsdbm_v3_0_0_wrfifo_inst/inst_fifo_gen/gconvfifo.rf/grf.rf/gntv_or_sync_fifo.mem/gdm.dm_gen.dm/RAM_reg_0_15_6_11/RAMA_D1
  -------------------------------------------------------------------
                         required time                         -1.647    
                         arrival time                           1.769    
  -------------------------------------------------------------------
                         slack                                  0.123    

Slack (MET) :             0.124ns  (arrival time - required time)
  Source:                 dbg_hub/inst/BSCANID.u_xsdbm_id/CORE_XSDB.UUT_MASTER/U_ICON_INTERFACE/U_CMD6_RD/U_RD_FIFO/SUBCORE_FIFO.xsdbm_v3_0_0_rdfifo_inst/inst_fifo_gen/gconvfifo.rf/grf.rf/gntv_or_sync_fifo.gcx.clkx/gnxpm_cdc.gsync_stage[1].rd_stg_inst/Q_reg_reg[2]/C
                            (rising edge-triggered cell FDCE clocked by dbg_hub/inst/BSCANID.u_xsdbm_id/SWITCH_N_EXT_BSCAN.bscan_inst/SERIES7_BSCAN.bscan_inst/TCK  {rise@0.000ns fall@16.500ns period=33.000ns})
  Destination:            dbg_hub/inst/BSCANID.u_xsdbm_id/CORE_XSDB.UUT_MASTER/U_ICON_INTERFACE/U_CMD6_RD/U_RD_FIFO/SUBCORE_FIFO.xsdbm_v3_0_0_rdfifo_inst/inst_fifo_gen/gconvfifo.rf/grf.rf/gntv_or_sync_fifo.gcx.clkx/gnxpm_cdc.gsync_stage[2].rd_stg_inst/Q_reg_reg[2]/D
                            (rising edge-triggered cell FDCE clocked by dbg_hub/inst/BSCANID.u_xsdbm_id/SWITCH_N_EXT_BSCAN.bscan_inst/SERIES7_BSCAN.bscan_inst/TCK  {rise@0.000ns fall@16.500ns period=33.000ns})
  Path Group:             dbg_hub/inst/BSCANID.u_xsdbm_id/SWITCH_N_EXT_BSCAN.bscan_inst/SERIES7_BSCAN.bscan_inst/TCK
  Path Type:              Hold (Min at Fast Process Corner)
  Requirement:            0.000ns  (dbg_hub/inst/BSCANID.u_xsdbm_id/SWITCH_N_EXT_BSCAN.bscan_inst/SERIES7_BSCAN.bscan_inst/TCK rise@0.000ns - dbg_hub/inst/BSCANID.u_xsdbm_id/SWITCH_N_EXT_BSCAN.bscan_inst/SERIES7_BSCAN.bscan_inst/TCK rise@0.000ns)
  Data Path Delay:        0.200ns  (logic 0.141ns (70.589%)  route 0.059ns (29.411%))
  Logic Levels:           0  
  Clock Path Skew:        0.000ns (DCD - SCD - CPR)
    Destination Clock Delay (DCD):    1.961ns
    Source Clock Delay      (SCD):    1.570ns
    Clock Pessimism Removal (CPR):    0.391ns

    Location             Delay type                Incr(ns)  Path(ns)    Netlist Resource(s)
  -------------------------------------------------------------------    -------------------
                         (clock dbg_hub/inst/BSCANID.u_xsdbm_id/SWITCH_N_EXT_BSCAN.bscan_inst/SERIES7_BSCAN.bscan_inst/TCK rise edge)
                                                      0.000     0.000 r  
    BSCAN_X0Y0           BSCANE2                      0.000     0.000 r  dbg_hub/inst/BSCANID.u_xsdbm_id/SWITCH_N_EXT_BSCAN.bscan_inst/SERIES7_BSCAN.bscan_inst/TCK
                         net (fo=1, routed)           0.956     0.956    dbg_hub/inst/BSCANID.u_xsdbm_id/tck_bs
    BUFGCTRL_X0Y16       BUFG (Prop_bufg_I_O)         0.026     0.982 r  dbg_hub/inst/BSCANID.u_xsdbm_id/SWITCH_N_EXT_BSCAN.u_bufg_icon_tck/O
                         net (fo=482, routed)         0.588     1.570    dbg_hub/inst/BSCANID.u_xsdbm_id/CORE_XSDB.UUT_MASTER/U_ICON_INTERFACE/U_CMD6_RD/U_RD_FIFO/SUBCORE_FIFO.xsdbm_v3_0_0_rdfifo_inst/inst_fifo_gen/gconvfifo.rf/grf.rf/gntv_or_sync_fifo.gcx.clkx/gnxpm_cdc.gsync_stage[1].rd_stg_inst/rd_clk
    SLICE_X76Y4          FDCE                                         r  dbg_hub/inst/BSCANID.u_xsdbm_id/CORE_XSDB.UUT_MASTER/U_ICON_INTERFACE/U_CMD6_RD/U_RD_FIFO/SUBCORE_FIFO.xsdbm_v3_0_0_rdfifo_inst/inst_fifo_gen/gconvfifo.rf/grf.rf/gntv_or_sync_fifo.gcx.clkx/gnxpm_cdc.gsync_stage[1].rd_stg_inst/Q_reg_reg[2]/C
  -------------------------------------------------------------------    -------------------
    SLICE_X76Y4          FDCE (Prop_fdce_C_Q)         0.141     1.711 r  dbg_hub/inst/BSCANID.u_xsdbm_id/CORE_XSDB.UUT_MASTER/U_ICON_INTERFACE/U_CMD6_RD/U_RD_FIFO/SUBCORE_FIFO.xsdbm_v3_0_0_rdfifo_inst/inst_fifo_gen/gconvfifo.rf/grf.rf/gntv_or_sync_fifo.gcx.clkx/gnxpm_cdc.gsync_stage[1].rd_stg_inst/Q_reg_reg[2]/Q
                         net (fo=1, routed)           0.059     1.769    dbg_hub/inst/BSCANID.u_xsdbm_id/CORE_XSDB.UUT_MASTER/U_ICON_INTERFACE/U_CMD6_RD/U_RD_FIFO/SUBCORE_FIFO.xsdbm_v3_0_0_rdfifo_inst/inst_fifo_gen/gconvfifo.rf/grf.rf/gntv_or_sync_fifo.gcx.clkx/gnxpm_cdc.gsync_stage[2].rd_stg_inst/Q_reg_reg[3]_0[2]
    SLICE_X76Y4          FDCE                                         r  dbg_hub/inst/BSCANID.u_xsdbm_id/CORE_XSDB.UUT_MASTER/U_ICON_INTERFACE/U_CMD6_RD/U_RD_FIFO/SUBCORE_FIFO.xsdbm_v3_0_0_rdfifo_inst/inst_fifo_gen/gconvfifo.rf/grf.rf/gntv_or_sync_fifo.gcx.clkx/gnxpm_cdc.gsync_stage[2].rd_stg_inst/Q_reg_reg[2]/D
  -------------------------------------------------------------------    -------------------

                         (clock dbg_hub/inst/BSCANID.u_xsdbm_id/SWITCH_N_EXT_BSCAN.bscan_inst/SERIES7_BSCAN.bscan_inst/TCK rise edge)
                                                      0.000     0.000 r  
    BSCAN_X0Y0           BSCANE2                      0.000     0.000 r  dbg_hub/inst/BSCANID.u_xsdbm_id/SWITCH_N_EXT_BSCAN.bscan_inst/SERIES7_BSCAN.bscan_inst/TCK
                         net (fo=1, routed)           1.075     1.075    dbg_hub/inst/BSCANID.u_xsdbm_id/tck_bs
    BUFGCTRL_X0Y16       BUFG (Prop_bufg_I_O)         0.029     1.104 r  dbg_hub/inst/BSCANID.u_xsdbm_id/SWITCH_N_EXT_BSCAN.u_bufg_icon_tck/O
                         net (fo=482, routed)         0.857     1.961    dbg_hub/inst/BSCANID.u_xsdbm_id/CORE_XSDB.UUT_MASTER/U_ICON_INTERFACE/U_CMD6_RD/U_RD_FIFO/SUBCORE_FIFO.xsdbm_v3_0_0_rdfifo_inst/inst_fifo_gen/gconvfifo.rf/grf.rf/gntv_or_sync_fifo.gcx.clkx/gnxpm_cdc.gsync_stage[2].rd_stg_inst/rd_clk
    SLICE_X76Y4          FDCE                                         r  dbg_hub/inst/BSCANID.u_xsdbm_id/CORE_XSDB.UUT_MASTER/U_ICON_INTERFACE/U_CMD6_RD/U_RD_FIFO/SUBCORE_FIFO.xsdbm_v3_0_0_rdfifo_inst/inst_fifo_gen/gconvfifo.rf/grf.rf/gntv_or_sync_fifo.gcx.clkx/gnxpm_cdc.gsync_stage[2].rd_stg_inst/Q_reg_reg[2]/C
                         clock pessimism             -0.391     1.570    
    SLICE_X76Y4          FDCE (Hold_fdce_C_D)         0.076     1.646    dbg_hub/inst/BSCANID.u_xsdbm_id/CORE_XSDB.UUT_MASTER/U_ICON_INTERFACE/U_CMD6_RD/U_RD_FIFO/SUBCORE_FIFO.xsdbm_v3_0_0_rdfifo_inst/inst_fifo_gen/gconvfifo.rf/grf.rf/gntv_or_sync_fifo.gcx.clkx/gnxpm_cdc.gsync_stage[2].rd_stg_inst/Q_reg_reg[2]
  -------------------------------------------------------------------
                         required time                         -1.646    
                         arrival time                           1.769    
  -------------------------------------------------------------------
                         slack                                  0.124    

Slack (MET) :             0.126ns  (arrival time - required time)
  Source:                 dbg_hub/inst/BSCANID.u_xsdbm_id/SWITCH_N_EXT_BSCAN.bscan_switch/state_temp_reg[2]/C
                            (rising edge-triggered cell FDRE clocked by dbg_hub/inst/BSCANID.u_xsdbm_id/SWITCH_N_EXT_BSCAN.bscan_inst/SERIES7_BSCAN.bscan_inst/TCK  {rise@0.000ns fall@16.500ns period=33.000ns})
  Destination:            dbg_hub/inst/BSCANID.u_xsdbm_id/SWITCH_N_EXT_BSCAN.bscan_switch/state_reg[2]/D
                            (rising edge-triggered cell FDRE clocked by dbg_hub/inst/BSCANID.u_xsdbm_id/SWITCH_N_EXT_BSCAN.bscan_inst/SERIES7_BSCAN.bscan_inst/TCK  {rise@0.000ns fall@16.500ns period=33.000ns})
  Path Group:             dbg_hub/inst/BSCANID.u_xsdbm_id/SWITCH_N_EXT_BSCAN.bscan_inst/SERIES7_BSCAN.bscan_inst/TCK
  Path Type:              Hold (Min at Fast Process Corner)
  Requirement:            0.000ns  (dbg_hub/inst/BSCANID.u_xsdbm_id/SWITCH_N_EXT_BSCAN.bscan_inst/SERIES7_BSCAN.bscan_inst/TCK rise@0.000ns - dbg_hub/inst/BSCANID.u_xsdbm_id/SWITCH_N_EXT_BSCAN.bscan_inst/SERIES7_BSCAN.bscan_inst/TCK rise@0.000ns)
  Data Path Delay:        0.197ns  (logic 0.141ns (71.611%)  route 0.056ns (28.389%))
  Logic Levels:           0  
  Clock Path Skew:        0.000ns (DCD - SCD - CPR)
    Destination Clock Delay (DCD):    1.962ns
    Source Clock Delay      (SCD):    1.572ns
    Clock Pessimism Removal (CPR):    0.390ns

    Location             Delay type                Incr(ns)  Path(ns)    Netlist Resource(s)
  -------------------------------------------------------------------    -------------------
                         (clock dbg_hub/inst/BSCANID.u_xsdbm_id/SWITCH_N_EXT_BSCAN.bscan_inst/SERIES7_BSCAN.bscan_inst/TCK rise edge)
                                                      0.000     0.000 r  
    BSCAN_X0Y0           BSCANE2                      0.000     0.000 r  dbg_hub/inst/BSCANID.u_xsdbm_id/SWITCH_N_EXT_BSCAN.bscan_inst/SERIES7_BSCAN.bscan_inst/TCK
                         net (fo=1, routed)           0.956     0.956    dbg_hub/inst/BSCANID.u_xsdbm_id/tck_bs
    BUFGCTRL_X0Y16       BUFG (Prop_bufg_I_O)         0.026     0.982 r  dbg_hub/inst/BSCANID.u_xsdbm_id/SWITCH_N_EXT_BSCAN.u_bufg_icon_tck/O
                         net (fo=482, routed)         0.590     1.572    dbg_hub/inst/BSCANID.u_xsdbm_id/SWITCH_N_EXT_BSCAN.bscan_switch/s_bscan_tck
    SLICE_X87Y3          FDRE                                         r  dbg_hub/inst/BSCANID.u_xsdbm_id/SWITCH_N_EXT_BSCAN.bscan_switch/state_temp_reg[2]/C
  -------------------------------------------------------------------    -------------------
    SLICE_X87Y3          FDRE (Prop_fdre_C_Q)         0.141     1.713 r  dbg_hub/inst/BSCANID.u_xsdbm_id/SWITCH_N_EXT_BSCAN.bscan_switch/state_temp_reg[2]/Q
                         net (fo=2, routed)           0.056     1.768    dbg_hub/inst/BSCANID.u_xsdbm_id/SWITCH_N_EXT_BSCAN.bscan_switch/state_temp[2]
    SLICE_X87Y3          FDRE                                         r  dbg_hub/inst/BSCANID.u_xsdbm_id/SWITCH_N_EXT_BSCAN.bscan_switch/state_reg[2]/D
  -------------------------------------------------------------------    -------------------

                         (clock dbg_hub/inst/BSCANID.u_xsdbm_id/SWITCH_N_EXT_BSCAN.bscan_inst/SERIES7_BSCAN.bscan_inst/TCK rise edge)
                                                      0.000     0.000 r  
    BSCAN_X0Y0           BSCANE2                      0.000     0.000 r  dbg_hub/inst/BSCANID.u_xsdbm_id/SWITCH_N_EXT_BSCAN.bscan_inst/SERIES7_BSCAN.bscan_inst/TCK
                         net (fo=1, routed)           1.075     1.075    dbg_hub/inst/BSCANID.u_xsdbm_id/tck_bs
    BUFGCTRL_X0Y16       BUFG (Prop_bufg_I_O)         0.029     1.104 r  dbg_hub/inst/BSCANID.u_xsdbm_id/SWITCH_N_EXT_BSCAN.u_bufg_icon_tck/O
                         net (fo=482, routed)         0.858     1.962    dbg_hub/inst/BSCANID.u_xsdbm_id/SWITCH_N_EXT_BSCAN.bscan_switch/s_bscan_tck
    SLICE_X87Y3          FDRE                                         r  dbg_hub/inst/BSCANID.u_xsdbm_id/SWITCH_N_EXT_BSCAN.bscan_switch/state_reg[2]/C
                         clock pessimism             -0.390     1.572    
    SLICE_X87Y3          FDRE (Hold_fdre_C_D)         0.071     1.643    dbg_hub/inst/BSCANID.u_xsdbm_id/SWITCH_N_EXT_BSCAN.bscan_switch/state_reg[2]
  -------------------------------------------------------------------
                         required time                         -1.643    
                         arrival time                           1.768    
  -------------------------------------------------------------------
                         slack                                  0.126    

Slack (MET) :             0.128ns  (arrival time - required time)
  Source:                 dbg_hub/inst/BSCANID.u_xsdbm_id/CORE_XSDB.UUT_MASTER/U_ICON_INTERFACE/U_CMD6_RD/U_RD_FIFO/SUBCORE_FIFO.xsdbm_v3_0_0_rdfifo_inst/inst_fifo_gen/gconvfifo.rf/grf.rf/gntv_or_sync_fifo.gcx.clkx/gnxpm_cdc.gsync_stage[1].rd_stg_inst/Q_reg_reg[1]/C
                            (rising edge-triggered cell FDCE clocked by dbg_hub/inst/BSCANID.u_xsdbm_id/SWITCH_N_EXT_BSCAN.bscan_inst/SERIES7_BSCAN.bscan_inst/TCK  {rise@0.000ns fall@16.500ns period=33.000ns})
  Destination:            dbg_hub/inst/BSCANID.u_xsdbm_id/CORE_XSDB.UUT_MASTER/U_ICON_INTERFACE/U_CMD6_RD/U_RD_FIFO/SUBCORE_FIFO.xsdbm_v3_0_0_rdfifo_inst/inst_fifo_gen/gconvfifo.rf/grf.rf/gntv_or_sync_fifo.gcx.clkx/gnxpm_cdc.gsync_stage[2].rd_stg_inst/Q_reg_reg[1]/D
                            (rising edge-triggered cell FDCE clocked by dbg_hub/inst/BSCANID.u_xsdbm_id/SWITCH_N_EXT_BSCAN.bscan_inst/SERIES7_BSCAN.bscan_inst/TCK  {rise@0.000ns fall@16.500ns period=33.000ns})
  Path Group:             dbg_hub/inst/BSCANID.u_xsdbm_id/SWITCH_N_EXT_BSCAN.bscan_inst/SERIES7_BSCAN.bscan_inst/TCK
  Path Type:              Hold (Min at Fast Process Corner)
  Requirement:            0.000ns  (dbg_hub/inst/BSCANID.u_xsdbm_id/SWITCH_N_EXT_BSCAN.bscan_inst/SERIES7_BSCAN.bscan_inst/TCK rise@0.000ns - dbg_hub/inst/BSCANID.u_xsdbm_id/SWITCH_N_EXT_BSCAN.bscan_inst/SERIES7_BSCAN.bscan_inst/TCK rise@0.000ns)
  Data Path Delay:        0.199ns  (logic 0.141ns (70.953%)  route 0.058ns (29.047%))
  Logic Levels:           0  
  Clock Path Skew:        0.000ns (DCD - SCD - CPR)
    Destination Clock Delay (DCD):    1.961ns
    Source Clock Delay      (SCD):    1.570ns
    Clock Pessimism Removal (CPR):    0.391ns

    Location             Delay type                Incr(ns)  Path(ns)    Netlist Resource(s)
  -------------------------------------------------------------------    -------------------
                         (clock dbg_hub/inst/BSCANID.u_xsdbm_id/SWITCH_N_EXT_BSCAN.bscan_inst/SERIES7_BSCAN.bscan_inst/TCK rise edge)
                                                      0.000     0.000 r  
    BSCAN_X0Y0           BSCANE2                      0.000     0.000 r  dbg_hub/inst/BSCANID.u_xsdbm_id/SWITCH_N_EXT_BSCAN.bscan_inst/SERIES7_BSCAN.bscan_inst/TCK
                         net (fo=1, routed)           0.956     0.956    dbg_hub/inst/BSCANID.u_xsdbm_id/tck_bs
    BUFGCTRL_X0Y16       BUFG (Prop_bufg_I_O)         0.026     0.982 r  dbg_hub/inst/BSCANID.u_xsdbm_id/SWITCH_N_EXT_BSCAN.u_bufg_icon_tck/O
                         net (fo=482, routed)         0.588     1.570    dbg_hub/inst/BSCANID.u_xsdbm_id/CORE_XSDB.UUT_MASTER/U_ICON_INTERFACE/U_CMD6_RD/U_RD_FIFO/SUBCORE_FIFO.xsdbm_v3_0_0_rdfifo_inst/inst_fifo_gen/gconvfifo.rf/grf.rf/gntv_or_sync_fifo.gcx.clkx/gnxpm_cdc.gsync_stage[1].rd_stg_inst/rd_clk
    SLICE_X76Y4          FDCE                                         r  dbg_hub/inst/BSCANID.u_xsdbm_id/CORE_XSDB.UUT_MASTER/U_ICON_INTERFACE/U_CMD6_RD/U_RD_FIFO/SUBCORE_FIFO.xsdbm_v3_0_0_rdfifo_inst/inst_fifo_gen/gconvfifo.rf/grf.rf/gntv_or_sync_fifo.gcx.clkx/gnxpm_cdc.gsync_stage[1].rd_stg_inst/Q_reg_reg[1]/C
  -------------------------------------------------------------------    -------------------
    SLICE_X76Y4          FDCE (Prop_fdce_C_Q)         0.141     1.711 r  dbg_hub/inst/BSCANID.u_xsdbm_id/CORE_XSDB.UUT_MASTER/U_ICON_INTERFACE/U_CMD6_RD/U_RD_FIFO/SUBCORE_FIFO.xsdbm_v3_0_0_rdfifo_inst/inst_fifo_gen/gconvfifo.rf/grf.rf/gntv_or_sync_fifo.gcx.clkx/gnxpm_cdc.gsync_stage[1].rd_stg_inst/Q_reg_reg[1]/Q
                         net (fo=1, routed)           0.058     1.768    dbg_hub/inst/BSCANID.u_xsdbm_id/CORE_XSDB.UUT_MASTER/U_ICON_INTERFACE/U_CMD6_RD/U_RD_FIFO/SUBCORE_FIFO.xsdbm_v3_0_0_rdfifo_inst/inst_fifo_gen/gconvfifo.rf/grf.rf/gntv_or_sync_fifo.gcx.clkx/gnxpm_cdc.gsync_stage[2].rd_stg_inst/Q_reg_reg[3]_0[1]
    SLICE_X76Y4          FDCE                                         r  dbg_hub/inst/BSCANID.u_xsdbm_id/CORE_XSDB.UUT_MASTER/U_ICON_INTERFACE/U_CMD6_RD/U_RD_FIFO/SUBCORE_FIFO.xsdbm_v3_0_0_rdfifo_inst/inst_fifo_gen/gconvfifo.rf/grf.rf/gntv_or_sync_fifo.gcx.clkx/gnxpm_cdc.gsync_stage[2].rd_stg_inst/Q_reg_reg[1]/D
  -------------------------------------------------------------------    -------------------

                         (clock dbg_hub/inst/BSCANID.u_xsdbm_id/SWITCH_N_EXT_BSCAN.bscan_inst/SERIES7_BSCAN.bscan_inst/TCK rise edge)
                                                      0.000     0.000 r  
    BSCAN_X0Y0           BSCANE2                      0.000     0.000 r  dbg_hub/inst/BSCANID.u_xsdbm_id/SWITCH_N_EXT_BSCAN.bscan_inst/SERIES7_BSCAN.bscan_inst/TCK
                         net (fo=1, routed)           1.075     1.075    dbg_hub/inst/BSCANID.u_xsdbm_id/tck_bs
    BUFGCTRL_X0Y16       BUFG (Prop_bufg_I_O)         0.029     1.104 r  dbg_hub/inst/BSCANID.u_xsdbm_id/SWITCH_N_EXT_BSCAN.u_bufg_icon_tck/O
                         net (fo=482, routed)         0.857     1.961    dbg_hub/inst/BSCANID.u_xsdbm_id/CORE_XSDB.UUT_MASTER/U_ICON_INTERFACE/U_CMD6_RD/U_RD_FIFO/SUBCORE_FIFO.xsdbm_v3_0_0_rdfifo_inst/inst_fifo_gen/gconvfifo.rf/grf.rf/gntv_or_sync_fifo.gcx.clkx/gnxpm_cdc.gsync_stage[2].rd_stg_inst/rd_clk
    SLICE_X76Y4          FDCE                                         r  dbg_hub/inst/BSCANID.u_xsdbm_id/CORE_XSDB.UUT_MASTER/U_ICON_INTERFACE/U_CMD6_RD/U_RD_FIFO/SUBCORE_FIFO.xsdbm_v3_0_0_rdfifo_inst/inst_fifo_gen/gconvfifo.rf/grf.rf/gntv_or_sync_fifo.gcx.clkx/gnxpm_cdc.gsync_stage[2].rd_stg_inst/Q_reg_reg[1]/C
                         clock pessimism             -0.391     1.570    
    SLICE_X76Y4          FDCE (Hold_fdce_C_D)         0.071     1.641    dbg_hub/inst/BSCANID.u_xsdbm_id/CORE_XSDB.UUT_MASTER/U_ICON_INTERFACE/U_CMD6_RD/U_RD_FIFO/SUBCORE_FIFO.xsdbm_v3_0_0_rdfifo_inst/inst_fifo_gen/gconvfifo.rf/grf.rf/gntv_or_sync_fifo.gcx.clkx/gnxpm_cdc.gsync_stage[2].rd_stg_inst/Q_reg_reg[1]
  -------------------------------------------------------------------
                         required time                         -1.641    
                         arrival time                           1.768    
  -------------------------------------------------------------------
                         slack                                  0.128    

Slack (MET) :             0.131ns  (arrival time - required time)
  Source:                 dbg_hub/inst/BSCANID.u_xsdbm_id/CORE_XSDB.UUT_MASTER/U_ICON_INTERFACE/U_CMD6_RD/U_RD_FIFO/SUBCORE_FIFO.xsdbm_v3_0_0_rdfifo_inst/inst_fifo_gen/gconvfifo.rf/grf.rf/rstblk/ngwrdrst.grst.g7serrst.rst_rd_reg1_reg/C
                            (rising edge-triggered cell FDPE clocked by dbg_hub/inst/BSCANID.u_xsdbm_id/SWITCH_N_EXT_BSCAN.bscan_inst/SERIES7_BSCAN.bscan_inst/TCK  {rise@0.000ns fall@16.500ns period=33.000ns})
  Destination:            dbg_hub/inst/BSCANID.u_xsdbm_id/CORE_XSDB.UUT_MASTER/U_ICON_INTERFACE/U_CMD6_RD/U_RD_FIFO/SUBCORE_FIFO.xsdbm_v3_0_0_rdfifo_inst/inst_fifo_gen/gconvfifo.rf/grf.rf/rstblk/ngwrdrst.grst.g7serrst.rst_rd_reg2_reg/D
                            (rising edge-triggered cell FDPE clocked by dbg_hub/inst/BSCANID.u_xsdbm_id/SWITCH_N_EXT_BSCAN.bscan_inst/SERIES7_BSCAN.bscan_inst/TCK  {rise@0.000ns fall@16.500ns period=33.000ns})
  Path Group:             dbg_hub/inst/BSCANID.u_xsdbm_id/SWITCH_N_EXT_BSCAN.bscan_inst/SERIES7_BSCAN.bscan_inst/TCK
  Path Type:              Hold (Min at Fast Process Corner)
  Requirement:            0.000ns  (dbg_hub/inst/BSCANID.u_xsdbm_id/SWITCH_N_EXT_BSCAN.bscan_inst/SERIES7_BSCAN.bscan_inst/TCK rise@0.000ns - dbg_hub/inst/BSCANID.u_xsdbm_id/SWITCH_N_EXT_BSCAN.bscan_inst/SERIES7_BSCAN.bscan_inst/TCK rise@0.000ns)
  Data Path Delay:        0.206ns  (logic 0.141ns (68.336%)  route 0.065ns (31.664%))
  Logic Levels:           0  
  Clock Path Skew:        0.000ns (DCD - SCD - CPR)
    Destination Clock Delay (DCD):    1.962ns
    Source Clock Delay      (SCD):    1.571ns
    Clock Pessimism Removal (CPR):    0.391ns

    Location             Delay type                Incr(ns)  Path(ns)    Netlist Resource(s)
  -------------------------------------------------------------------    -------------------
                         (clock dbg_hub/inst/BSCANID.u_xsdbm_id/SWITCH_N_EXT_BSCAN.bscan_inst/SERIES7_BSCAN.bscan_inst/TCK rise edge)
                                                      0.000     0.000 r  
    BSCAN_X0Y0           BSCANE2                      0.000     0.000 r  dbg_hub/inst/BSCANID.u_xsdbm_id/SWITCH_N_EXT_BSCAN.bscan_inst/SERIES7_BSCAN.bscan_inst/TCK
                         net (fo=1, routed)           0.956     0.956    dbg_hub/inst/BSCANID.u_xsdbm_id/tck_bs
    BUFGCTRL_X0Y16       BUFG (Prop_bufg_I_O)         0.026     0.982 r  dbg_hub/inst/BSCANID.u_xsdbm_id/SWITCH_N_EXT_BSCAN.u_bufg_icon_tck/O
                         net (fo=482, routed)         0.589     1.571    dbg_hub/inst/BSCANID.u_xsdbm_id/CORE_XSDB.UUT_MASTER/U_ICON_INTERFACE/U_CMD6_RD/U_RD_FIFO/SUBCORE_FIFO.xsdbm_v3_0_0_rdfifo_inst/inst_fifo_gen/gconvfifo.rf/grf.rf/rstblk/rd_clk
    SLICE_X76Y1          FDPE                                         r  dbg_hub/inst/BSCANID.u_xsdbm_id/CORE_XSDB.UUT_MASTER/U_ICON_INTERFACE/U_CMD6_RD/U_RD_FIFO/SUBCORE_FIFO.xsdbm_v3_0_0_rdfifo_inst/inst_fifo_gen/gconvfifo.rf/grf.rf/rstblk/ngwrdrst.grst.g7serrst.rst_rd_reg1_reg/C
  -------------------------------------------------------------------    -------------------
    SLICE_X76Y1          FDPE (Prop_fdpe_C_Q)         0.141     1.712 r  dbg_hub/inst/BSCANID.u_xsdbm_id/CORE_XSDB.UUT_MASTER/U_ICON_INTERFACE/U_CMD6_RD/U_RD_FIFO/SUBCORE_FIFO.xsdbm_v3_0_0_rdfifo_inst/inst_fifo_gen/gconvfifo.rf/grf.rf/rstblk/ngwrdrst.grst.g7serrst.rst_rd_reg1_reg/Q
                         net (fo=1, routed)           0.065     1.777    dbg_hub/inst/BSCANID.u_xsdbm_id/CORE_XSDB.UUT_MASTER/U_ICON_INTERFACE/U_CMD6_RD/U_RD_FIFO/SUBCORE_FIFO.xsdbm_v3_0_0_rdfifo_inst/inst_fifo_gen/gconvfifo.rf/grf.rf/rstblk/ngwrdrst.grst.rst_rd_reg1
    SLICE_X76Y1          FDPE                                         r  dbg_hub/inst/BSCANID.u_xsdbm_id/CORE_XSDB.UUT_MASTER/U_ICON_INTERFACE/U_CMD6_RD/U_RD_FIFO/SUBCORE_FIFO.xsdbm_v3_0_0_rdfifo_inst/inst_fifo_gen/gconvfifo.rf/grf.rf/rstblk/ngwrdrst.grst.g7serrst.rst_rd_reg2_reg/D
  -------------------------------------------------------------------    -------------------

                         (clock dbg_hub/inst/BSCANID.u_xsdbm_id/SWITCH_N_EXT_BSCAN.bscan_inst/SERIES7_BSCAN.bscan_inst/TCK rise edge)
                                                      0.000     0.000 r  
    BSCAN_X0Y0           BSCANE2                      0.000     0.000 r  dbg_hub/inst/BSCANID.u_xsdbm_id/SWITCH_N_EXT_BSCAN.bscan_inst/SERIES7_BSCAN.bscan_inst/TCK
                         net (fo=1, routed)           1.075     1.075    dbg_hub/inst/BSCANID.u_xsdbm_id/tck_bs
    BUFGCTRL_X0Y16       BUFG (Prop_bufg_I_O)         0.029     1.104 r  dbg_hub/inst/BSCANID.u_xsdbm_id/SWITCH_N_EXT_BSCAN.u_bufg_icon_tck/O
                         net (fo=482, routed)         0.858     1.962    dbg_hub/inst/BSCANID.u_xsdbm_id/CORE_XSDB.UUT_MASTER/U_ICON_INTERFACE/U_CMD6_RD/U_RD_FIFO/SUBCORE_FIFO.xsdbm_v3_0_0_rdfifo_inst/inst_fifo_gen/gconvfifo.rf/grf.rf/rstblk/rd_clk
    SLICE_X76Y1          FDPE                                         r  dbg_hub/inst/BSCANID.u_xsdbm_id/CORE_XSDB.UUT_MASTER/U_ICON_INTERFACE/U_CMD6_RD/U_RD_FIFO/SUBCORE_FIFO.xsdbm_v3_0_0_rdfifo_inst/inst_fifo_gen/gconvfifo.rf/grf.rf/rstblk/ngwrdrst.grst.g7serrst.rst_rd_reg2_reg/C
                         clock pessimism             -0.391     1.571    
    SLICE_X76Y1          FDPE (Hold_fdpe_C_D)         0.075     1.646    dbg_hub/inst/BSCANID.u_xsdbm_id/CORE_XSDB.UUT_MASTER/U_ICON_INTERFACE/U_CMD6_RD/U_RD_FIFO/SUBCORE_FIFO.xsdbm_v3_0_0_rdfifo_inst/inst_fifo_gen/gconvfifo.rf/grf.rf/rstblk/ngwrdrst.grst.g7serrst.rst_rd_reg2_reg
  -------------------------------------------------------------------
                         required time                         -1.646    
                         arrival time                           1.777    
  -------------------------------------------------------------------
                         slack                                  0.131    





Pulse Width Checks
--------------------------------------------------------------------------------------
Clock Name:         dbg_hub/inst/BSCANID.u_xsdbm_id/SWITCH_N_EXT_BSCAN.bscan_inst/SERIES7_BSCAN.bscan_inst/TCK
Waveform(ns):       { 0.000 16.500 }
Period(ns):         33.000
Sources:            { dbg_hub/inst/BSCANID.u_xsdbm_id/SWITCH_N_EXT_BSCAN.bscan_inst/SERIES7_BSCAN.bscan_inst/TCK }

Check Type        Corner  Lib Pin     Reference Pin  Required(ns)  Actual(ns)  Slack(ns)  Location        Pin
Min Period        n/a     BUFG/I      n/a            2.155         33.000      30.845     BUFGCTRL_X0Y16  dbg_hub/inst/BSCANID.u_xsdbm_id/SWITCH_N_EXT_BSCAN.u_bufg_icon_tck/I
Min Period        n/a     FDRE/C      n/a            1.000         33.000      32.000     SLICE_X84Y1     dbg_hub/inst/BSCANID.u_xsdbm_id/SWITCH_N_EXT_BSCAN.bscanid_reg[0]/C
Min Period        n/a     FDRE/C      n/a            1.000         33.000      32.000     SLICE_X80Y0     dbg_hub/inst/BSCANID.u_xsdbm_id/SWITCH_N_EXT_BSCAN.bscanid_reg[10]/C
Min Period        n/a     FDRE/C      n/a            1.000         33.000      32.000     SLICE_X80Y0     dbg_hub/inst/BSCANID.u_xsdbm_id/SWITCH_N_EXT_BSCAN.bscanid_reg[11]/C
Min Period        n/a     FDRE/C      n/a            1.000         33.000      32.000     SLICE_X80Y0     dbg_hub/inst/BSCANID.u_xsdbm_id/SWITCH_N_EXT_BSCAN.bscanid_reg[12]/C
Min Period        n/a     FDRE/C      n/a            1.000         33.000      32.000     SLICE_X80Y0     dbg_hub/inst/BSCANID.u_xsdbm_id/SWITCH_N_EXT_BSCAN.bscanid_reg[13]/C
Min Period        n/a     FDRE/C      n/a            1.000         33.000      32.000     SLICE_X81Y0     dbg_hub/inst/BSCANID.u_xsdbm_id/SWITCH_N_EXT_BSCAN.bscanid_reg[14]/C
Min Period        n/a     FDRE/C      n/a            1.000         33.000      32.000     SLICE_X81Y0     dbg_hub/inst/BSCANID.u_xsdbm_id/SWITCH_N_EXT_BSCAN.bscanid_reg[15]/C
Min Period        n/a     FDRE/C      n/a            1.000         33.000      32.000     SLICE_X81Y0     dbg_hub/inst/BSCANID.u_xsdbm_id/SWITCH_N_EXT_BSCAN.bscanid_reg[16]/C
Min Period        n/a     FDRE/C      n/a            1.000         33.000      32.000     SLICE_X85Y0     dbg_hub/inst/BSCANID.u_xsdbm_id/SWITCH_N_EXT_BSCAN.bscanid_reg[17]/C
Low Pulse Width   Slow    RAMD32/CLK  n/a            1.250         16.500      15.250     SLICE_X66Y3     dbg_hub/inst/BSCANID.u_xsdbm_id/CORE_XSDB.UUT_MASTER/U_ICON_INTERFACE/U_CMD6_WR/U_WR_FIFO/SUBCORE_FIFO.xsdbm_v3_0_0_wrfifo_inst/inst_fifo_gen/gconvfifo.rf/grf.rf/gntv_or_sync_fifo.mem/gdm.dm_gen.dm/RAM_reg_0_15_0_5/RAMA/CLK
Low Pulse Width   Fast    RAMD32/CLK  n/a            1.250         16.500      15.250     SLICE_X66Y3     dbg_hub/inst/BSCANID.u_xsdbm_id/CORE_XSDB.UUT_MASTER/U_ICON_INTERFACE/U_CMD6_WR/U_WR_FIFO/SUBCORE_FIFO.xsdbm_v3_0_0_wrfifo_inst/inst_fifo_gen/gconvfifo.rf/grf.rf/gntv_or_sync_fifo.mem/gdm.dm_gen.dm/RAM_reg_0_15_0_5/RAMA/CLK
Low Pulse Width   Slow    RAMD32/CLK  n/a            1.250         16.500      15.250     SLICE_X66Y3     dbg_hub/inst/BSCANID.u_xsdbm_id/CORE_XSDB.UUT_MASTER/U_ICON_INTERFACE/U_CMD6_WR/U_WR_FIFO/SUBCORE_FIFO.xsdbm_v3_0_0_wrfifo_inst/inst_fifo_gen/gconvfifo.rf/grf.rf/gntv_or_sync_fifo.mem/gdm.dm_gen.dm/RAM_reg_0_15_0_5/RAMA_D1/CLK
Low Pulse Width   Fast    RAMD32/CLK  n/a            1.250         16.500      15.250     SLICE_X66Y3     dbg_hub/inst/BSCANID.u_xsdbm_id/CORE_XSDB.UUT_MASTER/U_ICON_INTERFACE/U_CMD6_WR/U_WR_FIFO/SUBCORE_FIFO.xsdbm_v3_0_0_wrfifo_inst/inst_fifo_gen/gconvfifo.rf/grf.rf/gntv_or_sync_fifo.mem/gdm.dm_gen.dm/RAM_reg_0_15_0_5/RAMA_D1/CLK
Low Pulse Width   Slow    RAMD32/CLK  n/a            1.250         16.500      15.250     SLICE_X66Y3     dbg_hub/inst/BSCANID.u_xsdbm_id/CORE_XSDB.UUT_MASTER/U_ICON_INTERFACE/U_CMD6_WR/U_WR_FIFO/SUBCORE_FIFO.xsdbm_v3_0_0_wrfifo_inst/inst_fifo_gen/gconvfifo.rf/grf.rf/gntv_or_sync_fifo.mem/gdm.dm_gen.dm/RAM_reg_0_15_0_5/RAMB/CLK
Low Pulse Width   Fast    RAMD32/CLK  n/a            1.250         16.500      15.250     SLICE_X66Y3     dbg_hub/inst/BSCANID.u_xsdbm_id/CORE_XSDB.UUT_MASTER/U_ICON_INTERFACE/U_CMD6_WR/U_WR_FIFO/SUBCORE_FIFO.xsdbm_v3_0_0_wrfifo_inst/inst_fifo_gen/gconvfifo.rf/grf.rf/gntv_or_sync_fifo.mem/gdm.dm_gen.dm/RAM_reg_0_15_0_5/RAMB/CLK
Low Pulse Width   Slow    RAMD32/CLK  n/a            1.250         16.500      15.250     SLICE_X66Y3     dbg_hub/inst/BSCANID.u_xsdbm_id/CORE_XSDB.UUT_MASTER/U_ICON_INTERFACE/U_CMD6_WR/U_WR_FIFO/SUBCORE_FIFO.xsdbm_v3_0_0_wrfifo_inst/inst_fifo_gen/gconvfifo.rf/grf.rf/gntv_or_sync_fifo.mem/gdm.dm_gen.dm/RAM_reg_0_15_0_5/RAMB_D1/CLK
Low Pulse Width   Fast    RAMD32/CLK  n/a            1.250         16.500      15.250     SLICE_X66Y3     dbg_hub/inst/BSCANID.u_xsdbm_id/CORE_XSDB.UUT_MASTER/U_ICON_INTERFACE/U_CMD6_WR/U_WR_FIFO/SUBCORE_FIFO.xsdbm_v3_0_0_wrfifo_inst/inst_fifo_gen/gconvfifo.rf/grf.rf/gntv_or_sync_fifo.mem/gdm.dm_gen.dm/RAM_reg_0_15_0_5/RAMB_D1/CLK
Low Pulse Width   Slow    RAMD32/CLK  n/a            1.250         16.500      15.250     SLICE_X66Y3     dbg_hub/inst/BSCANID.u_xsdbm_id/CORE_XSDB.UUT_MASTER/U_ICON_INTERFACE/U_CMD6_WR/U_WR_FIFO/SUBCORE_FIFO.xsdbm_v3_0_0_wrfifo_inst/inst_fifo_gen/gconvfifo.rf/grf.rf/gntv_or_sync_fifo.mem/gdm.dm_gen.dm/RAM_reg_0_15_0_5/RAMC/CLK
Low Pulse Width   Fast    RAMD32/CLK  n/a            1.250         16.500      15.250     SLICE_X66Y3     dbg_hub/inst/BSCANID.u_xsdbm_id/CORE_XSDB.UUT_MASTER/U_ICON_INTERFACE/U_CMD6_WR/U_WR_FIFO/SUBCORE_FIFO.xsdbm_v3_0_0_wrfifo_inst/inst_fifo_gen/gconvfifo.rf/grf.rf/gntv_or_sync_fifo.mem/gdm.dm_gen.dm/RAM_reg_0_15_0_5/RAMC/CLK
High Pulse Width  Slow    RAMD32/CLK  n/a            1.250         16.500      15.250     SLICE_X66Y3     dbg_hub/inst/BSCANID.u_xsdbm_id/CORE_XSDB.UUT_MASTER/U_ICON_INTERFACE/U_CMD6_WR/U_WR_FIFO/SUBCORE_FIFO.xsdbm_v3_0_0_wrfifo_inst/inst_fifo_gen/gconvfifo.rf/grf.rf/gntv_or_sync_fifo.mem/gdm.dm_gen.dm/RAM_reg_0_15_0_5/RAMA/CLK
High Pulse Width  Fast    RAMD32/CLK  n/a            1.250         16.500      15.250     SLICE_X66Y3     dbg_hub/inst/BSCANID.u_xsdbm_id/CORE_XSDB.UUT_MASTER/U_ICON_INTERFACE/U_CMD6_WR/U_WR_FIFO/SUBCORE_FIFO.xsdbm_v3_0_0_wrfifo_inst/inst_fifo_gen/gconvfifo.rf/grf.rf/gntv_or_sync_fifo.mem/gdm.dm_gen.dm/RAM_reg_0_15_0_5/RAMA/CLK
High Pulse Width  Slow    RAMD32/CLK  n/a            1.250         16.500      15.250     SLICE_X66Y3     dbg_hub/inst/BSCANID.u_xsdbm_id/CORE_XSDB.UUT_MASTER/U_ICON_INTERFACE/U_CMD6_WR/U_WR_FIFO/SUBCORE_FIFO.xsdbm_v3_0_0_wrfifo_inst/inst_fifo_gen/gconvfifo.rf/grf.rf/gntv_or_sync_fifo.mem/gdm.dm_gen.dm/RAM_reg_0_15_0_5/RAMA_D1/CLK
High Pulse Width  Fast    RAMD32/CLK  n/a            1.250         16.500      15.250     SLICE_X66Y3     dbg_hub/inst/BSCANID.u_xsdbm_id/CORE_XSDB.UUT_MASTER/U_ICON_INTERFACE/U_CMD6_WR/U_WR_FIFO/SUBCORE_FIFO.xsdbm_v3_0_0_wrfifo_inst/inst_fifo_gen/gconvfifo.rf/grf.rf/gntv_or_sync_fifo.mem/gdm.dm_gen.dm/RAM_reg_0_15_0_5/RAMA_D1/CLK
High Pulse Width  Slow    RAMD32/CLK  n/a            1.250         16.500      15.250     SLICE_X66Y3     dbg_hub/inst/BSCANID.u_xsdbm_id/CORE_XSDB.UUT_MASTER/U_ICON_INTERFACE/U_CMD6_WR/U_WR_FIFO/SUBCORE_FIFO.xsdbm_v3_0_0_wrfifo_inst/inst_fifo_gen/gconvfifo.rf/grf.rf/gntv_or_sync_fifo.mem/gdm.dm_gen.dm/RAM_reg_0_15_0_5/RAMB/CLK
High Pulse Width  Fast    RAMD32/CLK  n/a            1.250         16.500      15.250     SLICE_X66Y3     dbg_hub/inst/BSCANID.u_xsdbm_id/CORE_XSDB.UUT_MASTER/U_ICON_INTERFACE/U_CMD6_WR/U_WR_FIFO/SUBCORE_FIFO.xsdbm_v3_0_0_wrfifo_inst/inst_fifo_gen/gconvfifo.rf/grf.rf/gntv_or_sync_fifo.mem/gdm.dm_gen.dm/RAM_reg_0_15_0_5/RAMB/CLK
High Pulse Width  Slow    RAMD32/CLK  n/a            1.250         16.500      15.250     SLICE_X66Y3     dbg_hub/inst/BSCANID.u_xsdbm_id/CORE_XSDB.UUT_MASTER/U_ICON_INTERFACE/U_CMD6_WR/U_WR_FIFO/SUBCORE_FIFO.xsdbm_v3_0_0_wrfifo_inst/inst_fifo_gen/gconvfifo.rf/grf.rf/gntv_or_sync_fifo.mem/gdm.dm_gen.dm/RAM_reg_0_15_0_5/RAMB_D1/CLK
High Pulse Width  Fast    RAMD32/CLK  n/a            1.250         16.500      15.250     SLICE_X66Y3     dbg_hub/inst/BSCANID.u_xsdbm_id/CORE_XSDB.UUT_MASTER/U_ICON_INTERFACE/U_CMD6_WR/U_WR_FIFO/SUBCORE_FIFO.xsdbm_v3_0_0_wrfifo_inst/inst_fifo_gen/gconvfifo.rf/grf.rf/gntv_or_sync_fifo.mem/gdm.dm_gen.dm/RAM_reg_0_15_0_5/RAMB_D1/CLK
High Pulse Width  Slow    RAMD32/CLK  n/a            1.250         16.500      15.250     SLICE_X66Y3     dbg_hub/inst/BSCANID.u_xsdbm_id/CORE_XSDB.UUT_MASTER/U_ICON_INTERFACE/U_CMD6_WR/U_WR_FIFO/SUBCORE_FIFO.xsdbm_v3_0_0_wrfifo_inst/inst_fifo_gen/gconvfifo.rf/grf.rf/gntv_or_sync_fifo.mem/gdm.dm_gen.dm/RAM_reg_0_15_0_5/RAMC/CLK
High Pulse Width  Fast    RAMD32/CLK  n/a            1.250         16.500      15.250     SLICE_X66Y3     dbg_hub/inst/BSCANID.u_xsdbm_id/CORE_XSDB.UUT_MASTER/U_ICON_INTERFACE/U_CMD6_WR/U_WR_FIFO/SUBCORE_FIFO.xsdbm_v3_0_0_wrfifo_inst/inst_fifo_gen/gconvfifo.rf/grf.rf/gntv_or_sync_fifo.mem/gdm.dm_gen.dm/RAM_reg_0_15_0_5/RAMC/CLK



---------------------------------------------------------------------------------------------------
From Clock:  dbg_hub/inst/BSCANID.u_xsdbm_id/SWITCH_N_EXT_BSCAN.bscan_inst/SERIES7_BSCAN.bscan_inst/TCK
  To Clock:  clk_fpga_0

Setup :            0  Failing Endpoints,  Worst Slack       31.660ns,  Total Violation        0.000ns
Hold  :           NA  Failing Endpoints,  Worst Slack           NA  ,  Total Violation           NA
---------------------------------------------------------------------------------------------------


Max Delay Paths
--------------------------------------------------------------------------------------
Slack (MET) :             31.660ns  (required time - arrival time)
  Source:                 dbg_hub/inst/BSCANID.u_xsdbm_id/CORE_XSDB.UUT_MASTER/U_ICON_INTERFACE/U_CMD6_WR/U_WR_FIFO/SUBCORE_FIFO.xsdbm_v3_0_0_wrfifo_inst/inst_fifo_gen/gconvfifo.rf/grf.rf/gntv_or_sync_fifo.gcx.clkx/gnxpm_cdc.wr_pntr_gc_reg[3]/C
                            (rising edge-triggered cell FDCE clocked by dbg_hub/inst/BSCANID.u_xsdbm_id/SWITCH_N_EXT_BSCAN.bscan_inst/SERIES7_BSCAN.bscan_inst/TCK  {rise@0.000ns fall@16.500ns period=33.000ns})
  Destination:            dbg_hub/inst/BSCANID.u_xsdbm_id/CORE_XSDB.UUT_MASTER/U_ICON_INTERFACE/U_CMD6_WR/U_WR_FIFO/SUBCORE_FIFO.xsdbm_v3_0_0_wrfifo_inst/inst_fifo_gen/gconvfifo.rf/grf.rf/gntv_or_sync_fifo.gcx.clkx/gnxpm_cdc.gsync_stage[1].rd_stg_inst/Q_reg_reg[3]/D
                            (rising edge-triggered cell FDCE clocked by clk_fpga_0  {rise@0.000ns fall@5.000ns period=10.000ns})
  Path Group:             clk_fpga_0
  Path Type:              Setup (Max at Slow Process Corner)
  Requirement:            33.000ns  (MaxDelay Path 33.000ns)
  Data Path Delay:        1.070ns  (logic 0.478ns (44.692%)  route 0.592ns (55.308%))
  Logic Levels:           0  
  Timing Exception:       MaxDelay Path 33.000ns -datapath_only

    Location             Delay type                Incr(ns)  Path(ns)    Netlist Resource(s)
  -------------------------------------------------------------------    -------------------
    SLICE_X58Y4                                       0.000     0.000 r  dbg_hub/inst/BSCANID.u_xsdbm_id/CORE_XSDB.UUT_MASTER/U_ICON_INTERFACE/U_CMD6_WR/U_WR_FIFO/SUBCORE_FIFO.xsdbm_v3_0_0_wrfifo_inst/inst_fifo_gen/gconvfifo.rf/grf.rf/gntv_or_sync_fifo.gcx.clkx/gnxpm_cdc.wr_pntr_gc_reg[3]/C
    SLICE_X58Y4          FDCE (Prop_fdce_C_Q)         0.478     0.478 r  dbg_hub/inst/BSCANID.u_xsdbm_id/CORE_XSDB.UUT_MASTER/U_ICON_INTERFACE/U_CMD6_WR/U_WR_FIFO/SUBCORE_FIFO.xsdbm_v3_0_0_wrfifo_inst/inst_fifo_gen/gconvfifo.rf/grf.rf/gntv_or_sync_fifo.gcx.clkx/gnxpm_cdc.wr_pntr_gc_reg[3]/Q
                         net (fo=1, routed)           0.592     1.070    dbg_hub/inst/BSCANID.u_xsdbm_id/CORE_XSDB.UUT_MASTER/U_ICON_INTERFACE/U_CMD6_WR/U_WR_FIFO/SUBCORE_FIFO.xsdbm_v3_0_0_wrfifo_inst/inst_fifo_gen/gconvfifo.rf/grf.rf/gntv_or_sync_fifo.gcx.clkx/gnxpm_cdc.gsync_stage[1].rd_stg_inst/Q[3]
    SLICE_X60Y5          FDCE                                         r  dbg_hub/inst/BSCANID.u_xsdbm_id/CORE_XSDB.UUT_MASTER/U_ICON_INTERFACE/U_CMD6_WR/U_WR_FIFO/SUBCORE_FIFO.xsdbm_v3_0_0_wrfifo_inst/inst_fifo_gen/gconvfifo.rf/grf.rf/gntv_or_sync_fifo.gcx.clkx/gnxpm_cdc.gsync_stage[1].rd_stg_inst/Q_reg_reg[3]/D
  -------------------------------------------------------------------    -------------------

                         max delay                   33.000    33.000    
    SLICE_X60Y5          FDCE (Setup_fdce_C_D)       -0.270    32.730    dbg_hub/inst/BSCANID.u_xsdbm_id/CORE_XSDB.UUT_MASTER/U_ICON_INTERFACE/U_CMD6_WR/U_WR_FIFO/SUBCORE_FIFO.xsdbm_v3_0_0_wrfifo_inst/inst_fifo_gen/gconvfifo.rf/grf.rf/gntv_or_sync_fifo.gcx.clkx/gnxpm_cdc.gsync_stage[1].rd_stg_inst/Q_reg_reg[3]
  -------------------------------------------------------------------
                         required time                         32.730    
                         arrival time                          -1.070    
  -------------------------------------------------------------------
                         slack                                 31.660    

Slack (MET) :             31.667ns  (required time - arrival time)
  Source:                 dbg_hub/inst/BSCANID.u_xsdbm_id/CORE_XSDB.UUT_MASTER/U_ICON_INTERFACE/U_CMD6_WR/U_WR_FIFO/SUBCORE_FIFO.xsdbm_v3_0_0_wrfifo_inst/inst_fifo_gen/gconvfifo.rf/grf.rf/gntv_or_sync_fifo.gcx.clkx/gnxpm_cdc.wr_pntr_gc_reg[1]/C
                            (rising edge-triggered cell FDCE clocked by dbg_hub/inst/BSCANID.u_xsdbm_id/SWITCH_N_EXT_BSCAN.bscan_inst/SERIES7_BSCAN.bscan_inst/TCK  {rise@0.000ns fall@16.500ns period=33.000ns})
  Destination:            dbg_hub/inst/BSCANID.u_xsdbm_id/CORE_XSDB.UUT_MASTER/U_ICON_INTERFACE/U_CMD6_WR/U_WR_FIFO/SUBCORE_FIFO.xsdbm_v3_0_0_wrfifo_inst/inst_fifo_gen/gconvfifo.rf/grf.rf/gntv_or_sync_fifo.gcx.clkx/gnxpm_cdc.gsync_stage[1].rd_stg_inst/Q_reg_reg[1]/D
                            (rising edge-triggered cell FDCE clocked by clk_fpga_0  {rise@0.000ns fall@5.000ns period=10.000ns})
  Path Group:             clk_fpga_0
  Path Type:              Setup (Max at Slow Process Corner)
  Requirement:            33.000ns  (MaxDelay Path 33.000ns)
  Data Path Delay:        1.069ns  (logic 0.478ns (44.729%)  route 0.591ns (55.271%))
  Logic Levels:           0  
  Timing Exception:       MaxDelay Path 33.000ns -datapath_only

    Location             Delay type                Incr(ns)  Path(ns)    Netlist Resource(s)
  -------------------------------------------------------------------    -------------------
    SLICE_X58Y4                                       0.000     0.000 r  dbg_hub/inst/BSCANID.u_xsdbm_id/CORE_XSDB.UUT_MASTER/U_ICON_INTERFACE/U_CMD6_WR/U_WR_FIFO/SUBCORE_FIFO.xsdbm_v3_0_0_wrfifo_inst/inst_fifo_gen/gconvfifo.rf/grf.rf/gntv_or_sync_fifo.gcx.clkx/gnxpm_cdc.wr_pntr_gc_reg[1]/C
    SLICE_X58Y4          FDCE (Prop_fdce_C_Q)         0.478     0.478 r  dbg_hub/inst/BSCANID.u_xsdbm_id/CORE_XSDB.UUT_MASTER/U_ICON_INTERFACE/U_CMD6_WR/U_WR_FIFO/SUBCORE_FIFO.xsdbm_v3_0_0_wrfifo_inst/inst_fifo_gen/gconvfifo.rf/grf.rf/gntv_or_sync_fifo.gcx.clkx/gnxpm_cdc.wr_pntr_gc_reg[1]/Q
                         net (fo=1, routed)           0.591     1.069    dbg_hub/inst/BSCANID.u_xsdbm_id/CORE_XSDB.UUT_MASTER/U_ICON_INTERFACE/U_CMD6_WR/U_WR_FIFO/SUBCORE_FIFO.xsdbm_v3_0_0_wrfifo_inst/inst_fifo_gen/gconvfifo.rf/grf.rf/gntv_or_sync_fifo.gcx.clkx/gnxpm_cdc.gsync_stage[1].rd_stg_inst/Q[1]
    SLICE_X59Y4          FDCE                                         r  dbg_hub/inst/BSCANID.u_xsdbm_id/CORE_XSDB.UUT_MASTER/U_ICON_INTERFACE/U_CMD6_WR/U_WR_FIFO/SUBCORE_FIFO.xsdbm_v3_0_0_wrfifo_inst/inst_fifo_gen/gconvfifo.rf/grf.rf/gntv_or_sync_fifo.gcx.clkx/gnxpm_cdc.gsync_stage[1].rd_stg_inst/Q_reg_reg[1]/D
  -------------------------------------------------------------------    -------------------

                         max delay                   33.000    33.000    
    SLICE_X59Y4          FDCE (Setup_fdce_C_D)       -0.264    32.736    dbg_hub/inst/BSCANID.u_xsdbm_id/CORE_XSDB.UUT_MASTER/U_ICON_INTERFACE/U_CMD6_WR/U_WR_FIFO/SUBCORE_FIFO.xsdbm_v3_0_0_wrfifo_inst/inst_fifo_gen/gconvfifo.rf/grf.rf/gntv_or_sync_fifo.gcx.clkx/gnxpm_cdc.gsync_stage[1].rd_stg_inst/Q_reg_reg[1]
  -------------------------------------------------------------------
                         required time                         32.736    
                         arrival time                          -1.069    
  -------------------------------------------------------------------
                         slack                                 31.667    

Slack (MET) :             31.713ns  (required time - arrival time)
  Source:                 dbg_hub/inst/BSCANID.u_xsdbm_id/CORE_XSDB.UUT_MASTER/U_ICON_INTERFACE/U_CMD6_WR/U_WR_FIFO/SUBCORE_FIFO.xsdbm_v3_0_0_wrfifo_inst/inst_fifo_gen/gconvfifo.rf/grf.rf/gntv_or_sync_fifo.gcx.clkx/gnxpm_cdc.wr_pntr_gc_reg[0]/C
                            (rising edge-triggered cell FDCE clocked by dbg_hub/inst/BSCANID.u_xsdbm_id/SWITCH_N_EXT_BSCAN.bscan_inst/SERIES7_BSCAN.bscan_inst/TCK  {rise@0.000ns fall@16.500ns period=33.000ns})
  Destination:            dbg_hub/inst/BSCANID.u_xsdbm_id/CORE_XSDB.UUT_MASTER/U_ICON_INTERFACE/U_CMD6_WR/U_WR_FIFO/SUBCORE_FIFO.xsdbm_v3_0_0_wrfifo_inst/inst_fifo_gen/gconvfifo.rf/grf.rf/gntv_or_sync_fifo.gcx.clkx/gnxpm_cdc.gsync_stage[1].rd_stg_inst/Q_reg_reg[0]/D
                            (rising edge-triggered cell FDCE clocked by clk_fpga_0  {rise@0.000ns fall@5.000ns period=10.000ns})
  Path Group:             clk_fpga_0
  Path Type:              Setup (Max at Slow Process Corner)
  Requirement:            33.000ns  (MaxDelay Path 33.000ns)
  Data Path Delay:        1.192ns  (logic 0.518ns (43.465%)  route 0.674ns (56.535%))
  Logic Levels:           0  
  Timing Exception:       MaxDelay Path 33.000ns -datapath_only

    Location             Delay type                Incr(ns)  Path(ns)    Netlist Resource(s)
  -------------------------------------------------------------------    -------------------
    SLICE_X58Y4                                       0.000     0.000 r  dbg_hub/inst/BSCANID.u_xsdbm_id/CORE_XSDB.UUT_MASTER/U_ICON_INTERFACE/U_CMD6_WR/U_WR_FIFO/SUBCORE_FIFO.xsdbm_v3_0_0_wrfifo_inst/inst_fifo_gen/gconvfifo.rf/grf.rf/gntv_or_sync_fifo.gcx.clkx/gnxpm_cdc.wr_pntr_gc_reg[0]/C
    SLICE_X58Y4          FDCE (Prop_fdce_C_Q)         0.518     0.518 r  dbg_hub/inst/BSCANID.u_xsdbm_id/CORE_XSDB.UUT_MASTER/U_ICON_INTERFACE/U_CMD6_WR/U_WR_FIFO/SUBCORE_FIFO.xsdbm_v3_0_0_wrfifo_inst/inst_fifo_gen/gconvfifo.rf/grf.rf/gntv_or_sync_fifo.gcx.clkx/gnxpm_cdc.wr_pntr_gc_reg[0]/Q
                         net (fo=1, routed)           0.674     1.192    dbg_hub/inst/BSCANID.u_xsdbm_id/CORE_XSDB.UUT_MASTER/U_ICON_INTERFACE/U_CMD6_WR/U_WR_FIFO/SUBCORE_FIFO.xsdbm_v3_0_0_wrfifo_inst/inst_fifo_gen/gconvfifo.rf/grf.rf/gntv_or_sync_fifo.gcx.clkx/gnxpm_cdc.gsync_stage[1].rd_stg_inst/Q[0]
    SLICE_X59Y4          FDCE                                         r  dbg_hub/inst/BSCANID.u_xsdbm_id/CORE_XSDB.UUT_MASTER/U_ICON_INTERFACE/U_CMD6_WR/U_WR_FIFO/SUBCORE_FIFO.xsdbm_v3_0_0_wrfifo_inst/inst_fifo_gen/gconvfifo.rf/grf.rf/gntv_or_sync_fifo.gcx.clkx/gnxpm_cdc.gsync_stage[1].rd_stg_inst/Q_reg_reg[0]/D
  -------------------------------------------------------------------    -------------------

                         max delay                   33.000    33.000    
    SLICE_X59Y4          FDCE (Setup_fdce_C_D)       -0.095    32.905    dbg_hub/inst/BSCANID.u_xsdbm_id/CORE_XSDB.UUT_MASTER/U_ICON_INTERFACE/U_CMD6_WR/U_WR_FIFO/SUBCORE_FIFO.xsdbm_v3_0_0_wrfifo_inst/inst_fifo_gen/gconvfifo.rf/grf.rf/gntv_or_sync_fifo.gcx.clkx/gnxpm_cdc.gsync_stage[1].rd_stg_inst/Q_reg_reg[0]
  -------------------------------------------------------------------
                         required time                         32.905    
                         arrival time                          -1.192    
  -------------------------------------------------------------------
                         slack                                 31.713    

Slack (MET) :             31.796ns  (required time - arrival time)
  Source:                 dbg_hub/inst/BSCANID.u_xsdbm_id/CORE_XSDB.UUT_MASTER/U_ICON_INTERFACE/U_CMD6_WR/U_WR_FIFO/SUBCORE_FIFO.xsdbm_v3_0_0_wrfifo_inst/inst_fifo_gen/gconvfifo.rf/grf.rf/gntv_or_sync_fifo.gcx.clkx/gnxpm_cdc.wr_pntr_gc_reg[2]/C
                            (rising edge-triggered cell FDCE clocked by dbg_hub/inst/BSCANID.u_xsdbm_id/SWITCH_N_EXT_BSCAN.bscan_inst/SERIES7_BSCAN.bscan_inst/TCK  {rise@0.000ns fall@16.500ns period=33.000ns})
  Destination:            dbg_hub/inst/BSCANID.u_xsdbm_id/CORE_XSDB.UUT_MASTER/U_ICON_INTERFACE/U_CMD6_WR/U_WR_FIFO/SUBCORE_FIFO.xsdbm_v3_0_0_wrfifo_inst/inst_fifo_gen/gconvfifo.rf/grf.rf/gntv_or_sync_fifo.gcx.clkx/gnxpm_cdc.gsync_stage[1].rd_stg_inst/Q_reg_reg[2]/D
                            (rising edge-triggered cell FDCE clocked by clk_fpga_0  {rise@0.000ns fall@5.000ns period=10.000ns})
  Path Group:             clk_fpga_0
  Path Type:              Setup (Max at Slow Process Corner)
  Requirement:            33.000ns  (MaxDelay Path 33.000ns)
  Data Path Delay:        1.109ns  (logic 0.518ns (46.695%)  route 0.591ns (53.305%))
  Logic Levels:           0  
  Timing Exception:       MaxDelay Path 33.000ns -datapath_only

    Location             Delay type                Incr(ns)  Path(ns)    Netlist Resource(s)
  -------------------------------------------------------------------    -------------------
    SLICE_X58Y4                                       0.000     0.000 r  dbg_hub/inst/BSCANID.u_xsdbm_id/CORE_XSDB.UUT_MASTER/U_ICON_INTERFACE/U_CMD6_WR/U_WR_FIFO/SUBCORE_FIFO.xsdbm_v3_0_0_wrfifo_inst/inst_fifo_gen/gconvfifo.rf/grf.rf/gntv_or_sync_fifo.gcx.clkx/gnxpm_cdc.wr_pntr_gc_reg[2]/C
    SLICE_X58Y4          FDCE (Prop_fdce_C_Q)         0.518     0.518 r  dbg_hub/inst/BSCANID.u_xsdbm_id/CORE_XSDB.UUT_MASTER/U_ICON_INTERFACE/U_CMD6_WR/U_WR_FIFO/SUBCORE_FIFO.xsdbm_v3_0_0_wrfifo_inst/inst_fifo_gen/gconvfifo.rf/grf.rf/gntv_or_sync_fifo.gcx.clkx/gnxpm_cdc.wr_pntr_gc_reg[2]/Q
                         net (fo=1, routed)           0.591     1.109    dbg_hub/inst/BSCANID.u_xsdbm_id/CORE_XSDB.UUT_MASTER/U_ICON_INTERFACE/U_CMD6_WR/U_WR_FIFO/SUBCORE_FIFO.xsdbm_v3_0_0_wrfifo_inst/inst_fifo_gen/gconvfifo.rf/grf.rf/gntv_or_sync_fifo.gcx.clkx/gnxpm_cdc.gsync_stage[1].rd_stg_inst/Q[2]
    SLICE_X60Y5          FDCE                                         r  dbg_hub/inst/BSCANID.u_xsdbm_id/CORE_XSDB.UUT_MASTER/U_ICON_INTERFACE/U_CMD6_WR/U_WR_FIFO/SUBCORE_FIFO.xsdbm_v3_0_0_wrfifo_inst/inst_fifo_gen/gconvfifo.rf/grf.rf/gntv_or_sync_fifo.gcx.clkx/gnxpm_cdc.gsync_stage[1].rd_stg_inst/Q_reg_reg[2]/D
  -------------------------------------------------------------------    -------------------

                         max delay                   33.000    33.000    
    SLICE_X60Y5          FDCE (Setup_fdce_C_D)       -0.095    32.905    dbg_hub/inst/BSCANID.u_xsdbm_id/CORE_XSDB.UUT_MASTER/U_ICON_INTERFACE/U_CMD6_WR/U_WR_FIFO/SUBCORE_FIFO.xsdbm_v3_0_0_wrfifo_inst/inst_fifo_gen/gconvfifo.rf/grf.rf/gntv_or_sync_fifo.gcx.clkx/gnxpm_cdc.gsync_stage[1].rd_stg_inst/Q_reg_reg[2]
  -------------------------------------------------------------------
                         required time                         32.905    
                         arrival time                          -1.109    
  -------------------------------------------------------------------
                         slack                                 31.796    

Slack (MET) :             31.844ns  (required time - arrival time)
  Source:                 dbg_hub/inst/BSCANID.u_xsdbm_id/CORE_XSDB.UUT_MASTER/U_ICON_INTERFACE/U_CMD6_RD/U_RD_FIFO/SUBCORE_FIFO.xsdbm_v3_0_0_rdfifo_inst/inst_fifo_gen/gconvfifo.rf/grf.rf/gntv_or_sync_fifo.gcx.clkx/gnxpm_cdc.rd_pntr_gc_reg[3]/C
                            (rising edge-triggered cell FDCE clocked by dbg_hub/inst/BSCANID.u_xsdbm_id/SWITCH_N_EXT_BSCAN.bscan_inst/SERIES7_BSCAN.bscan_inst/TCK  {rise@0.000ns fall@16.500ns period=33.000ns})
  Destination:            dbg_hub/inst/BSCANID.u_xsdbm_id/CORE_XSDB.UUT_MASTER/U_ICON_INTERFACE/U_CMD6_RD/U_RD_FIFO/SUBCORE_FIFO.xsdbm_v3_0_0_rdfifo_inst/inst_fifo_gen/gconvfifo.rf/grf.rf/gntv_or_sync_fifo.gcx.clkx/gnxpm_cdc.gsync_stage[1].wr_stg_inst/Q_reg_reg[3]/D
                            (rising edge-triggered cell FDCE clocked by clk_fpga_0  {rise@0.000ns fall@5.000ns period=10.000ns})
  Path Group:             clk_fpga_0
  Path Type:              Setup (Max at Slow Process Corner)
  Requirement:            33.000ns  (MaxDelay Path 33.000ns)
  Data Path Delay:        0.888ns  (logic 0.419ns (47.160%)  route 0.469ns (52.840%))
  Logic Levels:           0  
  Timing Exception:       MaxDelay Path 33.000ns -datapath_only

    Location             Delay type                Incr(ns)  Path(ns)    Netlist Resource(s)
  -------------------------------------------------------------------    -------------------
    SLICE_X76Y4                                       0.000     0.000 r  dbg_hub/inst/BSCANID.u_xsdbm_id/CORE_XSDB.UUT_MASTER/U_ICON_INTERFACE/U_CMD6_RD/U_RD_FIFO/SUBCORE_FIFO.xsdbm_v3_0_0_rdfifo_inst/inst_fifo_gen/gconvfifo.rf/grf.rf/gntv_or_sync_fifo.gcx.clkx/gnxpm_cdc.rd_pntr_gc_reg[3]/C
    SLICE_X76Y4          FDCE (Prop_fdce_C_Q)         0.419     0.419 r  dbg_hub/inst/BSCANID.u_xsdbm_id/CORE_XSDB.UUT_MASTER/U_ICON_INTERFACE/U_CMD6_RD/U_RD_FIFO/SUBCORE_FIFO.xsdbm_v3_0_0_rdfifo_inst/inst_fifo_gen/gconvfifo.rf/grf.rf/gntv_or_sync_fifo.gcx.clkx/gnxpm_cdc.rd_pntr_gc_reg[3]/Q
                         net (fo=1, routed)           0.469     0.888    dbg_hub/inst/BSCANID.u_xsdbm_id/CORE_XSDB.UUT_MASTER/U_ICON_INTERFACE/U_CMD6_RD/U_RD_FIFO/SUBCORE_FIFO.xsdbm_v3_0_0_rdfifo_inst/inst_fifo_gen/gconvfifo.rf/grf.rf/gntv_or_sync_fifo.gcx.clkx/gnxpm_cdc.gsync_stage[1].wr_stg_inst/Q[3]
    SLICE_X74Y4          FDCE                                         r  dbg_hub/inst/BSCANID.u_xsdbm_id/CORE_XSDB.UUT_MASTER/U_ICON_INTERFACE/U_CMD6_RD/U_RD_FIFO/SUBCORE_FIFO.xsdbm_v3_0_0_rdfifo_inst/inst_fifo_gen/gconvfifo.rf/grf.rf/gntv_or_sync_fifo.gcx.clkx/gnxpm_cdc.gsync_stage[1].wr_stg_inst/Q_reg_reg[3]/D
  -------------------------------------------------------------------    -------------------

                         max delay                   33.000    33.000    
    SLICE_X74Y4          FDCE (Setup_fdce_C_D)       -0.268    32.732    dbg_hub/inst/BSCANID.u_xsdbm_id/CORE_XSDB.UUT_MASTER/U_ICON_INTERFACE/U_CMD6_RD/U_RD_FIFO/SUBCORE_FIFO.xsdbm_v3_0_0_rdfifo_inst/inst_fifo_gen/gconvfifo.rf/grf.rf/gntv_or_sync_fifo.gcx.clkx/gnxpm_cdc.gsync_stage[1].wr_stg_inst/Q_reg_reg[3]
  -------------------------------------------------------------------
                         required time                         32.732    
                         arrival time                          -0.888    
  -------------------------------------------------------------------
                         slack                                 31.844    

Slack (MET) :             31.852ns  (required time - arrival time)
  Source:                 dbg_hub/inst/BSCANID.u_xsdbm_id/CORE_XSDB.UUT_MASTER/U_ICON_INTERFACE/U_CMD6_RD/U_RD_FIFO/SUBCORE_FIFO.xsdbm_v3_0_0_rdfifo_inst/inst_fifo_gen/gconvfifo.rf/grf.rf/gntv_or_sync_fifo.gcx.clkx/gnxpm_cdc.rd_pntr_gc_reg[2]/C
                            (rising edge-triggered cell FDCE clocked by dbg_hub/inst/BSCANID.u_xsdbm_id/SWITCH_N_EXT_BSCAN.bscan_inst/SERIES7_BSCAN.bscan_inst/TCK  {rise@0.000ns fall@16.500ns period=33.000ns})
  Destination:            dbg_hub/inst/BSCANID.u_xsdbm_id/CORE_XSDB.UUT_MASTER/U_ICON_INTERFACE/U_CMD6_RD/U_RD_FIFO/SUBCORE_FIFO.xsdbm_v3_0_0_rdfifo_inst/inst_fifo_gen/gconvfifo.rf/grf.rf/gntv_or_sync_fifo.gcx.clkx/gnxpm_cdc.gsync_stage[1].wr_stg_inst/Q_reg_reg[2]/D
                            (rising edge-triggered cell FDCE clocked by clk_fpga_0  {rise@0.000ns fall@5.000ns period=10.000ns})
  Path Group:             clk_fpga_0
  Path Type:              Setup (Max at Slow Process Corner)
  Requirement:            33.000ns  (MaxDelay Path 33.000ns)
  Data Path Delay:        1.055ns  (logic 0.456ns (43.230%)  route 0.599ns (56.770%))
  Logic Levels:           0  
  Timing Exception:       MaxDelay Path 33.000ns -datapath_only

    Location             Delay type                Incr(ns)  Path(ns)    Netlist Resource(s)
  -------------------------------------------------------------------    -------------------
    SLICE_X76Y3                                       0.000     0.000 r  dbg_hub/inst/BSCANID.u_xsdbm_id/CORE_XSDB.UUT_MASTER/U_ICON_INTERFACE/U_CMD6_RD/U_RD_FIFO/SUBCORE_FIFO.xsdbm_v3_0_0_rdfifo_inst/inst_fifo_gen/gconvfifo.rf/grf.rf/gntv_or_sync_fifo.gcx.clkx/gnxpm_cdc.rd_pntr_gc_reg[2]/C
    SLICE_X76Y3          FDCE (Prop_fdce_C_Q)         0.456     0.456 r  dbg_hub/inst/BSCANID.u_xsdbm_id/CORE_XSDB.UUT_MASTER/U_ICON_INTERFACE/U_CMD6_RD/U_RD_FIFO/SUBCORE_FIFO.xsdbm_v3_0_0_rdfifo_inst/inst_fifo_gen/gconvfifo.rf/grf.rf/gntv_or_sync_fifo.gcx.clkx/gnxpm_cdc.rd_pntr_gc_reg[2]/Q
                         net (fo=1, routed)           0.599     1.055    dbg_hub/inst/BSCANID.u_xsdbm_id/CORE_XSDB.UUT_MASTER/U_ICON_INTERFACE/U_CMD6_RD/U_RD_FIFO/SUBCORE_FIFO.xsdbm_v3_0_0_rdfifo_inst/inst_fifo_gen/gconvfifo.rf/grf.rf/gntv_or_sync_fifo.gcx.clkx/gnxpm_cdc.gsync_stage[1].wr_stg_inst/Q[2]
    SLICE_X75Y4          FDCE                                         r  dbg_hub/inst/BSCANID.u_xsdbm_id/CORE_XSDB.UUT_MASTER/U_ICON_INTERFACE/U_CMD6_RD/U_RD_FIFO/SUBCORE_FIFO.xsdbm_v3_0_0_rdfifo_inst/inst_fifo_gen/gconvfifo.rf/grf.rf/gntv_or_sync_fifo.gcx.clkx/gnxpm_cdc.gsync_stage[1].wr_stg_inst/Q_reg_reg[2]/D
  -------------------------------------------------------------------    -------------------

                         max delay                   33.000    33.000    
    SLICE_X75Y4          FDCE (Setup_fdce_C_D)       -0.093    32.907    dbg_hub/inst/BSCANID.u_xsdbm_id/CORE_XSDB.UUT_MASTER/U_ICON_INTERFACE/U_CMD6_RD/U_RD_FIFO/SUBCORE_FIFO.xsdbm_v3_0_0_rdfifo_inst/inst_fifo_gen/gconvfifo.rf/grf.rf/gntv_or_sync_fifo.gcx.clkx/gnxpm_cdc.gsync_stage[1].wr_stg_inst/Q_reg_reg[2]
  -------------------------------------------------------------------
                         required time                         32.907    
                         arrival time                          -1.055    
  -------------------------------------------------------------------
                         slack                                 31.852    

Slack (MET) :             31.858ns  (required time - arrival time)
  Source:                 dbg_hub/inst/BSCANID.u_xsdbm_id/CORE_XSDB.UUT_MASTER/U_ICON_INTERFACE/U_CMD6_RD/U_RD_FIFO/SUBCORE_FIFO.xsdbm_v3_0_0_rdfifo_inst/inst_fifo_gen/gconvfifo.rf/grf.rf/gntv_or_sync_fifo.gcx.clkx/gnxpm_cdc.rd_pntr_gc_reg[0]/C
                            (rising edge-triggered cell FDCE clocked by dbg_hub/inst/BSCANID.u_xsdbm_id/SWITCH_N_EXT_BSCAN.bscan_inst/SERIES7_BSCAN.bscan_inst/TCK  {rise@0.000ns fall@16.500ns period=33.000ns})
  Destination:            dbg_hub/inst/BSCANID.u_xsdbm_id/CORE_XSDB.UUT_MASTER/U_ICON_INTERFACE/U_CMD6_RD/U_RD_FIFO/SUBCORE_FIFO.xsdbm_v3_0_0_rdfifo_inst/inst_fifo_gen/gconvfifo.rf/grf.rf/gntv_or_sync_fifo.gcx.clkx/gnxpm_cdc.gsync_stage[1].wr_stg_inst/Q_reg_reg[0]/D
                            (rising edge-triggered cell FDCE clocked by clk_fpga_0  {rise@0.000ns fall@5.000ns period=10.000ns})
  Path Group:             clk_fpga_0
  Path Type:              Setup (Max at Slow Process Corner)
  Requirement:            33.000ns  (MaxDelay Path 33.000ns)
  Data Path Delay:        0.872ns  (logic 0.419ns (48.033%)  route 0.453ns (51.967%))
  Logic Levels:           0  
  Timing Exception:       MaxDelay Path 33.000ns -datapath_only

    Location             Delay type                Incr(ns)  Path(ns)    Netlist Resource(s)
  -------------------------------------------------------------------    -------------------
    SLICE_X76Y3                                       0.000     0.000 r  dbg_hub/inst/BSCANID.u_xsdbm_id/CORE_XSDB.UUT_MASTER/U_ICON_INTERFACE/U_CMD6_RD/U_RD_FIFO/SUBCORE_FIFO.xsdbm_v3_0_0_rdfifo_inst/inst_fifo_gen/gconvfifo.rf/grf.rf/gntv_or_sync_fifo.gcx.clkx/gnxpm_cdc.rd_pntr_gc_reg[0]/C
    SLICE_X76Y3          FDCE (Prop_fdce_C_Q)         0.419     0.419 r  dbg_hub/inst/BSCANID.u_xsdbm_id/CORE_XSDB.UUT_MASTER/U_ICON_INTERFACE/U_CMD6_RD/U_RD_FIFO/SUBCORE_FIFO.xsdbm_v3_0_0_rdfifo_inst/inst_fifo_gen/gconvfifo.rf/grf.rf/gntv_or_sync_fifo.gcx.clkx/gnxpm_cdc.rd_pntr_gc_reg[0]/Q
                         net (fo=1, routed)           0.453     0.872    dbg_hub/inst/BSCANID.u_xsdbm_id/CORE_XSDB.UUT_MASTER/U_ICON_INTERFACE/U_CMD6_RD/U_RD_FIFO/SUBCORE_FIFO.xsdbm_v3_0_0_rdfifo_inst/inst_fifo_gen/gconvfifo.rf/grf.rf/gntv_or_sync_fifo.gcx.clkx/gnxpm_cdc.gsync_stage[1].wr_stg_inst/Q[0]
    SLICE_X74Y4          FDCE                                         r  dbg_hub/inst/BSCANID.u_xsdbm_id/CORE_XSDB.UUT_MASTER/U_ICON_INTERFACE/U_CMD6_RD/U_RD_FIFO/SUBCORE_FIFO.xsdbm_v3_0_0_rdfifo_inst/inst_fifo_gen/gconvfifo.rf/grf.rf/gntv_or_sync_fifo.gcx.clkx/gnxpm_cdc.gsync_stage[1].wr_stg_inst/Q_reg_reg[0]/D
  -------------------------------------------------------------------    -------------------

                         max delay                   33.000    33.000    
    SLICE_X74Y4          FDCE (Setup_fdce_C_D)       -0.270    32.730    dbg_hub/inst/BSCANID.u_xsdbm_id/CORE_XSDB.UUT_MASTER/U_ICON_INTERFACE/U_CMD6_RD/U_RD_FIFO/SUBCORE_FIFO.xsdbm_v3_0_0_rdfifo_inst/inst_fifo_gen/gconvfifo.rf/grf.rf/gntv_or_sync_fifo.gcx.clkx/gnxpm_cdc.gsync_stage[1].wr_stg_inst/Q_reg_reg[0]
  -------------------------------------------------------------------
                         required time                         32.730    
                         arrival time                          -0.872    
  -------------------------------------------------------------------
                         slack                                 31.858    

Slack (MET) :             31.988ns  (required time - arrival time)
  Source:                 dbg_hub/inst/BSCANID.u_xsdbm_id/CORE_XSDB.UUT_MASTER/U_ICON_INTERFACE/U_CMD6_RD/U_RD_FIFO/SUBCORE_FIFO.xsdbm_v3_0_0_rdfifo_inst/inst_fifo_gen/gconvfifo.rf/grf.rf/gntv_or_sync_fifo.gcx.clkx/gnxpm_cdc.rd_pntr_gc_reg[1]/C
                            (rising edge-triggered cell FDCE clocked by dbg_hub/inst/BSCANID.u_xsdbm_id/SWITCH_N_EXT_BSCAN.bscan_inst/SERIES7_BSCAN.bscan_inst/TCK  {rise@0.000ns fall@16.500ns period=33.000ns})
  Destination:            dbg_hub/inst/BSCANID.u_xsdbm_id/CORE_XSDB.UUT_MASTER/U_ICON_INTERFACE/U_CMD6_RD/U_RD_FIFO/SUBCORE_FIFO.xsdbm_v3_0_0_rdfifo_inst/inst_fifo_gen/gconvfifo.rf/grf.rf/gntv_or_sync_fifo.gcx.clkx/gnxpm_cdc.gsync_stage[1].wr_stg_inst/Q_reg_reg[1]/D
                            (rising edge-triggered cell FDCE clocked by clk_fpga_0  {rise@0.000ns fall@5.000ns period=10.000ns})
  Path Group:             clk_fpga_0
  Path Type:              Setup (Max at Slow Process Corner)
  Requirement:            33.000ns  (MaxDelay Path 33.000ns)
  Data Path Delay:        0.917ns  (logic 0.456ns (49.731%)  route 0.461ns (50.269%))
  Logic Levels:           0  
  Timing Exception:       MaxDelay Path 33.000ns -datapath_only

    Location             Delay type                Incr(ns)  Path(ns)    Netlist Resource(s)
  -------------------------------------------------------------------    -------------------
    SLICE_X76Y4                                       0.000     0.000 r  dbg_hub/inst/BSCANID.u_xsdbm_id/CORE_XSDB.UUT_MASTER/U_ICON_INTERFACE/U_CMD6_RD/U_RD_FIFO/SUBCORE_FIFO.xsdbm_v3_0_0_rdfifo_inst/inst_fifo_gen/gconvfifo.rf/grf.rf/gntv_or_sync_fifo.gcx.clkx/gnxpm_cdc.rd_pntr_gc_reg[1]/C
    SLICE_X76Y4          FDCE (Prop_fdce_C_Q)         0.456     0.456 r  dbg_hub/inst/BSCANID.u_xsdbm_id/CORE_XSDB.UUT_MASTER/U_ICON_INTERFACE/U_CMD6_RD/U_RD_FIFO/SUBCORE_FIFO.xsdbm_v3_0_0_rdfifo_inst/inst_fifo_gen/gconvfifo.rf/grf.rf/gntv_or_sync_fifo.gcx.clkx/gnxpm_cdc.rd_pntr_gc_reg[1]/Q
                         net (fo=1, routed)           0.461     0.917    dbg_hub/inst/BSCANID.u_xsdbm_id/CORE_XSDB.UUT_MASTER/U_ICON_INTERFACE/U_CMD6_RD/U_RD_FIFO/SUBCORE_FIFO.xsdbm_v3_0_0_rdfifo_inst/inst_fifo_gen/gconvfifo.rf/grf.rf/gntv_or_sync_fifo.gcx.clkx/gnxpm_cdc.gsync_stage[1].wr_stg_inst/Q[1]
    SLICE_X75Y4          FDCE                                         r  dbg_hub/inst/BSCANID.u_xsdbm_id/CORE_XSDB.UUT_MASTER/U_ICON_INTERFACE/U_CMD6_RD/U_RD_FIFO/SUBCORE_FIFO.xsdbm_v3_0_0_rdfifo_inst/inst_fifo_gen/gconvfifo.rf/grf.rf/gntv_or_sync_fifo.gcx.clkx/gnxpm_cdc.gsync_stage[1].wr_stg_inst/Q_reg_reg[1]/D
  -------------------------------------------------------------------    -------------------

                         max delay                   33.000    33.000    
    SLICE_X75Y4          FDCE (Setup_fdce_C_D)       -0.095    32.905    dbg_hub/inst/BSCANID.u_xsdbm_id/CORE_XSDB.UUT_MASTER/U_ICON_INTERFACE/U_CMD6_RD/U_RD_FIFO/SUBCORE_FIFO.xsdbm_v3_0_0_rdfifo_inst/inst_fifo_gen/gconvfifo.rf/grf.rf/gntv_or_sync_fifo.gcx.clkx/gnxpm_cdc.gsync_stage[1].wr_stg_inst/Q_reg_reg[1]
  -------------------------------------------------------------------
                         required time                         32.905    
                         arrival time                          -0.917    
  -------------------------------------------------------------------
                         slack                                 31.988    





---------------------------------------------------------------------------------------------------
From Clock:  clk_fpga_0
  To Clock:  dbg_hub/inst/BSCANID.u_xsdbm_id/SWITCH_N_EXT_BSCAN.bscan_inst/SERIES7_BSCAN.bscan_inst/TCK

Setup :            0  Failing Endpoints,  Worst Slack        8.627ns,  Total Violation        0.000ns
Hold  :           NA  Failing Endpoints,  Worst Slack           NA  ,  Total Violation           NA
---------------------------------------------------------------------------------------------------


Max Delay Paths
--------------------------------------------------------------------------------------
Slack (MET) :             8.627ns  (required time - arrival time)
  Source:                 dbg_hub/inst/BSCANID.u_xsdbm_id/CORE_XSDB.UUT_MASTER/U_ICON_INTERFACE/U_CMD6_WR/U_WR_FIFO/SUBCORE_FIFO.xsdbm_v3_0_0_wrfifo_inst/inst_fifo_gen/gconvfifo.rf/grf.rf/gntv_or_sync_fifo.gcx.clkx/gnxpm_cdc.rd_pntr_gc_reg[0]/C
                            (rising edge-triggered cell FDCE clocked by clk_fpga_0  {rise@0.000ns fall@5.000ns period=10.000ns})
  Destination:            dbg_hub/inst/BSCANID.u_xsdbm_id/CORE_XSDB.UUT_MASTER/U_ICON_INTERFACE/U_CMD6_WR/U_WR_FIFO/SUBCORE_FIFO.xsdbm_v3_0_0_wrfifo_inst/inst_fifo_gen/gconvfifo.rf/grf.rf/gntv_or_sync_fifo.gcx.clkx/gnxpm_cdc.gsync_stage[1].wr_stg_inst/Q_reg_reg[0]/D
                            (rising edge-triggered cell FDCE clocked by dbg_hub/inst/BSCANID.u_xsdbm_id/SWITCH_N_EXT_BSCAN.bscan_inst/SERIES7_BSCAN.bscan_inst/TCK  {rise@0.000ns fall@16.500ns period=33.000ns})
  Path Group:             dbg_hub/inst/BSCANID.u_xsdbm_id/SWITCH_N_EXT_BSCAN.bscan_inst/SERIES7_BSCAN.bscan_inst/TCK
  Path Type:              Setup (Max at Slow Process Corner)
  Requirement:            10.000ns  (MaxDelay Path 10.000ns)
  Data Path Delay:        1.268ns  (logic 0.456ns (35.950%)  route 0.812ns (64.050%))
  Logic Levels:           0  
  Timing Exception:       MaxDelay Path 10.000ns -datapath_only

    Location             Delay type                Incr(ns)  Path(ns)    Netlist Resource(s)
  -------------------------------------------------------------------    -------------------
    SLICE_X59Y4                                       0.000     0.000 r  dbg_hub/inst/BSCANID.u_xsdbm_id/CORE_XSDB.UUT_MASTER/U_ICON_INTERFACE/U_CMD6_WR/U_WR_FIFO/SUBCORE_FIFO.xsdbm_v3_0_0_wrfifo_inst/inst_fifo_gen/gconvfifo.rf/grf.rf/gntv_or_sync_fifo.gcx.clkx/gnxpm_cdc.rd_pntr_gc_reg[0]/C
    SLICE_X59Y4          FDCE (Prop_fdce_C_Q)         0.456     0.456 r  dbg_hub/inst/BSCANID.u_xsdbm_id/CORE_XSDB.UUT_MASTER/U_ICON_INTERFACE/U_CMD6_WR/U_WR_FIFO/SUBCORE_FIFO.xsdbm_v3_0_0_wrfifo_inst/inst_fifo_gen/gconvfifo.rf/grf.rf/gntv_or_sync_fifo.gcx.clkx/gnxpm_cdc.rd_pntr_gc_reg[0]/Q
                         net (fo=1, routed)           0.812     1.268    dbg_hub/inst/BSCANID.u_xsdbm_id/CORE_XSDB.UUT_MASTER/U_ICON_INTERFACE/U_CMD6_WR/U_WR_FIFO/SUBCORE_FIFO.xsdbm_v3_0_0_wrfifo_inst/inst_fifo_gen/gconvfifo.rf/grf.rf/gntv_or_sync_fifo.gcx.clkx/gnxpm_cdc.gsync_stage[1].wr_stg_inst/Q[0]
    SLICE_X57Y3          FDCE                                         r  dbg_hub/inst/BSCANID.u_xsdbm_id/CORE_XSDB.UUT_MASTER/U_ICON_INTERFACE/U_CMD6_WR/U_WR_FIFO/SUBCORE_FIFO.xsdbm_v3_0_0_wrfifo_inst/inst_fifo_gen/gconvfifo.rf/grf.rf/gntv_or_sync_fifo.gcx.clkx/gnxpm_cdc.gsync_stage[1].wr_stg_inst/Q_reg_reg[0]/D
  -------------------------------------------------------------------    -------------------

                         max delay                   10.000    10.000    
    SLICE_X57Y3          FDCE (Setup_fdce_C_D)       -0.105     9.895    dbg_hub/inst/BSCANID.u_xsdbm_id/CORE_XSDB.UUT_MASTER/U_ICON_INTERFACE/U_CMD6_WR/U_WR_FIFO/SUBCORE_FIFO.xsdbm_v3_0_0_wrfifo_inst/inst_fifo_gen/gconvfifo.rf/grf.rf/gntv_or_sync_fifo.gcx.clkx/gnxpm_cdc.gsync_stage[1].wr_stg_inst/Q_reg_reg[0]
  -------------------------------------------------------------------
                         required time                          9.895    
                         arrival time                          -1.268    
  -------------------------------------------------------------------
                         slack                                  8.627    

Slack (MET) :             8.724ns  (required time - arrival time)
  Source:                 dbg_hub/inst/BSCANID.u_xsdbm_id/CORE_XSDB.UUT_MASTER/U_ICON_INTERFACE/U_CMD6_RD/U_RD_FIFO/SUBCORE_FIFO.xsdbm_v3_0_0_rdfifo_inst/inst_fifo_gen/gconvfifo.rf/grf.rf/gntv_or_sync_fifo.gcx.clkx/gnxpm_cdc.wr_pntr_gc_reg[1]/C
                            (rising edge-triggered cell FDCE clocked by clk_fpga_0  {rise@0.000ns fall@5.000ns period=10.000ns})
  Destination:            dbg_hub/inst/BSCANID.u_xsdbm_id/CORE_XSDB.UUT_MASTER/U_ICON_INTERFACE/U_CMD6_RD/U_RD_FIFO/SUBCORE_FIFO.xsdbm_v3_0_0_rdfifo_inst/inst_fifo_gen/gconvfifo.rf/grf.rf/gntv_or_sync_fifo.gcx.clkx/gnxpm_cdc.gsync_stage[1].rd_stg_inst/Q_reg_reg[1]/D
                            (rising edge-triggered cell FDCE clocked by dbg_hub/inst/BSCANID.u_xsdbm_id/SWITCH_N_EXT_BSCAN.bscan_inst/SERIES7_BSCAN.bscan_inst/TCK  {rise@0.000ns fall@16.500ns period=33.000ns})
  Path Group:             dbg_hub/inst/BSCANID.u_xsdbm_id/SWITCH_N_EXT_BSCAN.bscan_inst/SERIES7_BSCAN.bscan_inst/TCK
  Path Type:              Setup (Max at Slow Process Corner)
  Requirement:            10.000ns  (MaxDelay Path 10.000ns)
  Data Path Delay:        1.010ns  (logic 0.419ns (41.469%)  route 0.591ns (58.531%))
  Logic Levels:           0  
  Timing Exception:       MaxDelay Path 10.000ns -datapath_only

    Location             Delay type                Incr(ns)  Path(ns)    Netlist Resource(s)
  -------------------------------------------------------------------    -------------------
    SLICE_X75Y4                                       0.000     0.000 r  dbg_hub/inst/BSCANID.u_xsdbm_id/CORE_XSDB.UUT_MASTER/U_ICON_INTERFACE/U_CMD6_RD/U_RD_FIFO/SUBCORE_FIFO.xsdbm_v3_0_0_rdfifo_inst/inst_fifo_gen/gconvfifo.rf/grf.rf/gntv_or_sync_fifo.gcx.clkx/gnxpm_cdc.wr_pntr_gc_reg[1]/C
    SLICE_X75Y4          FDCE (Prop_fdce_C_Q)         0.419     0.419 r  dbg_hub/inst/BSCANID.u_xsdbm_id/CORE_XSDB.UUT_MASTER/U_ICON_INTERFACE/U_CMD6_RD/U_RD_FIFO/SUBCORE_FIFO.xsdbm_v3_0_0_rdfifo_inst/inst_fifo_gen/gconvfifo.rf/grf.rf/gntv_or_sync_fifo.gcx.clkx/gnxpm_cdc.wr_pntr_gc_reg[1]/Q
                         net (fo=1, routed)           0.591     1.010    dbg_hub/inst/BSCANID.u_xsdbm_id/CORE_XSDB.UUT_MASTER/U_ICON_INTERFACE/U_CMD6_RD/U_RD_FIFO/SUBCORE_FIFO.xsdbm_v3_0_0_rdfifo_inst/inst_fifo_gen/gconvfifo.rf/grf.rf/gntv_or_sync_fifo.gcx.clkx/gnxpm_cdc.gsync_stage[1].rd_stg_inst/Q[1]
    SLICE_X76Y4          FDCE                                         r  dbg_hub/inst/BSCANID.u_xsdbm_id/CORE_XSDB.UUT_MASTER/U_ICON_INTERFACE/U_CMD6_RD/U_RD_FIFO/SUBCORE_FIFO.xsdbm_v3_0_0_rdfifo_inst/inst_fifo_gen/gconvfifo.rf/grf.rf/gntv_or_sync_fifo.gcx.clkx/gnxpm_cdc.gsync_stage[1].rd_stg_inst/Q_reg_reg[1]/D
  -------------------------------------------------------------------    -------------------

                         max delay                   10.000    10.000    
    SLICE_X76Y4          FDCE (Setup_fdce_C_D)       -0.266     9.734    dbg_hub/inst/BSCANID.u_xsdbm_id/CORE_XSDB.UUT_MASTER/U_ICON_INTERFACE/U_CMD6_RD/U_RD_FIFO/SUBCORE_FIFO.xsdbm_v3_0_0_rdfifo_inst/inst_fifo_gen/gconvfifo.rf/grf.rf/gntv_or_sync_fifo.gcx.clkx/gnxpm_cdc.gsync_stage[1].rd_stg_inst/Q_reg_reg[1]
  -------------------------------------------------------------------
                         required time                          9.734    
                         arrival time                          -1.010    
  -------------------------------------------------------------------
                         slack                                  8.724    

Slack (MET) :             8.740ns  (required time - arrival time)
  Source:                 dbg_hub/inst/BSCANID.u_xsdbm_id/CORE_XSDB.UUT_MASTER/U_ICON_INTERFACE/U_CMD6_WR/U_WR_FIFO/SUBCORE_FIFO.xsdbm_v3_0_0_wrfifo_inst/inst_fifo_gen/gconvfifo.rf/grf.rf/gntv_or_sync_fifo.gcx.clkx/gnxpm_cdc.rd_pntr_gc_reg[2]/C
                            (rising edge-triggered cell FDCE clocked by clk_fpga_0  {rise@0.000ns fall@5.000ns period=10.000ns})
  Destination:            dbg_hub/inst/BSCANID.u_xsdbm_id/CORE_XSDB.UUT_MASTER/U_ICON_INTERFACE/U_CMD6_WR/U_WR_FIFO/SUBCORE_FIFO.xsdbm_v3_0_0_wrfifo_inst/inst_fifo_gen/gconvfifo.rf/grf.rf/gntv_or_sync_fifo.gcx.clkx/gnxpm_cdc.gsync_stage[1].wr_stg_inst/Q_reg_reg[2]/D
                            (rising edge-triggered cell FDCE clocked by dbg_hub/inst/BSCANID.u_xsdbm_id/SWITCH_N_EXT_BSCAN.bscan_inst/SERIES7_BSCAN.bscan_inst/TCK  {rise@0.000ns fall@16.500ns period=33.000ns})
  Path Group:             dbg_hub/inst/BSCANID.u_xsdbm_id/SWITCH_N_EXT_BSCAN.bscan_inst/SERIES7_BSCAN.bscan_inst/TCK
  Path Type:              Setup (Max at Slow Process Corner)
  Requirement:            10.000ns  (MaxDelay Path 10.000ns)
  Data Path Delay:        1.042ns  (logic 0.419ns (40.223%)  route 0.623ns (59.777%))
  Logic Levels:           0  
  Timing Exception:       MaxDelay Path 10.000ns -datapath_only

    Location             Delay type                Incr(ns)  Path(ns)    Netlist Resource(s)
  -------------------------------------------------------------------    -------------------
    SLICE_X60Y4                                       0.000     0.000 r  dbg_hub/inst/BSCANID.u_xsdbm_id/CORE_XSDB.UUT_MASTER/U_ICON_INTERFACE/U_CMD6_WR/U_WR_FIFO/SUBCORE_FIFO.xsdbm_v3_0_0_wrfifo_inst/inst_fifo_gen/gconvfifo.rf/grf.rf/gntv_or_sync_fifo.gcx.clkx/gnxpm_cdc.rd_pntr_gc_reg[2]/C
    SLICE_X60Y4          FDCE (Prop_fdce_C_Q)         0.419     0.419 r  dbg_hub/inst/BSCANID.u_xsdbm_id/CORE_XSDB.UUT_MASTER/U_ICON_INTERFACE/U_CMD6_WR/U_WR_FIFO/SUBCORE_FIFO.xsdbm_v3_0_0_wrfifo_inst/inst_fifo_gen/gconvfifo.rf/grf.rf/gntv_or_sync_fifo.gcx.clkx/gnxpm_cdc.rd_pntr_gc_reg[2]/Q
                         net (fo=1, routed)           0.623     1.042    dbg_hub/inst/BSCANID.u_xsdbm_id/CORE_XSDB.UUT_MASTER/U_ICON_INTERFACE/U_CMD6_WR/U_WR_FIFO/SUBCORE_FIFO.xsdbm_v3_0_0_wrfifo_inst/inst_fifo_gen/gconvfifo.rf/grf.rf/gntv_or_sync_fifo.gcx.clkx/gnxpm_cdc.gsync_stage[1].wr_stg_inst/Q[2]
    SLICE_X58Y3          FDCE                                         r  dbg_hub/inst/BSCANID.u_xsdbm_id/CORE_XSDB.UUT_MASTER/U_ICON_INTERFACE/U_CMD6_WR/U_WR_FIFO/SUBCORE_FIFO.xsdbm_v3_0_0_wrfifo_inst/inst_fifo_gen/gconvfifo.rf/grf.rf/gntv_or_sync_fifo.gcx.clkx/gnxpm_cdc.gsync_stage[1].wr_stg_inst/Q_reg_reg[2]/D
  -------------------------------------------------------------------    -------------------

                         max delay                   10.000    10.000    
    SLICE_X58Y3          FDCE (Setup_fdce_C_D)       -0.218     9.782    dbg_hub/inst/BSCANID.u_xsdbm_id/CORE_XSDB.UUT_MASTER/U_ICON_INTERFACE/U_CMD6_WR/U_WR_FIFO/SUBCORE_FIFO.xsdbm_v3_0_0_wrfifo_inst/inst_fifo_gen/gconvfifo.rf/grf.rf/gntv_or_sync_fifo.gcx.clkx/gnxpm_cdc.gsync_stage[1].wr_stg_inst/Q_reg_reg[2]
  -------------------------------------------------------------------
                         required time                          9.782    
                         arrival time                          -1.042    
  -------------------------------------------------------------------
                         slack                                  8.740    

Slack (MET) :             8.772ns  (required time - arrival time)
  Source:                 dbg_hub/inst/BSCANID.u_xsdbm_id/CORE_XSDB.UUT_MASTER/U_ICON_INTERFACE/U_CMD6_RD/U_RD_FIFO/SUBCORE_FIFO.xsdbm_v3_0_0_rdfifo_inst/inst_fifo_gen/gconvfifo.rf/grf.rf/gntv_or_sync_fifo.gcx.clkx/gnxpm_cdc.wr_pntr_gc_reg[3]/C
                            (rising edge-triggered cell FDCE clocked by clk_fpga_0  {rise@0.000ns fall@5.000ns period=10.000ns})
  Destination:            dbg_hub/inst/BSCANID.u_xsdbm_id/CORE_XSDB.UUT_MASTER/U_ICON_INTERFACE/U_CMD6_RD/U_RD_FIFO/SUBCORE_FIFO.xsdbm_v3_0_0_rdfifo_inst/inst_fifo_gen/gconvfifo.rf/grf.rf/gntv_or_sync_fifo.gcx.clkx/gnxpm_cdc.gsync_stage[1].rd_stg_inst/Q_reg_reg[3]/D
                            (rising edge-triggered cell FDCE clocked by dbg_hub/inst/BSCANID.u_xsdbm_id/SWITCH_N_EXT_BSCAN.bscan_inst/SERIES7_BSCAN.bscan_inst/TCK  {rise@0.000ns fall@16.500ns period=33.000ns})
  Path Group:             dbg_hub/inst/BSCANID.u_xsdbm_id/SWITCH_N_EXT_BSCAN.bscan_inst/SERIES7_BSCAN.bscan_inst/TCK
  Path Type:              Setup (Max at Slow Process Corner)
  Requirement:            10.000ns  (MaxDelay Path 10.000ns)
  Data Path Delay:        1.133ns  (logic 0.456ns (40.235%)  route 0.677ns (59.765%))
  Logic Levels:           0  
  Timing Exception:       MaxDelay Path 10.000ns -datapath_only

    Location             Delay type                Incr(ns)  Path(ns)    Netlist Resource(s)
  -------------------------------------------------------------------    -------------------
    SLICE_X74Y3                                       0.000     0.000 r  dbg_hub/inst/BSCANID.u_xsdbm_id/CORE_XSDB.UUT_MASTER/U_ICON_INTERFACE/U_CMD6_RD/U_RD_FIFO/SUBCORE_FIFO.xsdbm_v3_0_0_rdfifo_inst/inst_fifo_gen/gconvfifo.rf/grf.rf/gntv_or_sync_fifo.gcx.clkx/gnxpm_cdc.wr_pntr_gc_reg[3]/C
    SLICE_X74Y3          FDCE (Prop_fdce_C_Q)         0.456     0.456 r  dbg_hub/inst/BSCANID.u_xsdbm_id/CORE_XSDB.UUT_MASTER/U_ICON_INTERFACE/U_CMD6_RD/U_RD_FIFO/SUBCORE_FIFO.xsdbm_v3_0_0_rdfifo_inst/inst_fifo_gen/gconvfifo.rf/grf.rf/gntv_or_sync_fifo.gcx.clkx/gnxpm_cdc.wr_pntr_gc_reg[3]/Q
                         net (fo=1, routed)           0.677     1.133    dbg_hub/inst/BSCANID.u_xsdbm_id/CORE_XSDB.UUT_MASTER/U_ICON_INTERFACE/U_CMD6_RD/U_RD_FIFO/SUBCORE_FIFO.xsdbm_v3_0_0_rdfifo_inst/inst_fifo_gen/gconvfifo.rf/grf.rf/gntv_or_sync_fifo.gcx.clkx/gnxpm_cdc.gsync_stage[1].rd_stg_inst/Q[3]
    SLICE_X75Y3          FDCE                                         r  dbg_hub/inst/BSCANID.u_xsdbm_id/CORE_XSDB.UUT_MASTER/U_ICON_INTERFACE/U_CMD6_RD/U_RD_FIFO/SUBCORE_FIFO.xsdbm_v3_0_0_rdfifo_inst/inst_fifo_gen/gconvfifo.rf/grf.rf/gntv_or_sync_fifo.gcx.clkx/gnxpm_cdc.gsync_stage[1].rd_stg_inst/Q_reg_reg[3]/D
  -------------------------------------------------------------------    -------------------

                         max delay                   10.000    10.000    
    SLICE_X75Y3          FDCE (Setup_fdce_C_D)       -0.095     9.905    dbg_hub/inst/BSCANID.u_xsdbm_id/CORE_XSDB.UUT_MASTER/U_ICON_INTERFACE/U_CMD6_RD/U_RD_FIFO/SUBCORE_FIFO.xsdbm_v3_0_0_rdfifo_inst/inst_fifo_gen/gconvfifo.rf/grf.rf/gntv_or_sync_fifo.gcx.clkx/gnxpm_cdc.gsync_stage[1].rd_stg_inst/Q_reg_reg[3]
  -------------------------------------------------------------------
                         required time                          9.905    
                         arrival time                          -1.133    
  -------------------------------------------------------------------
                         slack                                  8.772    

Slack (MET) :             8.842ns  (required time - arrival time)
  Source:                 dbg_hub/inst/BSCANID.u_xsdbm_id/CORE_XSDB.UUT_MASTER/U_ICON_INTERFACE/U_CMD6_RD/U_RD_FIFO/SUBCORE_FIFO.xsdbm_v3_0_0_rdfifo_inst/inst_fifo_gen/gconvfifo.rf/grf.rf/gntv_or_sync_fifo.gcx.clkx/gnxpm_cdc.wr_pntr_gc_reg[0]/C
                            (rising edge-triggered cell FDCE clocked by clk_fpga_0  {rise@0.000ns fall@5.000ns period=10.000ns})
  Destination:            dbg_hub/inst/BSCANID.u_xsdbm_id/CORE_XSDB.UUT_MASTER/U_ICON_INTERFACE/U_CMD6_RD/U_RD_FIFO/SUBCORE_FIFO.xsdbm_v3_0_0_rdfifo_inst/inst_fifo_gen/gconvfifo.rf/grf.rf/gntv_or_sync_fifo.gcx.clkx/gnxpm_cdc.gsync_stage[1].rd_stg_inst/Q_reg_reg[0]/D
                            (rising edge-triggered cell FDCE clocked by dbg_hub/inst/BSCANID.u_xsdbm_id/SWITCH_N_EXT_BSCAN.bscan_inst/SERIES7_BSCAN.bscan_inst/TCK  {rise@0.000ns fall@16.500ns period=33.000ns})
  Path Group:             dbg_hub/inst/BSCANID.u_xsdbm_id/SWITCH_N_EXT_BSCAN.bscan_inst/SERIES7_BSCAN.bscan_inst/TCK
  Path Type:              Setup (Max at Slow Process Corner)
  Requirement:            10.000ns  (MaxDelay Path 10.000ns)
  Data Path Delay:        1.063ns  (logic 0.456ns (42.909%)  route 0.607ns (57.091%))
  Logic Levels:           0  
  Timing Exception:       MaxDelay Path 10.000ns -datapath_only

    Location             Delay type                Incr(ns)  Path(ns)    Netlist Resource(s)
  -------------------------------------------------------------------    -------------------
    SLICE_X75Y4                                       0.000     0.000 r  dbg_hub/inst/BSCANID.u_xsdbm_id/CORE_XSDB.UUT_MASTER/U_ICON_INTERFACE/U_CMD6_RD/U_RD_FIFO/SUBCORE_FIFO.xsdbm_v3_0_0_rdfifo_inst/inst_fifo_gen/gconvfifo.rf/grf.rf/gntv_or_sync_fifo.gcx.clkx/gnxpm_cdc.wr_pntr_gc_reg[0]/C
    SLICE_X75Y4          FDCE (Prop_fdce_C_Q)         0.456     0.456 r  dbg_hub/inst/BSCANID.u_xsdbm_id/CORE_XSDB.UUT_MASTER/U_ICON_INTERFACE/U_CMD6_RD/U_RD_FIFO/SUBCORE_FIFO.xsdbm_v3_0_0_rdfifo_inst/inst_fifo_gen/gconvfifo.rf/grf.rf/gntv_or_sync_fifo.gcx.clkx/gnxpm_cdc.wr_pntr_gc_reg[0]/Q
                         net (fo=1, routed)           0.607     1.063    dbg_hub/inst/BSCANID.u_xsdbm_id/CORE_XSDB.UUT_MASTER/U_ICON_INTERFACE/U_CMD6_RD/U_RD_FIFO/SUBCORE_FIFO.xsdbm_v3_0_0_rdfifo_inst/inst_fifo_gen/gconvfifo.rf/grf.rf/gntv_or_sync_fifo.gcx.clkx/gnxpm_cdc.gsync_stage[1].rd_stg_inst/Q[0]
    SLICE_X76Y4          FDCE                                         r  dbg_hub/inst/BSCANID.u_xsdbm_id/CORE_XSDB.UUT_MASTER/U_ICON_INTERFACE/U_CMD6_RD/U_RD_FIFO/SUBCORE_FIFO.xsdbm_v3_0_0_rdfifo_inst/inst_fifo_gen/gconvfifo.rf/grf.rf/gntv_or_sync_fifo.gcx.clkx/gnxpm_cdc.gsync_stage[1].rd_stg_inst/Q_reg_reg[0]/D
  -------------------------------------------------------------------    -------------------

                         max delay                   10.000    10.000    
    SLICE_X76Y4          FDCE (Setup_fdce_C_D)       -0.095     9.905    dbg_hub/inst/BSCANID.u_xsdbm_id/CORE_XSDB.UUT_MASTER/U_ICON_INTERFACE/U_CMD6_RD/U_RD_FIFO/SUBCORE_FIFO.xsdbm_v3_0_0_rdfifo_inst/inst_fifo_gen/gconvfifo.rf/grf.rf/gntv_or_sync_fifo.gcx.clkx/gnxpm_cdc.gsync_stage[1].rd_stg_inst/Q_reg_reg[0]
  -------------------------------------------------------------------
                         required time                          9.905    
                         arrival time                          -1.063    
  -------------------------------------------------------------------
                         slack                                  8.842    

Slack (MET) :             9.002ns  (required time - arrival time)
  Source:                 dbg_hub/inst/BSCANID.u_xsdbm_id/CORE_XSDB.UUT_MASTER/U_ICON_INTERFACE/U_CMD6_RD/U_RD_FIFO/SUBCORE_FIFO.xsdbm_v3_0_0_rdfifo_inst/inst_fifo_gen/gconvfifo.rf/grf.rf/gntv_or_sync_fifo.gcx.clkx/gnxpm_cdc.wr_pntr_gc_reg[2]/C
                            (rising edge-triggered cell FDCE clocked by clk_fpga_0  {rise@0.000ns fall@5.000ns period=10.000ns})
  Destination:            dbg_hub/inst/BSCANID.u_xsdbm_id/CORE_XSDB.UUT_MASTER/U_ICON_INTERFACE/U_CMD6_RD/U_RD_FIFO/SUBCORE_FIFO.xsdbm_v3_0_0_rdfifo_inst/inst_fifo_gen/gconvfifo.rf/grf.rf/gntv_or_sync_fifo.gcx.clkx/gnxpm_cdc.gsync_stage[1].rd_stg_inst/Q_reg_reg[2]/D
                            (rising edge-triggered cell FDCE clocked by dbg_hub/inst/BSCANID.u_xsdbm_id/SWITCH_N_EXT_BSCAN.bscan_inst/SERIES7_BSCAN.bscan_inst/TCK  {rise@0.000ns fall@16.500ns period=33.000ns})
  Path Group:             dbg_hub/inst/BSCANID.u_xsdbm_id/SWITCH_N_EXT_BSCAN.bscan_inst/SERIES7_BSCAN.bscan_inst/TCK
  Path Type:              Setup (Max at Slow Process Corner)
  Requirement:            10.000ns  (MaxDelay Path 10.000ns)
  Data Path Delay:        0.905ns  (logic 0.456ns (50.392%)  route 0.449ns (49.608%))
  Logic Levels:           0  
  Timing Exception:       MaxDelay Path 10.000ns -datapath_only

    Location             Delay type                Incr(ns)  Path(ns)    Netlist Resource(s)
  -------------------------------------------------------------------    -------------------
    SLICE_X75Y4                                       0.000     0.000 r  dbg_hub/inst/BSCANID.u_xsdbm_id/CORE_XSDB.UUT_MASTER/U_ICON_INTERFACE/U_CMD6_RD/U_RD_FIFO/SUBCORE_FIFO.xsdbm_v3_0_0_rdfifo_inst/inst_fifo_gen/gconvfifo.rf/grf.rf/gntv_or_sync_fifo.gcx.clkx/gnxpm_cdc.wr_pntr_gc_reg[2]/C
    SLICE_X75Y4          FDCE (Prop_fdce_C_Q)         0.456     0.456 r  dbg_hub/inst/BSCANID.u_xsdbm_id/CORE_XSDB.UUT_MASTER/U_ICON_INTERFACE/U_CMD6_RD/U_RD_FIFO/SUBCORE_FIFO.xsdbm_v3_0_0_rdfifo_inst/inst_fifo_gen/gconvfifo.rf/grf.rf/gntv_or_sync_fifo.gcx.clkx/gnxpm_cdc.wr_pntr_gc_reg[2]/Q
                         net (fo=1, routed)           0.449     0.905    dbg_hub/inst/BSCANID.u_xsdbm_id/CORE_XSDB.UUT_MASTER/U_ICON_INTERFACE/U_CMD6_RD/U_RD_FIFO/SUBCORE_FIFO.xsdbm_v3_0_0_rdfifo_inst/inst_fifo_gen/gconvfifo.rf/grf.rf/gntv_or_sync_fifo.gcx.clkx/gnxpm_cdc.gsync_stage[1].rd_stg_inst/Q[2]
    SLICE_X76Y4          FDCE                                         r  dbg_hub/inst/BSCANID.u_xsdbm_id/CORE_XSDB.UUT_MASTER/U_ICON_INTERFACE/U_CMD6_RD/U_RD_FIFO/SUBCORE_FIFO.xsdbm_v3_0_0_rdfifo_inst/inst_fifo_gen/gconvfifo.rf/grf.rf/gntv_or_sync_fifo.gcx.clkx/gnxpm_cdc.gsync_stage[1].rd_stg_inst/Q_reg_reg[2]/D
  -------------------------------------------------------------------    -------------------

                         max delay                   10.000    10.000    
    SLICE_X76Y4          FDCE (Setup_fdce_C_D)       -0.093     9.907    dbg_hub/inst/BSCANID.u_xsdbm_id/CORE_XSDB.UUT_MASTER/U_ICON_INTERFACE/U_CMD6_RD/U_RD_FIFO/SUBCORE_FIFO.xsdbm_v3_0_0_rdfifo_inst/inst_fifo_gen/gconvfifo.rf/grf.rf/gntv_or_sync_fifo.gcx.clkx/gnxpm_cdc.gsync_stage[1].rd_stg_inst/Q_reg_reg[2]
  -------------------------------------------------------------------
                         required time                          9.907    
                         arrival time                          -0.905    
  -------------------------------------------------------------------
                         slack                                  9.002    

Slack (MET) :             9.037ns  (required time - arrival time)
  Source:                 dbg_hub/inst/BSCANID.u_xsdbm_id/CORE_XSDB.UUT_MASTER/U_ICON_INTERFACE/U_CMD6_WR/U_WR_FIFO/SUBCORE_FIFO.xsdbm_v3_0_0_wrfifo_inst/inst_fifo_gen/gconvfifo.rf/grf.rf/gntv_or_sync_fifo.gcx.clkx/gnxpm_cdc.rd_pntr_gc_reg[1]/C
                            (rising edge-triggered cell FDCE clocked by clk_fpga_0  {rise@0.000ns fall@5.000ns period=10.000ns})
  Destination:            dbg_hub/inst/BSCANID.u_xsdbm_id/CORE_XSDB.UUT_MASTER/U_ICON_INTERFACE/U_CMD6_WR/U_WR_FIFO/SUBCORE_FIFO.xsdbm_v3_0_0_wrfifo_inst/inst_fifo_gen/gconvfifo.rf/grf.rf/gntv_or_sync_fifo.gcx.clkx/gnxpm_cdc.gsync_stage[1].wr_stg_inst/Q_reg_reg[1]/D
                            (rising edge-triggered cell FDCE clocked by dbg_hub/inst/BSCANID.u_xsdbm_id/SWITCH_N_EXT_BSCAN.bscan_inst/SERIES7_BSCAN.bscan_inst/TCK  {rise@0.000ns fall@16.500ns period=33.000ns})
  Path Group:             dbg_hub/inst/BSCANID.u_xsdbm_id/SWITCH_N_EXT_BSCAN.bscan_inst/SERIES7_BSCAN.bscan_inst/TCK
  Path Type:              Setup (Max at Slow Process Corner)
  Requirement:            10.000ns  (MaxDelay Path 10.000ns)
  Data Path Delay:        0.916ns  (logic 0.456ns (49.776%)  route 0.460ns (50.224%))
  Logic Levels:           0  
  Timing Exception:       MaxDelay Path 10.000ns -datapath_only

    Location             Delay type                Incr(ns)  Path(ns)    Netlist Resource(s)
  -------------------------------------------------------------------    -------------------
    SLICE_X60Y4                                       0.000     0.000 r  dbg_hub/inst/BSCANID.u_xsdbm_id/CORE_XSDB.UUT_MASTER/U_ICON_INTERFACE/U_CMD6_WR/U_WR_FIFO/SUBCORE_FIFO.xsdbm_v3_0_0_wrfifo_inst/inst_fifo_gen/gconvfifo.rf/grf.rf/gntv_or_sync_fifo.gcx.clkx/gnxpm_cdc.rd_pntr_gc_reg[1]/C
    SLICE_X60Y4          FDCE (Prop_fdce_C_Q)         0.456     0.456 r  dbg_hub/inst/BSCANID.u_xsdbm_id/CORE_XSDB.UUT_MASTER/U_ICON_INTERFACE/U_CMD6_WR/U_WR_FIFO/SUBCORE_FIFO.xsdbm_v3_0_0_wrfifo_inst/inst_fifo_gen/gconvfifo.rf/grf.rf/gntv_or_sync_fifo.gcx.clkx/gnxpm_cdc.rd_pntr_gc_reg[1]/Q
                         net (fo=1, routed)           0.460     0.916    dbg_hub/inst/BSCANID.u_xsdbm_id/CORE_XSDB.UUT_MASTER/U_ICON_INTERFACE/U_CMD6_WR/U_WR_FIFO/SUBCORE_FIFO.xsdbm_v3_0_0_wrfifo_inst/inst_fifo_gen/gconvfifo.rf/grf.rf/gntv_or_sync_fifo.gcx.clkx/gnxpm_cdc.gsync_stage[1].wr_stg_inst/Q[1]
    SLICE_X58Y3          FDCE                                         r  dbg_hub/inst/BSCANID.u_xsdbm_id/CORE_XSDB.UUT_MASTER/U_ICON_INTERFACE/U_CMD6_WR/U_WR_FIFO/SUBCORE_FIFO.xsdbm_v3_0_0_wrfifo_inst/inst_fifo_gen/gconvfifo.rf/grf.rf/gntv_or_sync_fifo.gcx.clkx/gnxpm_cdc.gsync_stage[1].wr_stg_inst/Q_reg_reg[1]/D
  -------------------------------------------------------------------    -------------------

                         max delay                   10.000    10.000    
    SLICE_X58Y3          FDCE (Setup_fdce_C_D)       -0.047     9.953    dbg_hub/inst/BSCANID.u_xsdbm_id/CORE_XSDB.UUT_MASTER/U_ICON_INTERFACE/U_CMD6_WR/U_WR_FIFO/SUBCORE_FIFO.xsdbm_v3_0_0_wrfifo_inst/inst_fifo_gen/gconvfifo.rf/grf.rf/gntv_or_sync_fifo.gcx.clkx/gnxpm_cdc.gsync_stage[1].wr_stg_inst/Q_reg_reg[1]
  -------------------------------------------------------------------
                         required time                          9.953    
                         arrival time                          -0.916    
  -------------------------------------------------------------------
                         slack                                  9.037    

Slack (MET) :             9.046ns  (required time - arrival time)
  Source:                 dbg_hub/inst/BSCANID.u_xsdbm_id/CORE_XSDB.UUT_MASTER/U_ICON_INTERFACE/U_CMD6_WR/U_WR_FIFO/SUBCORE_FIFO.xsdbm_v3_0_0_wrfifo_inst/inst_fifo_gen/gconvfifo.rf/grf.rf/gntv_or_sync_fifo.gcx.clkx/gnxpm_cdc.rd_pntr_gc_reg[3]/C
                            (rising edge-triggered cell FDCE clocked by clk_fpga_0  {rise@0.000ns fall@5.000ns period=10.000ns})
  Destination:            dbg_hub/inst/BSCANID.u_xsdbm_id/CORE_XSDB.UUT_MASTER/U_ICON_INTERFACE/U_CMD6_WR/U_WR_FIFO/SUBCORE_FIFO.xsdbm_v3_0_0_wrfifo_inst/inst_fifo_gen/gconvfifo.rf/grf.rf/gntv_or_sync_fifo.gcx.clkx/gnxpm_cdc.gsync_stage[1].wr_stg_inst/Q_reg_reg[3]/D
                            (rising edge-triggered cell FDCE clocked by dbg_hub/inst/BSCANID.u_xsdbm_id/SWITCH_N_EXT_BSCAN.bscan_inst/SERIES7_BSCAN.bscan_inst/TCK  {rise@0.000ns fall@16.500ns period=33.000ns})
  Path Group:             dbg_hub/inst/BSCANID.u_xsdbm_id/SWITCH_N_EXT_BSCAN.bscan_inst/SERIES7_BSCAN.bscan_inst/TCK
  Path Type:              Setup (Max at Slow Process Corner)
  Requirement:            10.000ns  (MaxDelay Path 10.000ns)
  Data Path Delay:        0.909ns  (logic 0.456ns (50.146%)  route 0.453ns (49.854%))
  Logic Levels:           0  
  Timing Exception:       MaxDelay Path 10.000ns -datapath_only

    Location             Delay type                Incr(ns)  Path(ns)    Netlist Resource(s)
  -------------------------------------------------------------------    -------------------
    SLICE_X60Y4                                       0.000     0.000 r  dbg_hub/inst/BSCANID.u_xsdbm_id/CORE_XSDB.UUT_MASTER/U_ICON_INTERFACE/U_CMD6_WR/U_WR_FIFO/SUBCORE_FIFO.xsdbm_v3_0_0_wrfifo_inst/inst_fifo_gen/gconvfifo.rf/grf.rf/gntv_or_sync_fifo.gcx.clkx/gnxpm_cdc.rd_pntr_gc_reg[3]/C
    SLICE_X60Y4          FDCE (Prop_fdce_C_Q)         0.456     0.456 r  dbg_hub/inst/BSCANID.u_xsdbm_id/CORE_XSDB.UUT_MASTER/U_ICON_INTERFACE/U_CMD6_WR/U_WR_FIFO/SUBCORE_FIFO.xsdbm_v3_0_0_wrfifo_inst/inst_fifo_gen/gconvfifo.rf/grf.rf/gntv_or_sync_fifo.gcx.clkx/gnxpm_cdc.rd_pntr_gc_reg[3]/Q
                         net (fo=1, routed)           0.453     0.909    dbg_hub/inst/BSCANID.u_xsdbm_id/CORE_XSDB.UUT_MASTER/U_ICON_INTERFACE/U_CMD6_WR/U_WR_FIFO/SUBCORE_FIFO.xsdbm_v3_0_0_wrfifo_inst/inst_fifo_gen/gconvfifo.rf/grf.rf/gntv_or_sync_fifo.gcx.clkx/gnxpm_cdc.gsync_stage[1].wr_stg_inst/Q[3]
    SLICE_X58Y3          FDCE                                         r  dbg_hub/inst/BSCANID.u_xsdbm_id/CORE_XSDB.UUT_MASTER/U_ICON_INTERFACE/U_CMD6_WR/U_WR_FIFO/SUBCORE_FIFO.xsdbm_v3_0_0_wrfifo_inst/inst_fifo_gen/gconvfifo.rf/grf.rf/gntv_or_sync_fifo.gcx.clkx/gnxpm_cdc.gsync_stage[1].wr_stg_inst/Q_reg_reg[3]/D
  -------------------------------------------------------------------    -------------------

                         max delay                   10.000    10.000    
    SLICE_X58Y3          FDCE (Setup_fdce_C_D)       -0.045     9.955    dbg_hub/inst/BSCANID.u_xsdbm_id/CORE_XSDB.UUT_MASTER/U_ICON_INTERFACE/U_CMD6_WR/U_WR_FIFO/SUBCORE_FIFO.xsdbm_v3_0_0_wrfifo_inst/inst_fifo_gen/gconvfifo.rf/grf.rf/gntv_or_sync_fifo.gcx.clkx/gnxpm_cdc.gsync_stage[1].wr_stg_inst/Q_reg_reg[3]
  -------------------------------------------------------------------
                         required time                          9.955    
                         arrival time                          -0.909    
  -------------------------------------------------------------------
                         slack                                  9.046    





---------------------------------------------------------------------------------------------------
Path Group:  **async_default**
From Clock:  clk_fpga_0
  To Clock:  clk_fpga_0

Setup :            0  Failing Endpoints,  Worst Slack        1.308ns,  Total Violation        0.000ns
Hold  :            0  Failing Endpoints,  Worst Slack        0.332ns,  Total Violation        0.000ns
---------------------------------------------------------------------------------------------------


Max Delay Paths
--------------------------------------------------------------------------------------
Slack (MET) :             1.308ns  (required time - arrival time)
  Source:                 design_1_i/rst_ps7_0_100M/U0/ACTIVE_LOW_PR_OUT_DFF[0].FDRE_PER_N/C
                            (rising edge-triggered cell FDRE clocked by clk_fpga_0  {rise@0.000ns fall@5.000ns period=10.000ns})
  Destination:            design_1_i/HOGv22_0/U0/dut/s_contador_reg[0]/CLR
                            (recovery check against rising-edge clock clk_fpga_0  {rise@0.000ns fall@5.000ns period=10.000ns})
  Path Group:             **async_default**
  Path Type:              Recovery (Max at Slow Process Corner)
  Requirement:            10.000ns  (clk_fpga_0 rise@10.000ns - clk_fpga_0 rise@0.000ns)
  Data Path Delay:        8.173ns  (logic 0.642ns (7.855%)  route 7.531ns (92.145%))
  Logic Levels:           1  (LUT1=1)
  Clock Path Skew:        0.040ns (DCD - SCD + CPR)
    Destination Clock Delay (DCD):    2.862ns = ( 12.862 - 10.000 ) 
    Source Clock Delay      (SCD):    2.937ns
    Clock Pessimism Removal (CPR):    0.115ns
  Clock Uncertainty:      0.154ns  ((TSJ^2 + TIJ^2)^1/2 + DJ) / 2 + PE
    Total System Jitter     (TSJ):    0.071ns
    Total Input Jitter      (TIJ):    0.300ns
    Discrete Jitter          (DJ):    0.000ns
    Phase Error              (PE):    0.000ns

    Location             Delay type                Incr(ns)  Path(ns)    Netlist Resource(s)
  -------------------------------------------------------------------    -------------------
                         (clock clk_fpga_0 rise edge)
                                                      0.000     0.000 r  
    PS7_X0Y0             PS7                          0.000     0.000 r  design_1_i/processing_system7_0/inst/PS7_i/FCLKCLK[0]
                         net (fo=1, routed)           1.193     1.193    design_1_i/processing_system7_0/inst/FCLK_CLK_unbuffered[0]
    BUFGCTRL_X0Y17       BUFG (Prop_bufg_I_O)         0.101     1.294 r  design_1_i/processing_system7_0/inst/buffer_fclk_clk_0.FCLK_CLK_0_BUFG/O
                         net (fo=12393, routed)       1.643     2.937    design_1_i/rst_ps7_0_100M/U0/slowest_sync_clk
    SLICE_X38Y82         FDRE                                         r  design_1_i/rst_ps7_0_100M/U0/ACTIVE_LOW_PR_OUT_DFF[0].FDRE_PER_N/C
  -------------------------------------------------------------------    -------------------
    SLICE_X38Y82         FDRE (Prop_fdre_C_Q)         0.518     3.455 r  design_1_i/rst_ps7_0_100M/U0/ACTIVE_LOW_PR_OUT_DFF[0].FDRE_PER_N/Q
                         net (fo=54, routed)          2.896     6.351    design_1_i/HOGv22_0/U0/dut/hog_cell_histogram_inst/angulo_inst/ARESETN
    SLICE_X48Y42         LUT1 (Prop_lut1_I0_O)        0.124     6.475 f  design_1_i/HOGv22_0/U0/dut/hog_cell_histogram_inst/angulo_inst/s_contador_reg[10]_i_1/O
                         net (fo=4912, routed)        4.635    11.110    design_1_i/HOGv22_0/U0/dut/reset
    SLICE_X106Y25        FDCE                                         f  design_1_i/HOGv22_0/U0/dut/s_contador_reg[0]/CLR
  -------------------------------------------------------------------    -------------------

                         (clock clk_fpga_0 rise edge)
                                                     10.000    10.000 r  
    PS7_X0Y0             PS7                          0.000    10.000 r  design_1_i/processing_system7_0/inst/PS7_i/FCLKCLK[0]
                         net (fo=1, routed)           1.088    11.088    design_1_i/processing_system7_0/inst/FCLK_CLK_unbuffered[0]
    BUFGCTRL_X0Y17       BUFG (Prop_bufg_I_O)         0.091    11.179 r  design_1_i/processing_system7_0/inst/buffer_fclk_clk_0.FCLK_CLK_0_BUFG/O
                         net (fo=12393, routed)       1.683    12.863    design_1_i/HOGv22_0/U0/dut/ACLK
    SLICE_X106Y25        FDCE                                         r  design_1_i/HOGv22_0/U0/dut/s_contador_reg[0]/C
                         clock pessimism              0.115    12.977    
                         clock uncertainty           -0.154    12.823    
    SLICE_X106Y25        FDCE (Recov_fdce_C_CLR)     -0.405    12.418    design_1_i/HOGv22_0/U0/dut/s_contador_reg[0]
  -------------------------------------------------------------------
                         required time                         12.418    
                         arrival time                         -11.110    
  -------------------------------------------------------------------
                         slack                                  1.308    

Slack (MET) :             1.308ns  (required time - arrival time)
  Source:                 design_1_i/rst_ps7_0_100M/U0/ACTIVE_LOW_PR_OUT_DFF[0].FDRE_PER_N/C
                            (rising edge-triggered cell FDRE clocked by clk_fpga_0  {rise@0.000ns fall@5.000ns period=10.000ns})
  Destination:            design_1_i/HOGv22_0/U0/dut/s_contador_reg[10]/CLR
                            (recovery check against rising-edge clock clk_fpga_0  {rise@0.000ns fall@5.000ns period=10.000ns})
  Path Group:             **async_default**
  Path Type:              Recovery (Max at Slow Process Corner)
  Requirement:            10.000ns  (clk_fpga_0 rise@10.000ns - clk_fpga_0 rise@0.000ns)
  Data Path Delay:        8.173ns  (logic 0.642ns (7.855%)  route 7.531ns (92.145%))
  Logic Levels:           1  (LUT1=1)
  Clock Path Skew:        0.040ns (DCD - SCD + CPR)
    Destination Clock Delay (DCD):    2.862ns = ( 12.862 - 10.000 ) 
    Source Clock Delay      (SCD):    2.937ns
    Clock Pessimism Removal (CPR):    0.115ns
  Clock Uncertainty:      0.154ns  ((TSJ^2 + TIJ^2)^1/2 + DJ) / 2 + PE
    Total System Jitter     (TSJ):    0.071ns
    Total Input Jitter      (TIJ):    0.300ns
    Discrete Jitter          (DJ):    0.000ns
    Phase Error              (PE):    0.000ns

    Location             Delay type                Incr(ns)  Path(ns)    Netlist Resource(s)
  -------------------------------------------------------------------    -------------------
                         (clock clk_fpga_0 rise edge)
                                                      0.000     0.000 r  
    PS7_X0Y0             PS7                          0.000     0.000 r  design_1_i/processing_system7_0/inst/PS7_i/FCLKCLK[0]
                         net (fo=1, routed)           1.193     1.193    design_1_i/processing_system7_0/inst/FCLK_CLK_unbuffered[0]
    BUFGCTRL_X0Y17       BUFG (Prop_bufg_I_O)         0.101     1.294 r  design_1_i/processing_system7_0/inst/buffer_fclk_clk_0.FCLK_CLK_0_BUFG/O
                         net (fo=12393, routed)       1.643     2.937    design_1_i/rst_ps7_0_100M/U0/slowest_sync_clk
    SLICE_X38Y82         FDRE                                         r  design_1_i/rst_ps7_0_100M/U0/ACTIVE_LOW_PR_OUT_DFF[0].FDRE_PER_N/C
  -------------------------------------------------------------------    -------------------
    SLICE_X38Y82         FDRE (Prop_fdre_C_Q)         0.518     3.455 r  design_1_i/rst_ps7_0_100M/U0/ACTIVE_LOW_PR_OUT_DFF[0].FDRE_PER_N/Q
                         net (fo=54, routed)          2.896     6.351    design_1_i/HOGv22_0/U0/dut/hog_cell_histogram_inst/angulo_inst/ARESETN
    SLICE_X48Y42         LUT1 (Prop_lut1_I0_O)        0.124     6.475 f  design_1_i/HOGv22_0/U0/dut/hog_cell_histogram_inst/angulo_inst/s_contador_reg[10]_i_1/O
                         net (fo=4912, routed)        4.635    11.110    design_1_i/HOGv22_0/U0/dut/reset
    SLICE_X106Y25        FDCE                                         f  design_1_i/HOGv22_0/U0/dut/s_contador_reg[10]/CLR
  -------------------------------------------------------------------    -------------------

                         (clock clk_fpga_0 rise edge)
                                                     10.000    10.000 r  
    PS7_X0Y0             PS7                          0.000    10.000 r  design_1_i/processing_system7_0/inst/PS7_i/FCLKCLK[0]
                         net (fo=1, routed)           1.088    11.088    design_1_i/processing_system7_0/inst/FCLK_CLK_unbuffered[0]
    BUFGCTRL_X0Y17       BUFG (Prop_bufg_I_O)         0.091    11.179 r  design_1_i/processing_system7_0/inst/buffer_fclk_clk_0.FCLK_CLK_0_BUFG/O
                         net (fo=12393, routed)       1.683    12.863    design_1_i/HOGv22_0/U0/dut/ACLK
    SLICE_X106Y25        FDCE                                         r  design_1_i/HOGv22_0/U0/dut/s_contador_reg[10]/C
                         clock pessimism              0.115    12.977    
                         clock uncertainty           -0.154    12.823    
    SLICE_X106Y25        FDCE (Recov_fdce_C_CLR)     -0.405    12.418    design_1_i/HOGv22_0/U0/dut/s_contador_reg[10]
  -------------------------------------------------------------------
                         required time                         12.418    
                         arrival time                         -11.110    
  -------------------------------------------------------------------
                         slack                                  1.308    

Slack (MET) :             1.308ns  (required time - arrival time)
  Source:                 design_1_i/rst_ps7_0_100M/U0/ACTIVE_LOW_PR_OUT_DFF[0].FDRE_PER_N/C
                            (rising edge-triggered cell FDRE clocked by clk_fpga_0  {rise@0.000ns fall@5.000ns period=10.000ns})
  Destination:            design_1_i/HOGv22_0/U0/dut/s_contador_reg[6]/CLR
                            (recovery check against rising-edge clock clk_fpga_0  {rise@0.000ns fall@5.000ns period=10.000ns})
  Path Group:             **async_default**
  Path Type:              Recovery (Max at Slow Process Corner)
  Requirement:            10.000ns  (clk_fpga_0 rise@10.000ns - clk_fpga_0 rise@0.000ns)
  Data Path Delay:        8.173ns  (logic 0.642ns (7.855%)  route 7.531ns (92.145%))
  Logic Levels:           1  (LUT1=1)
  Clock Path Skew:        0.040ns (DCD - SCD + CPR)
    Destination Clock Delay (DCD):    2.862ns = ( 12.862 - 10.000 ) 
    Source Clock Delay      (SCD):    2.937ns
    Clock Pessimism Removal (CPR):    0.115ns
  Clock Uncertainty:      0.154ns  ((TSJ^2 + TIJ^2)^1/2 + DJ) / 2 + PE
    Total System Jitter     (TSJ):    0.071ns
    Total Input Jitter      (TIJ):    0.300ns
    Discrete Jitter          (DJ):    0.000ns
    Phase Error              (PE):    0.000ns

    Location             Delay type                Incr(ns)  Path(ns)    Netlist Resource(s)
  -------------------------------------------------------------------    -------------------
                         (clock clk_fpga_0 rise edge)
                                                      0.000     0.000 r  
    PS7_X0Y0             PS7                          0.000     0.000 r  design_1_i/processing_system7_0/inst/PS7_i/FCLKCLK[0]
                         net (fo=1, routed)           1.193     1.193    design_1_i/processing_system7_0/inst/FCLK_CLK_unbuffered[0]
    BUFGCTRL_X0Y17       BUFG (Prop_bufg_I_O)         0.101     1.294 r  design_1_i/processing_system7_0/inst/buffer_fclk_clk_0.FCLK_CLK_0_BUFG/O
                         net (fo=12393, routed)       1.643     2.937    design_1_i/rst_ps7_0_100M/U0/slowest_sync_clk
    SLICE_X38Y82         FDRE                                         r  design_1_i/rst_ps7_0_100M/U0/ACTIVE_LOW_PR_OUT_DFF[0].FDRE_PER_N/C
  -------------------------------------------------------------------    -------------------
    SLICE_X38Y82         FDRE (Prop_fdre_C_Q)         0.518     3.455 r  design_1_i/rst_ps7_0_100M/U0/ACTIVE_LOW_PR_OUT_DFF[0].FDRE_PER_N/Q
                         net (fo=54, routed)          2.896     6.351    design_1_i/HOGv22_0/U0/dut/hog_cell_histogram_inst/angulo_inst/ARESETN
    SLICE_X48Y42         LUT1 (Prop_lut1_I0_O)        0.124     6.475 f  design_1_i/HOGv22_0/U0/dut/hog_cell_histogram_inst/angulo_inst/s_contador_reg[10]_i_1/O
                         net (fo=4912, routed)        4.635    11.110    design_1_i/HOGv22_0/U0/dut/reset
    SLICE_X106Y25        FDCE                                         f  design_1_i/HOGv22_0/U0/dut/s_contador_reg[6]/CLR
  -------------------------------------------------------------------    -------------------

                         (clock clk_fpga_0 rise edge)
                                                     10.000    10.000 r  
    PS7_X0Y0             PS7                          0.000    10.000 r  design_1_i/processing_system7_0/inst/PS7_i/FCLKCLK[0]
                         net (fo=1, routed)           1.088    11.088    design_1_i/processing_system7_0/inst/FCLK_CLK_unbuffered[0]
    BUFGCTRL_X0Y17       BUFG (Prop_bufg_I_O)         0.091    11.179 r  design_1_i/processing_system7_0/inst/buffer_fclk_clk_0.FCLK_CLK_0_BUFG/O
                         net (fo=12393, routed)       1.683    12.863    design_1_i/HOGv22_0/U0/dut/ACLK
    SLICE_X106Y25        FDCE                                         r  design_1_i/HOGv22_0/U0/dut/s_contador_reg[6]/C
                         clock pessimism              0.115    12.977    
                         clock uncertainty           -0.154    12.823    
    SLICE_X106Y25        FDCE (Recov_fdce_C_CLR)     -0.405    12.418    design_1_i/HOGv22_0/U0/dut/s_contador_reg[6]
  -------------------------------------------------------------------
                         required time                         12.418    
                         arrival time                         -11.110    
  -------------------------------------------------------------------
                         slack                                  1.308    

Slack (MET) :             1.308ns  (required time - arrival time)
  Source:                 design_1_i/rst_ps7_0_100M/U0/ACTIVE_LOW_PR_OUT_DFF[0].FDRE_PER_N/C
                            (rising edge-triggered cell FDRE clocked by clk_fpga_0  {rise@0.000ns fall@5.000ns period=10.000ns})
  Destination:            design_1_i/HOGv22_0/U0/dut/s_contador_reg[7]/CLR
                            (recovery check against rising-edge clock clk_fpga_0  {rise@0.000ns fall@5.000ns period=10.000ns})
  Path Group:             **async_default**
  Path Type:              Recovery (Max at Slow Process Corner)
  Requirement:            10.000ns  (clk_fpga_0 rise@10.000ns - clk_fpga_0 rise@0.000ns)
  Data Path Delay:        8.173ns  (logic 0.642ns (7.855%)  route 7.531ns (92.145%))
  Logic Levels:           1  (LUT1=1)
  Clock Path Skew:        0.040ns (DCD - SCD + CPR)
    Destination Clock Delay (DCD):    2.862ns = ( 12.862 - 10.000 ) 
    Source Clock Delay      (SCD):    2.937ns
    Clock Pessimism Removal (CPR):    0.115ns
  Clock Uncertainty:      0.154ns  ((TSJ^2 + TIJ^2)^1/2 + DJ) / 2 + PE
    Total System Jitter     (TSJ):    0.071ns
    Total Input Jitter      (TIJ):    0.300ns
    Discrete Jitter          (DJ):    0.000ns
    Phase Error              (PE):    0.000ns

    Location             Delay type                Incr(ns)  Path(ns)    Netlist Resource(s)
  -------------------------------------------------------------------    -------------------
                         (clock clk_fpga_0 rise edge)
                                                      0.000     0.000 r  
    PS7_X0Y0             PS7                          0.000     0.000 r  design_1_i/processing_system7_0/inst/PS7_i/FCLKCLK[0]
                         net (fo=1, routed)           1.193     1.193    design_1_i/processing_system7_0/inst/FCLK_CLK_unbuffered[0]
    BUFGCTRL_X0Y17       BUFG (Prop_bufg_I_O)         0.101     1.294 r  design_1_i/processing_system7_0/inst/buffer_fclk_clk_0.FCLK_CLK_0_BUFG/O
                         net (fo=12393, routed)       1.643     2.937    design_1_i/rst_ps7_0_100M/U0/slowest_sync_clk
    SLICE_X38Y82         FDRE                                         r  design_1_i/rst_ps7_0_100M/U0/ACTIVE_LOW_PR_OUT_DFF[0].FDRE_PER_N/C
  -------------------------------------------------------------------    -------------------
    SLICE_X38Y82         FDRE (Prop_fdre_C_Q)         0.518     3.455 r  design_1_i/rst_ps7_0_100M/U0/ACTIVE_LOW_PR_OUT_DFF[0].FDRE_PER_N/Q
                         net (fo=54, routed)          2.896     6.351    design_1_i/HOGv22_0/U0/dut/hog_cell_histogram_inst/angulo_inst/ARESETN
    SLICE_X48Y42         LUT1 (Prop_lut1_I0_O)        0.124     6.475 f  design_1_i/HOGv22_0/U0/dut/hog_cell_histogram_inst/angulo_inst/s_contador_reg[10]_i_1/O
                         net (fo=4912, routed)        4.635    11.110    design_1_i/HOGv22_0/U0/dut/reset
    SLICE_X106Y25        FDCE                                         f  design_1_i/HOGv22_0/U0/dut/s_contador_reg[7]/CLR
  -------------------------------------------------------------------    -------------------

                         (clock clk_fpga_0 rise edge)
                                                     10.000    10.000 r  
    PS7_X0Y0             PS7                          0.000    10.000 r  design_1_i/processing_system7_0/inst/PS7_i/FCLKCLK[0]
                         net (fo=1, routed)           1.088    11.088    design_1_i/processing_system7_0/inst/FCLK_CLK_unbuffered[0]
    BUFGCTRL_X0Y17       BUFG (Prop_bufg_I_O)         0.091    11.179 r  design_1_i/processing_system7_0/inst/buffer_fclk_clk_0.FCLK_CLK_0_BUFG/O
                         net (fo=12393, routed)       1.683    12.863    design_1_i/HOGv22_0/U0/dut/ACLK
    SLICE_X106Y25        FDCE                                         r  design_1_i/HOGv22_0/U0/dut/s_contador_reg[7]/C
                         clock pessimism              0.115    12.977    
                         clock uncertainty           -0.154    12.823    
    SLICE_X106Y25        FDCE (Recov_fdce_C_CLR)     -0.405    12.418    design_1_i/HOGv22_0/U0/dut/s_contador_reg[7]
  -------------------------------------------------------------------
                         required time                         12.418    
                         arrival time                         -11.110    
  -------------------------------------------------------------------
                         slack                                  1.308    

Slack (MET) :             1.308ns  (required time - arrival time)
  Source:                 design_1_i/rst_ps7_0_100M/U0/ACTIVE_LOW_PR_OUT_DFF[0].FDRE_PER_N/C
                            (rising edge-triggered cell FDRE clocked by clk_fpga_0  {rise@0.000ns fall@5.000ns period=10.000ns})
  Destination:            design_1_i/HOGv22_0/U0/dut/s_contador_reg[8]/CLR
                            (recovery check against rising-edge clock clk_fpga_0  {rise@0.000ns fall@5.000ns period=10.000ns})
  Path Group:             **async_default**
  Path Type:              Recovery (Max at Slow Process Corner)
  Requirement:            10.000ns  (clk_fpga_0 rise@10.000ns - clk_fpga_0 rise@0.000ns)
  Data Path Delay:        8.173ns  (logic 0.642ns (7.855%)  route 7.531ns (92.145%))
  Logic Levels:           1  (LUT1=1)
  Clock Path Skew:        0.040ns (DCD - SCD + CPR)
    Destination Clock Delay (DCD):    2.862ns = ( 12.862 - 10.000 ) 
    Source Clock Delay      (SCD):    2.937ns
    Clock Pessimism Removal (CPR):    0.115ns
  Clock Uncertainty:      0.154ns  ((TSJ^2 + TIJ^2)^1/2 + DJ) / 2 + PE
    Total System Jitter     (TSJ):    0.071ns
    Total Input Jitter      (TIJ):    0.300ns
    Discrete Jitter          (DJ):    0.000ns
    Phase Error              (PE):    0.000ns

    Location             Delay type                Incr(ns)  Path(ns)    Netlist Resource(s)
  -------------------------------------------------------------------    -------------------
                         (clock clk_fpga_0 rise edge)
                                                      0.000     0.000 r  
    PS7_X0Y0             PS7                          0.000     0.000 r  design_1_i/processing_system7_0/inst/PS7_i/FCLKCLK[0]
                         net (fo=1, routed)           1.193     1.193    design_1_i/processing_system7_0/inst/FCLK_CLK_unbuffered[0]
    BUFGCTRL_X0Y17       BUFG (Prop_bufg_I_O)         0.101     1.294 r  design_1_i/processing_system7_0/inst/buffer_fclk_clk_0.FCLK_CLK_0_BUFG/O
                         net (fo=12393, routed)       1.643     2.937    design_1_i/rst_ps7_0_100M/U0/slowest_sync_clk
    SLICE_X38Y82         FDRE                                         r  design_1_i/rst_ps7_0_100M/U0/ACTIVE_LOW_PR_OUT_DFF[0].FDRE_PER_N/C
  -------------------------------------------------------------------    -------------------
    SLICE_X38Y82         FDRE (Prop_fdre_C_Q)         0.518     3.455 r  design_1_i/rst_ps7_0_100M/U0/ACTIVE_LOW_PR_OUT_DFF[0].FDRE_PER_N/Q
                         net (fo=54, routed)          2.896     6.351    design_1_i/HOGv22_0/U0/dut/hog_cell_histogram_inst/angulo_inst/ARESETN
    SLICE_X48Y42         LUT1 (Prop_lut1_I0_O)        0.124     6.475 f  design_1_i/HOGv22_0/U0/dut/hog_cell_histogram_inst/angulo_inst/s_contador_reg[10]_i_1/O
                         net (fo=4912, routed)        4.635    11.110    design_1_i/HOGv22_0/U0/dut/reset
    SLICE_X106Y25        FDCE                                         f  design_1_i/HOGv22_0/U0/dut/s_contador_reg[8]/CLR
  -------------------------------------------------------------------    -------------------

                         (clock clk_fpga_0 rise edge)
                                                     10.000    10.000 r  
    PS7_X0Y0             PS7                          0.000    10.000 r  design_1_i/processing_system7_0/inst/PS7_i/FCLKCLK[0]
                         net (fo=1, routed)           1.088    11.088    design_1_i/processing_system7_0/inst/FCLK_CLK_unbuffered[0]
    BUFGCTRL_X0Y17       BUFG (Prop_bufg_I_O)         0.091    11.179 r  design_1_i/processing_system7_0/inst/buffer_fclk_clk_0.FCLK_CLK_0_BUFG/O
                         net (fo=12393, routed)       1.683    12.863    design_1_i/HOGv22_0/U0/dut/ACLK
    SLICE_X106Y25        FDCE                                         r  design_1_i/HOGv22_0/U0/dut/s_contador_reg[8]/C
                         clock pessimism              0.115    12.977    
                         clock uncertainty           -0.154    12.823    
    SLICE_X106Y25        FDCE (Recov_fdce_C_CLR)     -0.405    12.418    design_1_i/HOGv22_0/U0/dut/s_contador_reg[8]
  -------------------------------------------------------------------
                         required time                         12.418    
                         arrival time                         -11.110    
  -------------------------------------------------------------------
                         slack                                  1.308    

Slack (MET) :             1.308ns  (required time - arrival time)
  Source:                 design_1_i/rst_ps7_0_100M/U0/ACTIVE_LOW_PR_OUT_DFF[0].FDRE_PER_N/C
                            (rising edge-triggered cell FDRE clocked by clk_fpga_0  {rise@0.000ns fall@5.000ns period=10.000ns})
  Destination:            design_1_i/HOGv22_0/U0/dut/s_contador_reg[9]/CLR
                            (recovery check against rising-edge clock clk_fpga_0  {rise@0.000ns fall@5.000ns period=10.000ns})
  Path Group:             **async_default**
  Path Type:              Recovery (Max at Slow Process Corner)
  Requirement:            10.000ns  (clk_fpga_0 rise@10.000ns - clk_fpga_0 rise@0.000ns)
  Data Path Delay:        8.173ns  (logic 0.642ns (7.855%)  route 7.531ns (92.145%))
  Logic Levels:           1  (LUT1=1)
  Clock Path Skew:        0.040ns (DCD - SCD + CPR)
    Destination Clock Delay (DCD):    2.862ns = ( 12.862 - 10.000 ) 
    Source Clock Delay      (SCD):    2.937ns
    Clock Pessimism Removal (CPR):    0.115ns
  Clock Uncertainty:      0.154ns  ((TSJ^2 + TIJ^2)^1/2 + DJ) / 2 + PE
    Total System Jitter     (TSJ):    0.071ns
    Total Input Jitter      (TIJ):    0.300ns
    Discrete Jitter          (DJ):    0.000ns
    Phase Error              (PE):    0.000ns

    Location             Delay type                Incr(ns)  Path(ns)    Netlist Resource(s)
  -------------------------------------------------------------------    -------------------
                         (clock clk_fpga_0 rise edge)
                                                      0.000     0.000 r  
    PS7_X0Y0             PS7                          0.000     0.000 r  design_1_i/processing_system7_0/inst/PS7_i/FCLKCLK[0]
                         net (fo=1, routed)           1.193     1.193    design_1_i/processing_system7_0/inst/FCLK_CLK_unbuffered[0]
    BUFGCTRL_X0Y17       BUFG (Prop_bufg_I_O)         0.101     1.294 r  design_1_i/processing_system7_0/inst/buffer_fclk_clk_0.FCLK_CLK_0_BUFG/O
                         net (fo=12393, routed)       1.643     2.937    design_1_i/rst_ps7_0_100M/U0/slowest_sync_clk
    SLICE_X38Y82         FDRE                                         r  design_1_i/rst_ps7_0_100M/U0/ACTIVE_LOW_PR_OUT_DFF[0].FDRE_PER_N/C
  -------------------------------------------------------------------    -------------------
    SLICE_X38Y82         FDRE (Prop_fdre_C_Q)         0.518     3.455 r  design_1_i/rst_ps7_0_100M/U0/ACTIVE_LOW_PR_OUT_DFF[0].FDRE_PER_N/Q
                         net (fo=54, routed)          2.896     6.351    design_1_i/HOGv22_0/U0/dut/hog_cell_histogram_inst/angulo_inst/ARESETN
    SLICE_X48Y42         LUT1 (Prop_lut1_I0_O)        0.124     6.475 f  design_1_i/HOGv22_0/U0/dut/hog_cell_histogram_inst/angulo_inst/s_contador_reg[10]_i_1/O
                         net (fo=4912, routed)        4.635    11.110    design_1_i/HOGv22_0/U0/dut/reset
    SLICE_X106Y25        FDCE                                         f  design_1_i/HOGv22_0/U0/dut/s_contador_reg[9]/CLR
  -------------------------------------------------------------------    -------------------

                         (clock clk_fpga_0 rise edge)
                                                     10.000    10.000 r  
    PS7_X0Y0             PS7                          0.000    10.000 r  design_1_i/processing_system7_0/inst/PS7_i/FCLKCLK[0]
                         net (fo=1, routed)           1.088    11.088    design_1_i/processing_system7_0/inst/FCLK_CLK_unbuffered[0]
    BUFGCTRL_X0Y17       BUFG (Prop_bufg_I_O)         0.091    11.179 r  design_1_i/processing_system7_0/inst/buffer_fclk_clk_0.FCLK_CLK_0_BUFG/O
                         net (fo=12393, routed)       1.683    12.863    design_1_i/HOGv22_0/U0/dut/ACLK
    SLICE_X106Y25        FDCE                                         r  design_1_i/HOGv22_0/U0/dut/s_contador_reg[9]/C
                         clock pessimism              0.115    12.977    
                         clock uncertainty           -0.154    12.823    
    SLICE_X106Y25        FDCE (Recov_fdce_C_CLR)     -0.405    12.418    design_1_i/HOGv22_0/U0/dut/s_contador_reg[9]
  -------------------------------------------------------------------
                         required time                         12.418    
                         arrival time                         -11.110    
  -------------------------------------------------------------------
                         slack                                  1.308    

Slack (MET) :             1.313ns  (required time - arrival time)
  Source:                 design_1_i/rst_ps7_0_100M/U0/ACTIVE_LOW_PR_OUT_DFF[0].FDRE_PER_N/C
                            (rising edge-triggered cell FDRE clocked by clk_fpga_0  {rise@0.000ns fall@5.000ns period=10.000ns})
  Destination:            design_1_i/HOGv22_0/U0/dut/s_contador_reg_reg[10]/CLR
                            (recovery check against rising-edge clock clk_fpga_0  {rise@0.000ns fall@5.000ns period=10.000ns})
  Path Group:             **async_default**
  Path Type:              Recovery (Max at Slow Process Corner)
  Requirement:            10.000ns  (clk_fpga_0 rise@10.000ns - clk_fpga_0 rise@0.000ns)
  Data Path Delay:        8.169ns  (logic 0.642ns (7.859%)  route 7.527ns (92.141%))
  Logic Levels:           1  (LUT1=1)
  Clock Path Skew:        0.040ns (DCD - SCD + CPR)
    Destination Clock Delay (DCD):    2.862ns = ( 12.862 - 10.000 ) 
    Source Clock Delay      (SCD):    2.937ns
    Clock Pessimism Removal (CPR):    0.115ns
  Clock Uncertainty:      0.154ns  ((TSJ^2 + TIJ^2)^1/2 + DJ) / 2 + PE
    Total System Jitter     (TSJ):    0.071ns
    Total Input Jitter      (TIJ):    0.300ns
    Discrete Jitter          (DJ):    0.000ns
    Phase Error              (PE):    0.000ns

    Location             Delay type                Incr(ns)  Path(ns)    Netlist Resource(s)
  -------------------------------------------------------------------    -------------------
                         (clock clk_fpga_0 rise edge)
                                                      0.000     0.000 r  
    PS7_X0Y0             PS7                          0.000     0.000 r  design_1_i/processing_system7_0/inst/PS7_i/FCLKCLK[0]
                         net (fo=1, routed)           1.193     1.193    design_1_i/processing_system7_0/inst/FCLK_CLK_unbuffered[0]
    BUFGCTRL_X0Y17       BUFG (Prop_bufg_I_O)         0.101     1.294 r  design_1_i/processing_system7_0/inst/buffer_fclk_clk_0.FCLK_CLK_0_BUFG/O
                         net (fo=12393, routed)       1.643     2.937    design_1_i/rst_ps7_0_100M/U0/slowest_sync_clk
    SLICE_X38Y82         FDRE                                         r  design_1_i/rst_ps7_0_100M/U0/ACTIVE_LOW_PR_OUT_DFF[0].FDRE_PER_N/C
  -------------------------------------------------------------------    -------------------
    SLICE_X38Y82         FDRE (Prop_fdre_C_Q)         0.518     3.455 r  design_1_i/rst_ps7_0_100M/U0/ACTIVE_LOW_PR_OUT_DFF[0].FDRE_PER_N/Q
                         net (fo=54, routed)          2.896     6.351    design_1_i/HOGv22_0/U0/dut/hog_cell_histogram_inst/angulo_inst/ARESETN
    SLICE_X48Y42         LUT1 (Prop_lut1_I0_O)        0.124     6.475 f  design_1_i/HOGv22_0/U0/dut/hog_cell_histogram_inst/angulo_inst/s_contador_reg[10]_i_1/O
                         net (fo=4912, routed)        4.631    11.106    design_1_i/HOGv22_0/U0/dut/reset
    SLICE_X107Y25        FDCE                                         f  design_1_i/HOGv22_0/U0/dut/s_contador_reg_reg[10]/CLR
  -------------------------------------------------------------------    -------------------

                         (clock clk_fpga_0 rise edge)
                                                     10.000    10.000 r  
    PS7_X0Y0             PS7                          0.000    10.000 r  design_1_i/processing_system7_0/inst/PS7_i/FCLKCLK[0]
                         net (fo=1, routed)           1.088    11.088    design_1_i/processing_system7_0/inst/FCLK_CLK_unbuffered[0]
    BUFGCTRL_X0Y17       BUFG (Prop_bufg_I_O)         0.091    11.179 r  design_1_i/processing_system7_0/inst/buffer_fclk_clk_0.FCLK_CLK_0_BUFG/O
                         net (fo=12393, routed)       1.683    12.863    design_1_i/HOGv22_0/U0/dut/ACLK
    SLICE_X107Y25        FDCE                                         r  design_1_i/HOGv22_0/U0/dut/s_contador_reg_reg[10]/C
                         clock pessimism              0.115    12.977    
                         clock uncertainty           -0.154    12.823    
    SLICE_X107Y25        FDCE (Recov_fdce_C_CLR)     -0.405    12.418    design_1_i/HOGv22_0/U0/dut/s_contador_reg_reg[10]
  -------------------------------------------------------------------
                         required time                         12.418    
                         arrival time                         -11.106    
  -------------------------------------------------------------------
                         slack                                  1.313    

Slack (MET) :             1.313ns  (required time - arrival time)
  Source:                 design_1_i/rst_ps7_0_100M/U0/ACTIVE_LOW_PR_OUT_DFF[0].FDRE_PER_N/C
                            (rising edge-triggered cell FDRE clocked by clk_fpga_0  {rise@0.000ns fall@5.000ns period=10.000ns})
  Destination:            design_1_i/HOGv22_0/U0/dut/s_contador_reg_reg[6]/CLR
                            (recovery check against rising-edge clock clk_fpga_0  {rise@0.000ns fall@5.000ns period=10.000ns})
  Path Group:             **async_default**
  Path Type:              Recovery (Max at Slow Process Corner)
  Requirement:            10.000ns  (clk_fpga_0 rise@10.000ns - clk_fpga_0 rise@0.000ns)
  Data Path Delay:        8.169ns  (logic 0.642ns (7.859%)  route 7.527ns (92.141%))
  Logic Levels:           1  (LUT1=1)
  Clock Path Skew:        0.040ns (DCD - SCD + CPR)
    Destination Clock Delay (DCD):    2.862ns = ( 12.862 - 10.000 ) 
    Source Clock Delay      (SCD):    2.937ns
    Clock Pessimism Removal (CPR):    0.115ns
  Clock Uncertainty:      0.154ns  ((TSJ^2 + TIJ^2)^1/2 + DJ) / 2 + PE
    Total System Jitter     (TSJ):    0.071ns
    Total Input Jitter      (TIJ):    0.300ns
    Discrete Jitter          (DJ):    0.000ns
    Phase Error              (PE):    0.000ns

    Location             Delay type                Incr(ns)  Path(ns)    Netlist Resource(s)
  -------------------------------------------------------------------    -------------------
                         (clock clk_fpga_0 rise edge)
                                                      0.000     0.000 r  
    PS7_X0Y0             PS7                          0.000     0.000 r  design_1_i/processing_system7_0/inst/PS7_i/FCLKCLK[0]
                         net (fo=1, routed)           1.193     1.193    design_1_i/processing_system7_0/inst/FCLK_CLK_unbuffered[0]
    BUFGCTRL_X0Y17       BUFG (Prop_bufg_I_O)         0.101     1.294 r  design_1_i/processing_system7_0/inst/buffer_fclk_clk_0.FCLK_CLK_0_BUFG/O
                         net (fo=12393, routed)       1.643     2.937    design_1_i/rst_ps7_0_100M/U0/slowest_sync_clk
    SLICE_X38Y82         FDRE                                         r  design_1_i/rst_ps7_0_100M/U0/ACTIVE_LOW_PR_OUT_DFF[0].FDRE_PER_N/C
  -------------------------------------------------------------------    -------------------
    SLICE_X38Y82         FDRE (Prop_fdre_C_Q)         0.518     3.455 r  design_1_i/rst_ps7_0_100M/U0/ACTIVE_LOW_PR_OUT_DFF[0].FDRE_PER_N/Q
                         net (fo=54, routed)          2.896     6.351    design_1_i/HOGv22_0/U0/dut/hog_cell_histogram_inst/angulo_inst/ARESETN
    SLICE_X48Y42         LUT1 (Prop_lut1_I0_O)        0.124     6.475 f  design_1_i/HOGv22_0/U0/dut/hog_cell_histogram_inst/angulo_inst/s_contador_reg[10]_i_1/O
                         net (fo=4912, routed)        4.631    11.106    design_1_i/HOGv22_0/U0/dut/reset
    SLICE_X107Y25        FDCE                                         f  design_1_i/HOGv22_0/U0/dut/s_contador_reg_reg[6]/CLR
  -------------------------------------------------------------------    -------------------

                         (clock clk_fpga_0 rise edge)
                                                     10.000    10.000 r  
    PS7_X0Y0             PS7                          0.000    10.000 r  design_1_i/processing_system7_0/inst/PS7_i/FCLKCLK[0]
                         net (fo=1, routed)           1.088    11.088    design_1_i/processing_system7_0/inst/FCLK_CLK_unbuffered[0]
    BUFGCTRL_X0Y17       BUFG (Prop_bufg_I_O)         0.091    11.179 r  design_1_i/processing_system7_0/inst/buffer_fclk_clk_0.FCLK_CLK_0_BUFG/O
                         net (fo=12393, routed)       1.683    12.863    design_1_i/HOGv22_0/U0/dut/ACLK
    SLICE_X107Y25        FDCE                                         r  design_1_i/HOGv22_0/U0/dut/s_contador_reg_reg[6]/C
                         clock pessimism              0.115    12.977    
                         clock uncertainty           -0.154    12.823    
    SLICE_X107Y25        FDCE (Recov_fdce_C_CLR)     -0.405    12.418    design_1_i/HOGv22_0/U0/dut/s_contador_reg_reg[6]
  -------------------------------------------------------------------
                         required time                         12.418    
                         arrival time                         -11.106    
  -------------------------------------------------------------------
                         slack                                  1.313    

Slack (MET) :             1.313ns  (required time - arrival time)
  Source:                 design_1_i/rst_ps7_0_100M/U0/ACTIVE_LOW_PR_OUT_DFF[0].FDRE_PER_N/C
                            (rising edge-triggered cell FDRE clocked by clk_fpga_0  {rise@0.000ns fall@5.000ns period=10.000ns})
  Destination:            design_1_i/HOGv22_0/U0/dut/s_contador_reg_reg[7]/CLR
                            (recovery check against rising-edge clock clk_fpga_0  {rise@0.000ns fall@5.000ns period=10.000ns})
  Path Group:             **async_default**
  Path Type:              Recovery (Max at Slow Process Corner)
  Requirement:            10.000ns  (clk_fpga_0 rise@10.000ns - clk_fpga_0 rise@0.000ns)
  Data Path Delay:        8.169ns  (logic 0.642ns (7.859%)  route 7.527ns (92.141%))
  Logic Levels:           1  (LUT1=1)
  Clock Path Skew:        0.040ns (DCD - SCD + CPR)
    Destination Clock Delay (DCD):    2.862ns = ( 12.862 - 10.000 ) 
    Source Clock Delay      (SCD):    2.937ns
    Clock Pessimism Removal (CPR):    0.115ns
  Clock Uncertainty:      0.154ns  ((TSJ^2 + TIJ^2)^1/2 + DJ) / 2 + PE
    Total System Jitter     (TSJ):    0.071ns
    Total Input Jitter      (TIJ):    0.300ns
    Discrete Jitter          (DJ):    0.000ns
    Phase Error              (PE):    0.000ns

    Location             Delay type                Incr(ns)  Path(ns)    Netlist Resource(s)
  -------------------------------------------------------------------    -------------------
                         (clock clk_fpga_0 rise edge)
                                                      0.000     0.000 r  
    PS7_X0Y0             PS7                          0.000     0.000 r  design_1_i/processing_system7_0/inst/PS7_i/FCLKCLK[0]
                         net (fo=1, routed)           1.193     1.193    design_1_i/processing_system7_0/inst/FCLK_CLK_unbuffered[0]
    BUFGCTRL_X0Y17       BUFG (Prop_bufg_I_O)         0.101     1.294 r  design_1_i/processing_system7_0/inst/buffer_fclk_clk_0.FCLK_CLK_0_BUFG/O
                         net (fo=12393, routed)       1.643     2.937    design_1_i/rst_ps7_0_100M/U0/slowest_sync_clk
    SLICE_X38Y82         FDRE                                         r  design_1_i/rst_ps7_0_100M/U0/ACTIVE_LOW_PR_OUT_DFF[0].FDRE_PER_N/C
  -------------------------------------------------------------------    -------------------
    SLICE_X38Y82         FDRE (Prop_fdre_C_Q)         0.518     3.455 r  design_1_i/rst_ps7_0_100M/U0/ACTIVE_LOW_PR_OUT_DFF[0].FDRE_PER_N/Q
                         net (fo=54, routed)          2.896     6.351    design_1_i/HOGv22_0/U0/dut/hog_cell_histogram_inst/angulo_inst/ARESETN
    SLICE_X48Y42         LUT1 (Prop_lut1_I0_O)        0.124     6.475 f  design_1_i/HOGv22_0/U0/dut/hog_cell_histogram_inst/angulo_inst/s_contador_reg[10]_i_1/O
                         net (fo=4912, routed)        4.631    11.106    design_1_i/HOGv22_0/U0/dut/reset
    SLICE_X107Y25        FDCE                                         f  design_1_i/HOGv22_0/U0/dut/s_contador_reg_reg[7]/CLR
  -------------------------------------------------------------------    -------------------

                         (clock clk_fpga_0 rise edge)
                                                     10.000    10.000 r  
    PS7_X0Y0             PS7                          0.000    10.000 r  design_1_i/processing_system7_0/inst/PS7_i/FCLKCLK[0]
                         net (fo=1, routed)           1.088    11.088    design_1_i/processing_system7_0/inst/FCLK_CLK_unbuffered[0]
    BUFGCTRL_X0Y17       BUFG (Prop_bufg_I_O)         0.091    11.179 r  design_1_i/processing_system7_0/inst/buffer_fclk_clk_0.FCLK_CLK_0_BUFG/O
                         net (fo=12393, routed)       1.683    12.863    design_1_i/HOGv22_0/U0/dut/ACLK
    SLICE_X107Y25        FDCE                                         r  design_1_i/HOGv22_0/U0/dut/s_contador_reg_reg[7]/C
                         clock pessimism              0.115    12.977    
                         clock uncertainty           -0.154    12.823    
    SLICE_X107Y25        FDCE (Recov_fdce_C_CLR)     -0.405    12.418    design_1_i/HOGv22_0/U0/dut/s_contador_reg_reg[7]
  -------------------------------------------------------------------
                         required time                         12.418    
                         arrival time                         -11.106    
  -------------------------------------------------------------------
                         slack                                  1.313    

Slack (MET) :             1.313ns  (required time - arrival time)
  Source:                 design_1_i/rst_ps7_0_100M/U0/ACTIVE_LOW_PR_OUT_DFF[0].FDRE_PER_N/C
                            (rising edge-triggered cell FDRE clocked by clk_fpga_0  {rise@0.000ns fall@5.000ns period=10.000ns})
  Destination:            design_1_i/HOGv22_0/U0/dut/s_contador_reg_reg[8]/CLR
                            (recovery check against rising-edge clock clk_fpga_0  {rise@0.000ns fall@5.000ns period=10.000ns})
  Path Group:             **async_default**
  Path Type:              Recovery (Max at Slow Process Corner)
  Requirement:            10.000ns  (clk_fpga_0 rise@10.000ns - clk_fpga_0 rise@0.000ns)
  Data Path Delay:        8.169ns  (logic 0.642ns (7.859%)  route 7.527ns (92.141%))
  Logic Levels:           1  (LUT1=1)
  Clock Path Skew:        0.040ns (DCD - SCD + CPR)
    Destination Clock Delay (DCD):    2.862ns = ( 12.862 - 10.000 ) 
    Source Clock Delay      (SCD):    2.937ns
    Clock Pessimism Removal (CPR):    0.115ns
  Clock Uncertainty:      0.154ns  ((TSJ^2 + TIJ^2)^1/2 + DJ) / 2 + PE
    Total System Jitter     (TSJ):    0.071ns
    Total Input Jitter      (TIJ):    0.300ns
    Discrete Jitter          (DJ):    0.000ns
    Phase Error              (PE):    0.000ns

    Location             Delay type                Incr(ns)  Path(ns)    Netlist Resource(s)
  -------------------------------------------------------------------    -------------------
                         (clock clk_fpga_0 rise edge)
                                                      0.000     0.000 r  
    PS7_X0Y0             PS7                          0.000     0.000 r  design_1_i/processing_system7_0/inst/PS7_i/FCLKCLK[0]
                         net (fo=1, routed)           1.193     1.193    design_1_i/processing_system7_0/inst/FCLK_CLK_unbuffered[0]
    BUFGCTRL_X0Y17       BUFG (Prop_bufg_I_O)         0.101     1.294 r  design_1_i/processing_system7_0/inst/buffer_fclk_clk_0.FCLK_CLK_0_BUFG/O
                         net (fo=12393, routed)       1.643     2.937    design_1_i/rst_ps7_0_100M/U0/slowest_sync_clk
    SLICE_X38Y82         FDRE                                         r  design_1_i/rst_ps7_0_100M/U0/ACTIVE_LOW_PR_OUT_DFF[0].FDRE_PER_N/C
  -------------------------------------------------------------------    -------------------
    SLICE_X38Y82         FDRE (Prop_fdre_C_Q)         0.518     3.455 r  design_1_i/rst_ps7_0_100M/U0/ACTIVE_LOW_PR_OUT_DFF[0].FDRE_PER_N/Q
                         net (fo=54, routed)          2.896     6.351    design_1_i/HOGv22_0/U0/dut/hog_cell_histogram_inst/angulo_inst/ARESETN
    SLICE_X48Y42         LUT1 (Prop_lut1_I0_O)        0.124     6.475 f  design_1_i/HOGv22_0/U0/dut/hog_cell_histogram_inst/angulo_inst/s_contador_reg[10]_i_1/O
                         net (fo=4912, routed)        4.631    11.106    design_1_i/HOGv22_0/U0/dut/reset
    SLICE_X107Y25        FDCE                                         f  design_1_i/HOGv22_0/U0/dut/s_contador_reg_reg[8]/CLR
  -------------------------------------------------------------------    -------------------

                         (clock clk_fpga_0 rise edge)
                                                     10.000    10.000 r  
    PS7_X0Y0             PS7                          0.000    10.000 r  design_1_i/processing_system7_0/inst/PS7_i/FCLKCLK[0]
                         net (fo=1, routed)           1.088    11.088    design_1_i/processing_system7_0/inst/FCLK_CLK_unbuffered[0]
    BUFGCTRL_X0Y17       BUFG (Prop_bufg_I_O)         0.091    11.179 r  design_1_i/processing_system7_0/inst/buffer_fclk_clk_0.FCLK_CLK_0_BUFG/O
                         net (fo=12393, routed)       1.683    12.863    design_1_i/HOGv22_0/U0/dut/ACLK
    SLICE_X107Y25        FDCE                                         r  design_1_i/HOGv22_0/U0/dut/s_contador_reg_reg[8]/C
                         clock pessimism              0.115    12.977    
                         clock uncertainty           -0.154    12.823    
    SLICE_X107Y25        FDCE (Recov_fdce_C_CLR)     -0.405    12.418    design_1_i/HOGv22_0/U0/dut/s_contador_reg_reg[8]
  -------------------------------------------------------------------
                         required time                         12.418    
                         arrival time                         -11.106    
  -------------------------------------------------------------------
                         slack                                  1.313    





Min Delay Paths
--------------------------------------------------------------------------------------
Slack (MET) :             0.332ns  (arrival time - required time)
  Source:                 dbg_hub/inst/BSCANID.u_xsdbm_id/CORE_XSDB.UUT_MASTER/U_ICON_INTERFACE/U_CMD6_WR/U_WR_FIFO/SUBCORE_FIFO.xsdbm_v3_0_0_wrfifo_inst/inst_fifo_gen/gconvfifo.rf/grf.rf/rstblk/ngwrdrst.grst.g7serrst.rd_rst_reg_reg[1]/C
                            (rising edge-triggered cell FDPE clocked by clk_fpga_0  {rise@0.000ns fall@5.000ns period=10.000ns})
  Destination:            dbg_hub/inst/BSCANID.u_xsdbm_id/CORE_XSDB.UUT_MASTER/U_ICON_INTERFACE/U_CMD6_WR/U_WR_FIFO/SUBCORE_FIFO.xsdbm_v3_0_0_wrfifo_inst/inst_fifo_gen/gconvfifo.rf/grf.rf/gntv_or_sync_fifo.gcx.clkx/gnxpm_cdc.gsync_stage[1].rd_stg_inst/Q_reg_reg[0]/CLR
                            (removal check against rising-edge clock clk_fpga_0  {rise@0.000ns fall@5.000ns period=10.000ns})
  Path Group:             **async_default**
  Path Type:              Removal (Min at Fast Process Corner)
  Requirement:            0.000ns  (clk_fpga_0 rise@0.000ns - clk_fpga_0 rise@0.000ns)
  Data Path Delay:        0.256ns  (logic 0.141ns (54.976%)  route 0.115ns (45.024%))
  Logic Levels:           0  
  Clock Path Skew:        0.016ns (DCD - SCD - CPR)
    Destination Clock Delay (DCD):    1.218ns
    Source Clock Delay      (SCD):    0.919ns
    Clock Pessimism Removal (CPR):    0.284ns

    Location             Delay type                Incr(ns)  Path(ns)    Netlist Resource(s)
  -------------------------------------------------------------------    -------------------
                         (clock clk_fpga_0 rise edge)
                                                      0.000     0.000 r  
    PS7_X0Y0             PS7                          0.000     0.000 r  design_1_i/processing_system7_0/inst/PS7_i/FCLKCLK[0]
                         net (fo=1, routed)           0.310     0.310    design_1_i/processing_system7_0/inst/FCLK_CLK_unbuffered[0]
    BUFGCTRL_X0Y17       BUFG (Prop_bufg_I_O)         0.026     0.336 r  design_1_i/processing_system7_0/inst/buffer_fclk_clk_0.FCLK_CLK_0_BUFG/O
                         net (fo=12393, routed)       0.583     0.919    dbg_hub/inst/BSCANID.u_xsdbm_id/CORE_XSDB.UUT_MASTER/U_ICON_INTERFACE/U_CMD6_WR/U_WR_FIFO/SUBCORE_FIFO.xsdbm_v3_0_0_wrfifo_inst/inst_fifo_gen/gconvfifo.rf/grf.rf/rstblk/rd_clk
    SLICE_X57Y4          FDPE                                         r  dbg_hub/inst/BSCANID.u_xsdbm_id/CORE_XSDB.UUT_MASTER/U_ICON_INTERFACE/U_CMD6_WR/U_WR_FIFO/SUBCORE_FIFO.xsdbm_v3_0_0_wrfifo_inst/inst_fifo_gen/gconvfifo.rf/grf.rf/rstblk/ngwrdrst.grst.g7serrst.rd_rst_reg_reg[1]/C
  -------------------------------------------------------------------    -------------------
    SLICE_X57Y4          FDPE (Prop_fdpe_C_Q)         0.141     1.059 f  dbg_hub/inst/BSCANID.u_xsdbm_id/CORE_XSDB.UUT_MASTER/U_ICON_INTERFACE/U_CMD6_WR/U_WR_FIFO/SUBCORE_FIFO.xsdbm_v3_0_0_wrfifo_inst/inst_fifo_gen/gconvfifo.rf/grf.rf/rstblk/ngwrdrst.grst.g7serrst.rd_rst_reg_reg[1]/Q
                         net (fo=16, routed)          0.115     1.175    dbg_hub/inst/BSCANID.u_xsdbm_id/CORE_XSDB.UUT_MASTER/U_ICON_INTERFACE/U_CMD6_WR/U_WR_FIFO/SUBCORE_FIFO.xsdbm_v3_0_0_wrfifo_inst/inst_fifo_gen/gconvfifo.rf/grf.rf/gntv_or_sync_fifo.gcx.clkx/gnxpm_cdc.gsync_stage[1].rd_stg_inst/Q_reg_reg[0]_0[0]
    SLICE_X59Y4          FDCE                                         f  dbg_hub/inst/BSCANID.u_xsdbm_id/CORE_XSDB.UUT_MASTER/U_ICON_INTERFACE/U_CMD6_WR/U_WR_FIFO/SUBCORE_FIFO.xsdbm_v3_0_0_wrfifo_inst/inst_fifo_gen/gconvfifo.rf/grf.rf/gntv_or_sync_fifo.gcx.clkx/gnxpm_cdc.gsync_stage[1].rd_stg_inst/Q_reg_reg[0]/CLR
  -------------------------------------------------------------------    -------------------

                         (clock clk_fpga_0 rise edge)
                                                      0.000     0.000 r  
    PS7_X0Y0             PS7                          0.000     0.000 r  design_1_i/processing_system7_0/inst/PS7_i/FCLKCLK[0]
                         net (fo=1, routed)           0.337     0.337    design_1_i/processing_system7_0/inst/FCLK_CLK_unbuffered[0]
    BUFGCTRL_X0Y17       BUFG (Prop_bufg_I_O)         0.029     0.366 r  design_1_i/processing_system7_0/inst/buffer_fclk_clk_0.FCLK_CLK_0_BUFG/O
                         net (fo=12393, routed)       0.852     1.218    dbg_hub/inst/BSCANID.u_xsdbm_id/CORE_XSDB.UUT_MASTER/U_ICON_INTERFACE/U_CMD6_WR/U_WR_FIFO/SUBCORE_FIFO.xsdbm_v3_0_0_wrfifo_inst/inst_fifo_gen/gconvfifo.rf/grf.rf/gntv_or_sync_fifo.gcx.clkx/gnxpm_cdc.gsync_stage[1].rd_stg_inst/rd_clk
    SLICE_X59Y4          FDCE                                         r  dbg_hub/inst/BSCANID.u_xsdbm_id/CORE_XSDB.UUT_MASTER/U_ICON_INTERFACE/U_CMD6_WR/U_WR_FIFO/SUBCORE_FIFO.xsdbm_v3_0_0_wrfifo_inst/inst_fifo_gen/gconvfifo.rf/grf.rf/gntv_or_sync_fifo.gcx.clkx/gnxpm_cdc.gsync_stage[1].rd_stg_inst/Q_reg_reg[0]/C
                         clock pessimism             -0.284     0.935    
    SLICE_X59Y4          FDCE (Remov_fdce_C_CLR)     -0.092     0.843    dbg_hub/inst/BSCANID.u_xsdbm_id/CORE_XSDB.UUT_MASTER/U_ICON_INTERFACE/U_CMD6_WR/U_WR_FIFO/SUBCORE_FIFO.xsdbm_v3_0_0_wrfifo_inst/inst_fifo_gen/gconvfifo.rf/grf.rf/gntv_or_sync_fifo.gcx.clkx/gnxpm_cdc.gsync_stage[1].rd_stg_inst/Q_reg_reg[0]
  -------------------------------------------------------------------
                         required time                         -0.843    
                         arrival time                           1.175    
  -------------------------------------------------------------------
                         slack                                  0.332    

Slack (MET) :             0.332ns  (arrival time - required time)
  Source:                 dbg_hub/inst/BSCANID.u_xsdbm_id/CORE_XSDB.UUT_MASTER/U_ICON_INTERFACE/U_CMD6_WR/U_WR_FIFO/SUBCORE_FIFO.xsdbm_v3_0_0_wrfifo_inst/inst_fifo_gen/gconvfifo.rf/grf.rf/rstblk/ngwrdrst.grst.g7serrst.rd_rst_reg_reg[1]/C
                            (rising edge-triggered cell FDPE clocked by clk_fpga_0  {rise@0.000ns fall@5.000ns period=10.000ns})
  Destination:            dbg_hub/inst/BSCANID.u_xsdbm_id/CORE_XSDB.UUT_MASTER/U_ICON_INTERFACE/U_CMD6_WR/U_WR_FIFO/SUBCORE_FIFO.xsdbm_v3_0_0_wrfifo_inst/inst_fifo_gen/gconvfifo.rf/grf.rf/gntv_or_sync_fifo.gcx.clkx/gnxpm_cdc.gsync_stage[1].rd_stg_inst/Q_reg_reg[1]/CLR
                            (removal check against rising-edge clock clk_fpga_0  {rise@0.000ns fall@5.000ns period=10.000ns})
  Path Group:             **async_default**
  Path Type:              Removal (Min at Fast Process Corner)
  Requirement:            0.000ns  (clk_fpga_0 rise@0.000ns - clk_fpga_0 rise@0.000ns)
  Data Path Delay:        0.256ns  (logic 0.141ns (54.976%)  route 0.115ns (45.024%))
  Logic Levels:           0  
  Clock Path Skew:        0.016ns (DCD - SCD - CPR)
    Destination Clock Delay (DCD):    1.218ns
    Source Clock Delay      (SCD):    0.919ns
    Clock Pessimism Removal (CPR):    0.284ns

    Location             Delay type                Incr(ns)  Path(ns)    Netlist Resource(s)
  -------------------------------------------------------------------    -------------------
                         (clock clk_fpga_0 rise edge)
                                                      0.000     0.000 r  
    PS7_X0Y0             PS7                          0.000     0.000 r  design_1_i/processing_system7_0/inst/PS7_i/FCLKCLK[0]
                         net (fo=1, routed)           0.310     0.310    design_1_i/processing_system7_0/inst/FCLK_CLK_unbuffered[0]
    BUFGCTRL_X0Y17       BUFG (Prop_bufg_I_O)         0.026     0.336 r  design_1_i/processing_system7_0/inst/buffer_fclk_clk_0.FCLK_CLK_0_BUFG/O
                         net (fo=12393, routed)       0.583     0.919    dbg_hub/inst/BSCANID.u_xsdbm_id/CORE_XSDB.UUT_MASTER/U_ICON_INTERFACE/U_CMD6_WR/U_WR_FIFO/SUBCORE_FIFO.xsdbm_v3_0_0_wrfifo_inst/inst_fifo_gen/gconvfifo.rf/grf.rf/rstblk/rd_clk
    SLICE_X57Y4          FDPE                                         r  dbg_hub/inst/BSCANID.u_xsdbm_id/CORE_XSDB.UUT_MASTER/U_ICON_INTERFACE/U_CMD6_WR/U_WR_FIFO/SUBCORE_FIFO.xsdbm_v3_0_0_wrfifo_inst/inst_fifo_gen/gconvfifo.rf/grf.rf/rstblk/ngwrdrst.grst.g7serrst.rd_rst_reg_reg[1]/C
  -------------------------------------------------------------------    -------------------
    SLICE_X57Y4          FDPE (Prop_fdpe_C_Q)         0.141     1.059 f  dbg_hub/inst/BSCANID.u_xsdbm_id/CORE_XSDB.UUT_MASTER/U_ICON_INTERFACE/U_CMD6_WR/U_WR_FIFO/SUBCORE_FIFO.xsdbm_v3_0_0_wrfifo_inst/inst_fifo_gen/gconvfifo.rf/grf.rf/rstblk/ngwrdrst.grst.g7serrst.rd_rst_reg_reg[1]/Q
                         net (fo=16, routed)          0.115     1.175    dbg_hub/inst/BSCANID.u_xsdbm_id/CORE_XSDB.UUT_MASTER/U_ICON_INTERFACE/U_CMD6_WR/U_WR_FIFO/SUBCORE_FIFO.xsdbm_v3_0_0_wrfifo_inst/inst_fifo_gen/gconvfifo.rf/grf.rf/gntv_or_sync_fifo.gcx.clkx/gnxpm_cdc.gsync_stage[1].rd_stg_inst/Q_reg_reg[0]_0[0]
    SLICE_X59Y4          FDCE                                         f  dbg_hub/inst/BSCANID.u_xsdbm_id/CORE_XSDB.UUT_MASTER/U_ICON_INTERFACE/U_CMD6_WR/U_WR_FIFO/SUBCORE_FIFO.xsdbm_v3_0_0_wrfifo_inst/inst_fifo_gen/gconvfifo.rf/grf.rf/gntv_or_sync_fifo.gcx.clkx/gnxpm_cdc.gsync_stage[1].rd_stg_inst/Q_reg_reg[1]/CLR
  -------------------------------------------------------------------    -------------------

                         (clock clk_fpga_0 rise edge)
                                                      0.000     0.000 r  
    PS7_X0Y0             PS7                          0.000     0.000 r  design_1_i/processing_system7_0/inst/PS7_i/FCLKCLK[0]
                         net (fo=1, routed)           0.337     0.337    design_1_i/processing_system7_0/inst/FCLK_CLK_unbuffered[0]
    BUFGCTRL_X0Y17       BUFG (Prop_bufg_I_O)         0.029     0.366 r  design_1_i/processing_system7_0/inst/buffer_fclk_clk_0.FCLK_CLK_0_BUFG/O
                         net (fo=12393, routed)       0.852     1.218    dbg_hub/inst/BSCANID.u_xsdbm_id/CORE_XSDB.UUT_MASTER/U_ICON_INTERFACE/U_CMD6_WR/U_WR_FIFO/SUBCORE_FIFO.xsdbm_v3_0_0_wrfifo_inst/inst_fifo_gen/gconvfifo.rf/grf.rf/gntv_or_sync_fifo.gcx.clkx/gnxpm_cdc.gsync_stage[1].rd_stg_inst/rd_clk
    SLICE_X59Y4          FDCE                                         r  dbg_hub/inst/BSCANID.u_xsdbm_id/CORE_XSDB.UUT_MASTER/U_ICON_INTERFACE/U_CMD6_WR/U_WR_FIFO/SUBCORE_FIFO.xsdbm_v3_0_0_wrfifo_inst/inst_fifo_gen/gconvfifo.rf/grf.rf/gntv_or_sync_fifo.gcx.clkx/gnxpm_cdc.gsync_stage[1].rd_stg_inst/Q_reg_reg[1]/C
                         clock pessimism             -0.284     0.935    
    SLICE_X59Y4          FDCE (Remov_fdce_C_CLR)     -0.092     0.843    dbg_hub/inst/BSCANID.u_xsdbm_id/CORE_XSDB.UUT_MASTER/U_ICON_INTERFACE/U_CMD6_WR/U_WR_FIFO/SUBCORE_FIFO.xsdbm_v3_0_0_wrfifo_inst/inst_fifo_gen/gconvfifo.rf/grf.rf/gntv_or_sync_fifo.gcx.clkx/gnxpm_cdc.gsync_stage[1].rd_stg_inst/Q_reg_reg[1]
  -------------------------------------------------------------------
                         required time                         -0.843    
                         arrival time                           1.175    
  -------------------------------------------------------------------
                         slack                                  0.332    

Slack (MET) :             0.332ns  (arrival time - required time)
  Source:                 dbg_hub/inst/BSCANID.u_xsdbm_id/CORE_XSDB.UUT_MASTER/U_ICON_INTERFACE/U_CMD6_WR/U_WR_FIFO/SUBCORE_FIFO.xsdbm_v3_0_0_wrfifo_inst/inst_fifo_gen/gconvfifo.rf/grf.rf/rstblk/ngwrdrst.grst.g7serrst.rd_rst_reg_reg[1]/C
                            (rising edge-triggered cell FDPE clocked by clk_fpga_0  {rise@0.000ns fall@5.000ns period=10.000ns})
  Destination:            dbg_hub/inst/BSCANID.u_xsdbm_id/CORE_XSDB.UUT_MASTER/U_ICON_INTERFACE/U_CMD6_WR/U_WR_FIFO/SUBCORE_FIFO.xsdbm_v3_0_0_wrfifo_inst/inst_fifo_gen/gconvfifo.rf/grf.rf/gntv_or_sync_fifo.gcx.clkx/gnxpm_cdc.gsync_stage[2].rd_stg_inst/Q_reg_reg[0]/CLR
                            (removal check against rising-edge clock clk_fpga_0  {rise@0.000ns fall@5.000ns period=10.000ns})
  Path Group:             **async_default**
  Path Type:              Removal (Min at Fast Process Corner)
  Requirement:            0.000ns  (clk_fpga_0 rise@0.000ns - clk_fpga_0 rise@0.000ns)
  Data Path Delay:        0.256ns  (logic 0.141ns (54.976%)  route 0.115ns (45.024%))
  Logic Levels:           0  
  Clock Path Skew:        0.016ns (DCD - SCD - CPR)
    Destination Clock Delay (DCD):    1.218ns
    Source Clock Delay      (SCD):    0.919ns
    Clock Pessimism Removal (CPR):    0.284ns

    Location             Delay type                Incr(ns)  Path(ns)    Netlist Resource(s)
  -------------------------------------------------------------------    -------------------
                         (clock clk_fpga_0 rise edge)
                                                      0.000     0.000 r  
    PS7_X0Y0             PS7                          0.000     0.000 r  design_1_i/processing_system7_0/inst/PS7_i/FCLKCLK[0]
                         net (fo=1, routed)           0.310     0.310    design_1_i/processing_system7_0/inst/FCLK_CLK_unbuffered[0]
    BUFGCTRL_X0Y17       BUFG (Prop_bufg_I_O)         0.026     0.336 r  design_1_i/processing_system7_0/inst/buffer_fclk_clk_0.FCLK_CLK_0_BUFG/O
                         net (fo=12393, routed)       0.583     0.919    dbg_hub/inst/BSCANID.u_xsdbm_id/CORE_XSDB.UUT_MASTER/U_ICON_INTERFACE/U_CMD6_WR/U_WR_FIFO/SUBCORE_FIFO.xsdbm_v3_0_0_wrfifo_inst/inst_fifo_gen/gconvfifo.rf/grf.rf/rstblk/rd_clk
    SLICE_X57Y4          FDPE                                         r  dbg_hub/inst/BSCANID.u_xsdbm_id/CORE_XSDB.UUT_MASTER/U_ICON_INTERFACE/U_CMD6_WR/U_WR_FIFO/SUBCORE_FIFO.xsdbm_v3_0_0_wrfifo_inst/inst_fifo_gen/gconvfifo.rf/grf.rf/rstblk/ngwrdrst.grst.g7serrst.rd_rst_reg_reg[1]/C
  -------------------------------------------------------------------    -------------------
    SLICE_X57Y4          FDPE (Prop_fdpe_C_Q)         0.141     1.059 f  dbg_hub/inst/BSCANID.u_xsdbm_id/CORE_XSDB.UUT_MASTER/U_ICON_INTERFACE/U_CMD6_WR/U_WR_FIFO/SUBCORE_FIFO.xsdbm_v3_0_0_wrfifo_inst/inst_fifo_gen/gconvfifo.rf/grf.rf/rstblk/ngwrdrst.grst.g7serrst.rd_rst_reg_reg[1]/Q
                         net (fo=16, routed)          0.115     1.175    dbg_hub/inst/BSCANID.u_xsdbm_id/CORE_XSDB.UUT_MASTER/U_ICON_INTERFACE/U_CMD6_WR/U_WR_FIFO/SUBCORE_FIFO.xsdbm_v3_0_0_wrfifo_inst/inst_fifo_gen/gconvfifo.rf/grf.rf/gntv_or_sync_fifo.gcx.clkx/gnxpm_cdc.gsync_stage[2].rd_stg_inst/Q_reg_reg[0]_0[0]
    SLICE_X59Y4          FDCE                                         f  dbg_hub/inst/BSCANID.u_xsdbm_id/CORE_XSDB.UUT_MASTER/U_ICON_INTERFACE/U_CMD6_WR/U_WR_FIFO/SUBCORE_FIFO.xsdbm_v3_0_0_wrfifo_inst/inst_fifo_gen/gconvfifo.rf/grf.rf/gntv_or_sync_fifo.gcx.clkx/gnxpm_cdc.gsync_stage[2].rd_stg_inst/Q_reg_reg[0]/CLR
  -------------------------------------------------------------------    -------------------

                         (clock clk_fpga_0 rise edge)
                                                      0.000     0.000 r  
    PS7_X0Y0             PS7                          0.000     0.000 r  design_1_i/processing_system7_0/inst/PS7_i/FCLKCLK[0]
                         net (fo=1, routed)           0.337     0.337    design_1_i/processing_system7_0/inst/FCLK_CLK_unbuffered[0]
    BUFGCTRL_X0Y17       BUFG (Prop_bufg_I_O)         0.029     0.366 r  design_1_i/processing_system7_0/inst/buffer_fclk_clk_0.FCLK_CLK_0_BUFG/O
                         net (fo=12393, routed)       0.852     1.218    dbg_hub/inst/BSCANID.u_xsdbm_id/CORE_XSDB.UUT_MASTER/U_ICON_INTERFACE/U_CMD6_WR/U_WR_FIFO/SUBCORE_FIFO.xsdbm_v3_0_0_wrfifo_inst/inst_fifo_gen/gconvfifo.rf/grf.rf/gntv_or_sync_fifo.gcx.clkx/gnxpm_cdc.gsync_stage[2].rd_stg_inst/rd_clk
    SLICE_X59Y4          FDCE                                         r  dbg_hub/inst/BSCANID.u_xsdbm_id/CORE_XSDB.UUT_MASTER/U_ICON_INTERFACE/U_CMD6_WR/U_WR_FIFO/SUBCORE_FIFO.xsdbm_v3_0_0_wrfifo_inst/inst_fifo_gen/gconvfifo.rf/grf.rf/gntv_or_sync_fifo.gcx.clkx/gnxpm_cdc.gsync_stage[2].rd_stg_inst/Q_reg_reg[0]/C
                         clock pessimism             -0.284     0.935    
    SLICE_X59Y4          FDCE (Remov_fdce_C_CLR)     -0.092     0.843    dbg_hub/inst/BSCANID.u_xsdbm_id/CORE_XSDB.UUT_MASTER/U_ICON_INTERFACE/U_CMD6_WR/U_WR_FIFO/SUBCORE_FIFO.xsdbm_v3_0_0_wrfifo_inst/inst_fifo_gen/gconvfifo.rf/grf.rf/gntv_or_sync_fifo.gcx.clkx/gnxpm_cdc.gsync_stage[2].rd_stg_inst/Q_reg_reg[0]
  -------------------------------------------------------------------
                         required time                         -0.843    
                         arrival time                           1.175    
  -------------------------------------------------------------------
                         slack                                  0.332    

Slack (MET) :             0.332ns  (arrival time - required time)
  Source:                 dbg_hub/inst/BSCANID.u_xsdbm_id/CORE_XSDB.UUT_MASTER/U_ICON_INTERFACE/U_CMD6_WR/U_WR_FIFO/SUBCORE_FIFO.xsdbm_v3_0_0_wrfifo_inst/inst_fifo_gen/gconvfifo.rf/grf.rf/rstblk/ngwrdrst.grst.g7serrst.rd_rst_reg_reg[1]/C
                            (rising edge-triggered cell FDPE clocked by clk_fpga_0  {rise@0.000ns fall@5.000ns period=10.000ns})
  Destination:            dbg_hub/inst/BSCANID.u_xsdbm_id/CORE_XSDB.UUT_MASTER/U_ICON_INTERFACE/U_CMD6_WR/U_WR_FIFO/SUBCORE_FIFO.xsdbm_v3_0_0_wrfifo_inst/inst_fifo_gen/gconvfifo.rf/grf.rf/gntv_or_sync_fifo.gcx.clkx/gnxpm_cdc.gsync_stage[2].rd_stg_inst/Q_reg_reg[1]/CLR
                            (removal check against rising-edge clock clk_fpga_0  {rise@0.000ns fall@5.000ns period=10.000ns})
  Path Group:             **async_default**
  Path Type:              Removal (Min at Fast Process Corner)
  Requirement:            0.000ns  (clk_fpga_0 rise@0.000ns - clk_fpga_0 rise@0.000ns)
  Data Path Delay:        0.256ns  (logic 0.141ns (54.976%)  route 0.115ns (45.024%))
  Logic Levels:           0  
  Clock Path Skew:        0.016ns (DCD - SCD - CPR)
    Destination Clock Delay (DCD):    1.218ns
    Source Clock Delay      (SCD):    0.919ns
    Clock Pessimism Removal (CPR):    0.284ns

    Location             Delay type                Incr(ns)  Path(ns)    Netlist Resource(s)
  -------------------------------------------------------------------    -------------------
                         (clock clk_fpga_0 rise edge)
                                                      0.000     0.000 r  
    PS7_X0Y0             PS7                          0.000     0.000 r  design_1_i/processing_system7_0/inst/PS7_i/FCLKCLK[0]
                         net (fo=1, routed)           0.310     0.310    design_1_i/processing_system7_0/inst/FCLK_CLK_unbuffered[0]
    BUFGCTRL_X0Y17       BUFG (Prop_bufg_I_O)         0.026     0.336 r  design_1_i/processing_system7_0/inst/buffer_fclk_clk_0.FCLK_CLK_0_BUFG/O
                         net (fo=12393, routed)       0.583     0.919    dbg_hub/inst/BSCANID.u_xsdbm_id/CORE_XSDB.UUT_MASTER/U_ICON_INTERFACE/U_CMD6_WR/U_WR_FIFO/SUBCORE_FIFO.xsdbm_v3_0_0_wrfifo_inst/inst_fifo_gen/gconvfifo.rf/grf.rf/rstblk/rd_clk
    SLICE_X57Y4          FDPE                                         r  dbg_hub/inst/BSCANID.u_xsdbm_id/CORE_XSDB.UUT_MASTER/U_ICON_INTERFACE/U_CMD6_WR/U_WR_FIFO/SUBCORE_FIFO.xsdbm_v3_0_0_wrfifo_inst/inst_fifo_gen/gconvfifo.rf/grf.rf/rstblk/ngwrdrst.grst.g7serrst.rd_rst_reg_reg[1]/C
  -------------------------------------------------------------------    -------------------
    SLICE_X57Y4          FDPE (Prop_fdpe_C_Q)         0.141     1.059 f  dbg_hub/inst/BSCANID.u_xsdbm_id/CORE_XSDB.UUT_MASTER/U_ICON_INTERFACE/U_CMD6_WR/U_WR_FIFO/SUBCORE_FIFO.xsdbm_v3_0_0_wrfifo_inst/inst_fifo_gen/gconvfifo.rf/grf.rf/rstblk/ngwrdrst.grst.g7serrst.rd_rst_reg_reg[1]/Q
                         net (fo=16, routed)          0.115     1.175    dbg_hub/inst/BSCANID.u_xsdbm_id/CORE_XSDB.UUT_MASTER/U_ICON_INTERFACE/U_CMD6_WR/U_WR_FIFO/SUBCORE_FIFO.xsdbm_v3_0_0_wrfifo_inst/inst_fifo_gen/gconvfifo.rf/grf.rf/gntv_or_sync_fifo.gcx.clkx/gnxpm_cdc.gsync_stage[2].rd_stg_inst/Q_reg_reg[0]_0[0]
    SLICE_X59Y4          FDCE                                         f  dbg_hub/inst/BSCANID.u_xsdbm_id/CORE_XSDB.UUT_MASTER/U_ICON_INTERFACE/U_CMD6_WR/U_WR_FIFO/SUBCORE_FIFO.xsdbm_v3_0_0_wrfifo_inst/inst_fifo_gen/gconvfifo.rf/grf.rf/gntv_or_sync_fifo.gcx.clkx/gnxpm_cdc.gsync_stage[2].rd_stg_inst/Q_reg_reg[1]/CLR
  -------------------------------------------------------------------    -------------------

                         (clock clk_fpga_0 rise edge)
                                                      0.000     0.000 r  
    PS7_X0Y0             PS7                          0.000     0.000 r  design_1_i/processing_system7_0/inst/PS7_i/FCLKCLK[0]
                         net (fo=1, routed)           0.337     0.337    design_1_i/processing_system7_0/inst/FCLK_CLK_unbuffered[0]
    BUFGCTRL_X0Y17       BUFG (Prop_bufg_I_O)         0.029     0.366 r  design_1_i/processing_system7_0/inst/buffer_fclk_clk_0.FCLK_CLK_0_BUFG/O
                         net (fo=12393, routed)       0.852     1.218    dbg_hub/inst/BSCANID.u_xsdbm_id/CORE_XSDB.UUT_MASTER/U_ICON_INTERFACE/U_CMD6_WR/U_WR_FIFO/SUBCORE_FIFO.xsdbm_v3_0_0_wrfifo_inst/inst_fifo_gen/gconvfifo.rf/grf.rf/gntv_or_sync_fifo.gcx.clkx/gnxpm_cdc.gsync_stage[2].rd_stg_inst/rd_clk
    SLICE_X59Y4          FDCE                                         r  dbg_hub/inst/BSCANID.u_xsdbm_id/CORE_XSDB.UUT_MASTER/U_ICON_INTERFACE/U_CMD6_WR/U_WR_FIFO/SUBCORE_FIFO.xsdbm_v3_0_0_wrfifo_inst/inst_fifo_gen/gconvfifo.rf/grf.rf/gntv_or_sync_fifo.gcx.clkx/gnxpm_cdc.gsync_stage[2].rd_stg_inst/Q_reg_reg[1]/C
                         clock pessimism             -0.284     0.935    
    SLICE_X59Y4          FDCE (Remov_fdce_C_CLR)     -0.092     0.843    dbg_hub/inst/BSCANID.u_xsdbm_id/CORE_XSDB.UUT_MASTER/U_ICON_INTERFACE/U_CMD6_WR/U_WR_FIFO/SUBCORE_FIFO.xsdbm_v3_0_0_wrfifo_inst/inst_fifo_gen/gconvfifo.rf/grf.rf/gntv_or_sync_fifo.gcx.clkx/gnxpm_cdc.gsync_stage[2].rd_stg_inst/Q_reg_reg[1]
  -------------------------------------------------------------------
                         required time                         -0.843    
                         arrival time                           1.175    
  -------------------------------------------------------------------
                         slack                                  0.332    

Slack (MET) :             0.332ns  (arrival time - required time)
  Source:                 dbg_hub/inst/BSCANID.u_xsdbm_id/CORE_XSDB.UUT_MASTER/U_ICON_INTERFACE/U_CMD6_WR/U_WR_FIFO/SUBCORE_FIFO.xsdbm_v3_0_0_wrfifo_inst/inst_fifo_gen/gconvfifo.rf/grf.rf/rstblk/ngwrdrst.grst.g7serrst.rd_rst_reg_reg[1]/C
                            (rising edge-triggered cell FDPE clocked by clk_fpga_0  {rise@0.000ns fall@5.000ns period=10.000ns})
  Destination:            dbg_hub/inst/BSCANID.u_xsdbm_id/CORE_XSDB.UUT_MASTER/U_ICON_INTERFACE/U_CMD6_WR/U_WR_FIFO/SUBCORE_FIFO.xsdbm_v3_0_0_wrfifo_inst/inst_fifo_gen/gconvfifo.rf/grf.rf/gntv_or_sync_fifo.gcx.clkx/gnxpm_cdc.rd_pntr_gc_reg[0]/CLR
                            (removal check against rising-edge clock clk_fpga_0  {rise@0.000ns fall@5.000ns period=10.000ns})
  Path Group:             **async_default**
  Path Type:              Removal (Min at Fast Process Corner)
  Requirement:            0.000ns  (clk_fpga_0 rise@0.000ns - clk_fpga_0 rise@0.000ns)
  Data Path Delay:        0.256ns  (logic 0.141ns (54.976%)  route 0.115ns (45.024%))
  Logic Levels:           0  
  Clock Path Skew:        0.016ns (DCD - SCD - CPR)
    Destination Clock Delay (DCD):    1.218ns
    Source Clock Delay      (SCD):    0.919ns
    Clock Pessimism Removal (CPR):    0.284ns

    Location             Delay type                Incr(ns)  Path(ns)    Netlist Resource(s)
  -------------------------------------------------------------------    -------------------
                         (clock clk_fpga_0 rise edge)
                                                      0.000     0.000 r  
    PS7_X0Y0             PS7                          0.000     0.000 r  design_1_i/processing_system7_0/inst/PS7_i/FCLKCLK[0]
                         net (fo=1, routed)           0.310     0.310    design_1_i/processing_system7_0/inst/FCLK_CLK_unbuffered[0]
    BUFGCTRL_X0Y17       BUFG (Prop_bufg_I_O)         0.026     0.336 r  design_1_i/processing_system7_0/inst/buffer_fclk_clk_0.FCLK_CLK_0_BUFG/O
                         net (fo=12393, routed)       0.583     0.919    dbg_hub/inst/BSCANID.u_xsdbm_id/CORE_XSDB.UUT_MASTER/U_ICON_INTERFACE/U_CMD6_WR/U_WR_FIFO/SUBCORE_FIFO.xsdbm_v3_0_0_wrfifo_inst/inst_fifo_gen/gconvfifo.rf/grf.rf/rstblk/rd_clk
    SLICE_X57Y4          FDPE                                         r  dbg_hub/inst/BSCANID.u_xsdbm_id/CORE_XSDB.UUT_MASTER/U_ICON_INTERFACE/U_CMD6_WR/U_WR_FIFO/SUBCORE_FIFO.xsdbm_v3_0_0_wrfifo_inst/inst_fifo_gen/gconvfifo.rf/grf.rf/rstblk/ngwrdrst.grst.g7serrst.rd_rst_reg_reg[1]/C
  -------------------------------------------------------------------    -------------------
    SLICE_X57Y4          FDPE (Prop_fdpe_C_Q)         0.141     1.059 f  dbg_hub/inst/BSCANID.u_xsdbm_id/CORE_XSDB.UUT_MASTER/U_ICON_INTERFACE/U_CMD6_WR/U_WR_FIFO/SUBCORE_FIFO.xsdbm_v3_0_0_wrfifo_inst/inst_fifo_gen/gconvfifo.rf/grf.rf/rstblk/ngwrdrst.grst.g7serrst.rd_rst_reg_reg[1]/Q
                         net (fo=16, routed)          0.115     1.175    dbg_hub/inst/BSCANID.u_xsdbm_id/CORE_XSDB.UUT_MASTER/U_ICON_INTERFACE/U_CMD6_WR/U_WR_FIFO/SUBCORE_FIFO.xsdbm_v3_0_0_wrfifo_inst/inst_fifo_gen/gconvfifo.rf/grf.rf/gntv_or_sync_fifo.gcx.clkx/Q_reg_reg[0][0]
    SLICE_X59Y4          FDCE                                         f  dbg_hub/inst/BSCANID.u_xsdbm_id/CORE_XSDB.UUT_MASTER/U_ICON_INTERFACE/U_CMD6_WR/U_WR_FIFO/SUBCORE_FIFO.xsdbm_v3_0_0_wrfifo_inst/inst_fifo_gen/gconvfifo.rf/grf.rf/gntv_or_sync_fifo.gcx.clkx/gnxpm_cdc.rd_pntr_gc_reg[0]/CLR
  -------------------------------------------------------------------    -------------------

                         (clock clk_fpga_0 rise edge)
                                                      0.000     0.000 r  
    PS7_X0Y0             PS7                          0.000     0.000 r  design_1_i/processing_system7_0/inst/PS7_i/FCLKCLK[0]
                         net (fo=1, routed)           0.337     0.337    design_1_i/processing_system7_0/inst/FCLK_CLK_unbuffered[0]
    BUFGCTRL_X0Y17       BUFG (Prop_bufg_I_O)         0.029     0.366 r  design_1_i/processing_system7_0/inst/buffer_fclk_clk_0.FCLK_CLK_0_BUFG/O
                         net (fo=12393, routed)       0.852     1.218    dbg_hub/inst/BSCANID.u_xsdbm_id/CORE_XSDB.UUT_MASTER/U_ICON_INTERFACE/U_CMD6_WR/U_WR_FIFO/SUBCORE_FIFO.xsdbm_v3_0_0_wrfifo_inst/inst_fifo_gen/gconvfifo.rf/grf.rf/gntv_or_sync_fifo.gcx.clkx/rd_clk
    SLICE_X59Y4          FDCE                                         r  dbg_hub/inst/BSCANID.u_xsdbm_id/CORE_XSDB.UUT_MASTER/U_ICON_INTERFACE/U_CMD6_WR/U_WR_FIFO/SUBCORE_FIFO.xsdbm_v3_0_0_wrfifo_inst/inst_fifo_gen/gconvfifo.rf/grf.rf/gntv_or_sync_fifo.gcx.clkx/gnxpm_cdc.rd_pntr_gc_reg[0]/C
                         clock pessimism             -0.284     0.935    
    SLICE_X59Y4          FDCE (Remov_fdce_C_CLR)     -0.092     0.843    dbg_hub/inst/BSCANID.u_xsdbm_id/CORE_XSDB.UUT_MASTER/U_ICON_INTERFACE/U_CMD6_WR/U_WR_FIFO/SUBCORE_FIFO.xsdbm_v3_0_0_wrfifo_inst/inst_fifo_gen/gconvfifo.rf/grf.rf/gntv_or_sync_fifo.gcx.clkx/gnxpm_cdc.rd_pntr_gc_reg[0]
  -------------------------------------------------------------------
                         required time                         -0.843    
                         arrival time                           1.175    
  -------------------------------------------------------------------
                         slack                                  0.332    

Slack (MET) :             0.371ns  (arrival time - required time)
  Source:                 dbg_hub/inst/BSCANID.u_xsdbm_id/CORE_XSDB.UUT_MASTER/U_ICON_INTERFACE/U_CMD6_RD/U_RD_FIFO/SUBCORE_FIFO.xsdbm_v3_0_0_rdfifo_inst/inst_fifo_gen/gconvfifo.rf/grf.rf/rstblk/ngwrdrst.grst.g7serrst.wr_rst_reg_reg[1]/C
                            (rising edge-triggered cell FDPE clocked by clk_fpga_0  {rise@0.000ns fall@5.000ns period=10.000ns})
  Destination:            dbg_hub/inst/BSCANID.u_xsdbm_id/CORE_XSDB.UUT_MASTER/U_ICON_INTERFACE/U_CMD6_RD/U_RD_FIFO/SUBCORE_FIFO.xsdbm_v3_0_0_rdfifo_inst/inst_fifo_gen/gconvfifo.rf/grf.rf/gntv_or_sync_fifo.gl0.wr/wpntr/gic0.gc0.count_d1_reg[2]/CLR
                            (removal check against rising-edge clock clk_fpga_0  {rise@0.000ns fall@5.000ns period=10.000ns})
  Path Group:             **async_default**
  Path Type:              Removal (Min at Fast Process Corner)
  Requirement:            0.000ns  (clk_fpga_0 rise@0.000ns - clk_fpga_0 rise@0.000ns)
  Data Path Delay:        0.315ns  (logic 0.141ns (44.768%)  route 0.174ns (55.232%))
  Logic Levels:           0  
  Clock Path Skew:        0.036ns (DCD - SCD - CPR)
    Destination Clock Delay (DCD):    1.222ns
    Source Clock Delay      (SCD):    0.923ns
    Clock Pessimism Removal (CPR):    0.263ns

    Location             Delay type                Incr(ns)  Path(ns)    Netlist Resource(s)
  -------------------------------------------------------------------    -------------------
                         (clock clk_fpga_0 rise edge)
                                                      0.000     0.000 r  
    PS7_X0Y0             PS7                          0.000     0.000 r  design_1_i/processing_system7_0/inst/PS7_i/FCLKCLK[0]
                         net (fo=1, routed)           0.310     0.310    design_1_i/processing_system7_0/inst/FCLK_CLK_unbuffered[0]
    BUFGCTRL_X0Y17       BUFG (Prop_bufg_I_O)         0.026     0.336 r  design_1_i/processing_system7_0/inst/buffer_fclk_clk_0.FCLK_CLK_0_BUFG/O
                         net (fo=12393, routed)       0.587     0.923    dbg_hub/inst/BSCANID.u_xsdbm_id/CORE_XSDB.UUT_MASTER/U_ICON_INTERFACE/U_CMD6_RD/U_RD_FIFO/SUBCORE_FIFO.xsdbm_v3_0_0_rdfifo_inst/inst_fifo_gen/gconvfifo.rf/grf.rf/rstblk/wr_clk
    SLICE_X69Y3          FDPE                                         r  dbg_hub/inst/BSCANID.u_xsdbm_id/CORE_XSDB.UUT_MASTER/U_ICON_INTERFACE/U_CMD6_RD/U_RD_FIFO/SUBCORE_FIFO.xsdbm_v3_0_0_rdfifo_inst/inst_fifo_gen/gconvfifo.rf/grf.rf/rstblk/ngwrdrst.grst.g7serrst.wr_rst_reg_reg[1]/C
  -------------------------------------------------------------------    -------------------
    SLICE_X69Y3          FDPE (Prop_fdpe_C_Q)         0.141     1.064 f  dbg_hub/inst/BSCANID.u_xsdbm_id/CORE_XSDB.UUT_MASTER/U_ICON_INTERFACE/U_CMD6_RD/U_RD_FIFO/SUBCORE_FIFO.xsdbm_v3_0_0_rdfifo_inst/inst_fifo_gen/gconvfifo.rf/grf.rf/rstblk/ngwrdrst.grst.g7serrst.wr_rst_reg_reg[1]/Q
                         net (fo=12, routed)          0.174     1.237    dbg_hub/inst/BSCANID.u_xsdbm_id/CORE_XSDB.UUT_MASTER/U_ICON_INTERFACE/U_CMD6_RD/U_RD_FIFO/SUBCORE_FIFO.xsdbm_v3_0_0_rdfifo_inst/inst_fifo_gen/gconvfifo.rf/grf.rf/gntv_or_sync_fifo.gl0.wr/wpntr/gic0.gc0.count_reg[0]_0[0]
    SLICE_X73Y2          FDCE                                         f  dbg_hub/inst/BSCANID.u_xsdbm_id/CORE_XSDB.UUT_MASTER/U_ICON_INTERFACE/U_CMD6_RD/U_RD_FIFO/SUBCORE_FIFO.xsdbm_v3_0_0_rdfifo_inst/inst_fifo_gen/gconvfifo.rf/grf.rf/gntv_or_sync_fifo.gl0.wr/wpntr/gic0.gc0.count_d1_reg[2]/CLR
  -------------------------------------------------------------------    -------------------

                         (clock clk_fpga_0 rise edge)
                                                      0.000     0.000 r  
    PS7_X0Y0             PS7                          0.000     0.000 r  design_1_i/processing_system7_0/inst/PS7_i/FCLKCLK[0]
                         net (fo=1, routed)           0.337     0.337    design_1_i/processing_system7_0/inst/FCLK_CLK_unbuffered[0]
    BUFGCTRL_X0Y17       BUFG (Prop_bufg_I_O)         0.029     0.366 r  design_1_i/processing_system7_0/inst/buffer_fclk_clk_0.FCLK_CLK_0_BUFG/O
                         net (fo=12393, routed)       0.856     1.222    dbg_hub/inst/BSCANID.u_xsdbm_id/CORE_XSDB.UUT_MASTER/U_ICON_INTERFACE/U_CMD6_RD/U_RD_FIFO/SUBCORE_FIFO.xsdbm_v3_0_0_rdfifo_inst/inst_fifo_gen/gconvfifo.rf/grf.rf/gntv_or_sync_fifo.gl0.wr/wpntr/wr_clk
    SLICE_X73Y2          FDCE                                         r  dbg_hub/inst/BSCANID.u_xsdbm_id/CORE_XSDB.UUT_MASTER/U_ICON_INTERFACE/U_CMD6_RD/U_RD_FIFO/SUBCORE_FIFO.xsdbm_v3_0_0_rdfifo_inst/inst_fifo_gen/gconvfifo.rf/grf.rf/gntv_or_sync_fifo.gl0.wr/wpntr/gic0.gc0.count_d1_reg[2]/C
                         clock pessimism             -0.263     0.959    
    SLICE_X73Y2          FDCE (Remov_fdce_C_CLR)     -0.092     0.867    dbg_hub/inst/BSCANID.u_xsdbm_id/CORE_XSDB.UUT_MASTER/U_ICON_INTERFACE/U_CMD6_RD/U_RD_FIFO/SUBCORE_FIFO.xsdbm_v3_0_0_rdfifo_inst/inst_fifo_gen/gconvfifo.rf/grf.rf/gntv_or_sync_fifo.gl0.wr/wpntr/gic0.gc0.count_d1_reg[2]
  -------------------------------------------------------------------
                         required time                         -0.867    
                         arrival time                           1.237    
  -------------------------------------------------------------------
                         slack                                  0.371    

Slack (MET) :             0.371ns  (arrival time - required time)
  Source:                 dbg_hub/inst/BSCANID.u_xsdbm_id/CORE_XSDB.UUT_MASTER/U_ICON_INTERFACE/U_CMD6_RD/U_RD_FIFO/SUBCORE_FIFO.xsdbm_v3_0_0_rdfifo_inst/inst_fifo_gen/gconvfifo.rf/grf.rf/rstblk/ngwrdrst.grst.g7serrst.wr_rst_reg_reg[1]/C
                            (rising edge-triggered cell FDPE clocked by clk_fpga_0  {rise@0.000ns fall@5.000ns period=10.000ns})
  Destination:            dbg_hub/inst/BSCANID.u_xsdbm_id/CORE_XSDB.UUT_MASTER/U_ICON_INTERFACE/U_CMD6_RD/U_RD_FIFO/SUBCORE_FIFO.xsdbm_v3_0_0_rdfifo_inst/inst_fifo_gen/gconvfifo.rf/grf.rf/gntv_or_sync_fifo.gl0.wr/wpntr/gic0.gc0.count_d1_reg[3]/CLR
                            (removal check against rising-edge clock clk_fpga_0  {rise@0.000ns fall@5.000ns period=10.000ns})
  Path Group:             **async_default**
  Path Type:              Removal (Min at Fast Process Corner)
  Requirement:            0.000ns  (clk_fpga_0 rise@0.000ns - clk_fpga_0 rise@0.000ns)
  Data Path Delay:        0.315ns  (logic 0.141ns (44.768%)  route 0.174ns (55.232%))
  Logic Levels:           0  
  Clock Path Skew:        0.036ns (DCD - SCD - CPR)
    Destination Clock Delay (DCD):    1.222ns
    Source Clock Delay      (SCD):    0.923ns
    Clock Pessimism Removal (CPR):    0.263ns

    Location             Delay type                Incr(ns)  Path(ns)    Netlist Resource(s)
  -------------------------------------------------------------------    -------------------
                         (clock clk_fpga_0 rise edge)
                                                      0.000     0.000 r  
    PS7_X0Y0             PS7                          0.000     0.000 r  design_1_i/processing_system7_0/inst/PS7_i/FCLKCLK[0]
                         net (fo=1, routed)           0.310     0.310    design_1_i/processing_system7_0/inst/FCLK_CLK_unbuffered[0]
    BUFGCTRL_X0Y17       BUFG (Prop_bufg_I_O)         0.026     0.336 r  design_1_i/processing_system7_0/inst/buffer_fclk_clk_0.FCLK_CLK_0_BUFG/O
                         net (fo=12393, routed)       0.587     0.923    dbg_hub/inst/BSCANID.u_xsdbm_id/CORE_XSDB.UUT_MASTER/U_ICON_INTERFACE/U_CMD6_RD/U_RD_FIFO/SUBCORE_FIFO.xsdbm_v3_0_0_rdfifo_inst/inst_fifo_gen/gconvfifo.rf/grf.rf/rstblk/wr_clk
    SLICE_X69Y3          FDPE                                         r  dbg_hub/inst/BSCANID.u_xsdbm_id/CORE_XSDB.UUT_MASTER/U_ICON_INTERFACE/U_CMD6_RD/U_RD_FIFO/SUBCORE_FIFO.xsdbm_v3_0_0_rdfifo_inst/inst_fifo_gen/gconvfifo.rf/grf.rf/rstblk/ngwrdrst.grst.g7serrst.wr_rst_reg_reg[1]/C
  -------------------------------------------------------------------    -------------------
    SLICE_X69Y3          FDPE (Prop_fdpe_C_Q)         0.141     1.064 f  dbg_hub/inst/BSCANID.u_xsdbm_id/CORE_XSDB.UUT_MASTER/U_ICON_INTERFACE/U_CMD6_RD/U_RD_FIFO/SUBCORE_FIFO.xsdbm_v3_0_0_rdfifo_inst/inst_fifo_gen/gconvfifo.rf/grf.rf/rstblk/ngwrdrst.grst.g7serrst.wr_rst_reg_reg[1]/Q
                         net (fo=12, routed)          0.174     1.237    dbg_hub/inst/BSCANID.u_xsdbm_id/CORE_XSDB.UUT_MASTER/U_ICON_INTERFACE/U_CMD6_RD/U_RD_FIFO/SUBCORE_FIFO.xsdbm_v3_0_0_rdfifo_inst/inst_fifo_gen/gconvfifo.rf/grf.rf/gntv_or_sync_fifo.gl0.wr/wpntr/gic0.gc0.count_reg[0]_0[0]
    SLICE_X73Y2          FDCE                                         f  dbg_hub/inst/BSCANID.u_xsdbm_id/CORE_XSDB.UUT_MASTER/U_ICON_INTERFACE/U_CMD6_RD/U_RD_FIFO/SUBCORE_FIFO.xsdbm_v3_0_0_rdfifo_inst/inst_fifo_gen/gconvfifo.rf/grf.rf/gntv_or_sync_fifo.gl0.wr/wpntr/gic0.gc0.count_d1_reg[3]/CLR
  -------------------------------------------------------------------    -------------------

                         (clock clk_fpga_0 rise edge)
                                                      0.000     0.000 r  
    PS7_X0Y0             PS7                          0.000     0.000 r  design_1_i/processing_system7_0/inst/PS7_i/FCLKCLK[0]
                         net (fo=1, routed)           0.337     0.337    design_1_i/processing_system7_0/inst/FCLK_CLK_unbuffered[0]
    BUFGCTRL_X0Y17       BUFG (Prop_bufg_I_O)         0.029     0.366 r  design_1_i/processing_system7_0/inst/buffer_fclk_clk_0.FCLK_CLK_0_BUFG/O
                         net (fo=12393, routed)       0.856     1.222    dbg_hub/inst/BSCANID.u_xsdbm_id/CORE_XSDB.UUT_MASTER/U_ICON_INTERFACE/U_CMD6_RD/U_RD_FIFO/SUBCORE_FIFO.xsdbm_v3_0_0_rdfifo_inst/inst_fifo_gen/gconvfifo.rf/grf.rf/gntv_or_sync_fifo.gl0.wr/wpntr/wr_clk
    SLICE_X73Y2          FDCE                                         r  dbg_hub/inst/BSCANID.u_xsdbm_id/CORE_XSDB.UUT_MASTER/U_ICON_INTERFACE/U_CMD6_RD/U_RD_FIFO/SUBCORE_FIFO.xsdbm_v3_0_0_rdfifo_inst/inst_fifo_gen/gconvfifo.rf/grf.rf/gntv_or_sync_fifo.gl0.wr/wpntr/gic0.gc0.count_d1_reg[3]/C
                         clock pessimism             -0.263     0.959    
    SLICE_X73Y2          FDCE (Remov_fdce_C_CLR)     -0.092     0.867    dbg_hub/inst/BSCANID.u_xsdbm_id/CORE_XSDB.UUT_MASTER/U_ICON_INTERFACE/U_CMD6_RD/U_RD_FIFO/SUBCORE_FIFO.xsdbm_v3_0_0_rdfifo_inst/inst_fifo_gen/gconvfifo.rf/grf.rf/gntv_or_sync_fifo.gl0.wr/wpntr/gic0.gc0.count_d1_reg[3]
  -------------------------------------------------------------------
                         required time                         -0.867    
                         arrival time                           1.237    
  -------------------------------------------------------------------
                         slack                                  0.371    

Slack (MET) :             0.371ns  (arrival time - required time)
  Source:                 dbg_hub/inst/BSCANID.u_xsdbm_id/CORE_XSDB.UUT_MASTER/U_ICON_INTERFACE/U_CMD6_RD/U_RD_FIFO/SUBCORE_FIFO.xsdbm_v3_0_0_rdfifo_inst/inst_fifo_gen/gconvfifo.rf/grf.rf/rstblk/ngwrdrst.grst.g7serrst.wr_rst_reg_reg[1]/C
                            (rising edge-triggered cell FDPE clocked by clk_fpga_0  {rise@0.000ns fall@5.000ns period=10.000ns})
  Destination:            dbg_hub/inst/BSCANID.u_xsdbm_id/CORE_XSDB.UUT_MASTER/U_ICON_INTERFACE/U_CMD6_RD/U_RD_FIFO/SUBCORE_FIFO.xsdbm_v3_0_0_rdfifo_inst/inst_fifo_gen/gconvfifo.rf/grf.rf/gntv_or_sync_fifo.gl0.wr/wpntr/gic0.gc0.count_d2_reg[3]/CLR
                            (removal check against rising-edge clock clk_fpga_0  {rise@0.000ns fall@5.000ns period=10.000ns})
  Path Group:             **async_default**
  Path Type:              Removal (Min at Fast Process Corner)
  Requirement:            0.000ns  (clk_fpga_0 rise@0.000ns - clk_fpga_0 rise@0.000ns)
  Data Path Delay:        0.315ns  (logic 0.141ns (44.768%)  route 0.174ns (55.232%))
  Logic Levels:           0  
  Clock Path Skew:        0.036ns (DCD - SCD - CPR)
    Destination Clock Delay (DCD):    1.222ns
    Source Clock Delay      (SCD):    0.923ns
    Clock Pessimism Removal (CPR):    0.263ns

    Location             Delay type                Incr(ns)  Path(ns)    Netlist Resource(s)
  -------------------------------------------------------------------    -------------------
                         (clock clk_fpga_0 rise edge)
                                                      0.000     0.000 r  
    PS7_X0Y0             PS7                          0.000     0.000 r  design_1_i/processing_system7_0/inst/PS7_i/FCLKCLK[0]
                         net (fo=1, routed)           0.310     0.310    design_1_i/processing_system7_0/inst/FCLK_CLK_unbuffered[0]
    BUFGCTRL_X0Y17       BUFG (Prop_bufg_I_O)         0.026     0.336 r  design_1_i/processing_system7_0/inst/buffer_fclk_clk_0.FCLK_CLK_0_BUFG/O
                         net (fo=12393, routed)       0.587     0.923    dbg_hub/inst/BSCANID.u_xsdbm_id/CORE_XSDB.UUT_MASTER/U_ICON_INTERFACE/U_CMD6_RD/U_RD_FIFO/SUBCORE_FIFO.xsdbm_v3_0_0_rdfifo_inst/inst_fifo_gen/gconvfifo.rf/grf.rf/rstblk/wr_clk
    SLICE_X69Y3          FDPE                                         r  dbg_hub/inst/BSCANID.u_xsdbm_id/CORE_XSDB.UUT_MASTER/U_ICON_INTERFACE/U_CMD6_RD/U_RD_FIFO/SUBCORE_FIFO.xsdbm_v3_0_0_rdfifo_inst/inst_fifo_gen/gconvfifo.rf/grf.rf/rstblk/ngwrdrst.grst.g7serrst.wr_rst_reg_reg[1]/C
  -------------------------------------------------------------------    -------------------
    SLICE_X69Y3          FDPE (Prop_fdpe_C_Q)         0.141     1.064 f  dbg_hub/inst/BSCANID.u_xsdbm_id/CORE_XSDB.UUT_MASTER/U_ICON_INTERFACE/U_CMD6_RD/U_RD_FIFO/SUBCORE_FIFO.xsdbm_v3_0_0_rdfifo_inst/inst_fifo_gen/gconvfifo.rf/grf.rf/rstblk/ngwrdrst.grst.g7serrst.wr_rst_reg_reg[1]/Q
                         net (fo=12, routed)          0.174     1.237    dbg_hub/inst/BSCANID.u_xsdbm_id/CORE_XSDB.UUT_MASTER/U_ICON_INTERFACE/U_CMD6_RD/U_RD_FIFO/SUBCORE_FIFO.xsdbm_v3_0_0_rdfifo_inst/inst_fifo_gen/gconvfifo.rf/grf.rf/gntv_or_sync_fifo.gl0.wr/wpntr/gic0.gc0.count_reg[0]_0[0]
    SLICE_X73Y2          FDCE                                         f  dbg_hub/inst/BSCANID.u_xsdbm_id/CORE_XSDB.UUT_MASTER/U_ICON_INTERFACE/U_CMD6_RD/U_RD_FIFO/SUBCORE_FIFO.xsdbm_v3_0_0_rdfifo_inst/inst_fifo_gen/gconvfifo.rf/grf.rf/gntv_or_sync_fifo.gl0.wr/wpntr/gic0.gc0.count_d2_reg[3]/CLR
  -------------------------------------------------------------------    -------------------

                         (clock clk_fpga_0 rise edge)
                                                      0.000     0.000 r  
    PS7_X0Y0             PS7                          0.000     0.000 r  design_1_i/processing_system7_0/inst/PS7_i/FCLKCLK[0]
                         net (fo=1, routed)           0.337     0.337    design_1_i/processing_system7_0/inst/FCLK_CLK_unbuffered[0]
    BUFGCTRL_X0Y17       BUFG (Prop_bufg_I_O)         0.029     0.366 r  design_1_i/processing_system7_0/inst/buffer_fclk_clk_0.FCLK_CLK_0_BUFG/O
                         net (fo=12393, routed)       0.856     1.222    dbg_hub/inst/BSCANID.u_xsdbm_id/CORE_XSDB.UUT_MASTER/U_ICON_INTERFACE/U_CMD6_RD/U_RD_FIFO/SUBCORE_FIFO.xsdbm_v3_0_0_rdfifo_inst/inst_fifo_gen/gconvfifo.rf/grf.rf/gntv_or_sync_fifo.gl0.wr/wpntr/wr_clk
    SLICE_X73Y2          FDCE                                         r  dbg_hub/inst/BSCANID.u_xsdbm_id/CORE_XSDB.UUT_MASTER/U_ICON_INTERFACE/U_CMD6_RD/U_RD_FIFO/SUBCORE_FIFO.xsdbm_v3_0_0_rdfifo_inst/inst_fifo_gen/gconvfifo.rf/grf.rf/gntv_or_sync_fifo.gl0.wr/wpntr/gic0.gc0.count_d2_reg[3]/C
                         clock pessimism             -0.263     0.959    
    SLICE_X73Y2          FDCE (Remov_fdce_C_CLR)     -0.092     0.867    dbg_hub/inst/BSCANID.u_xsdbm_id/CORE_XSDB.UUT_MASTER/U_ICON_INTERFACE/U_CMD6_RD/U_RD_FIFO/SUBCORE_FIFO.xsdbm_v3_0_0_rdfifo_inst/inst_fifo_gen/gconvfifo.rf/grf.rf/gntv_or_sync_fifo.gl0.wr/wpntr/gic0.gc0.count_d2_reg[3]
  -------------------------------------------------------------------
                         required time                         -0.867    
                         arrival time                           1.237    
  -------------------------------------------------------------------
                         slack                                  0.371    

Slack (MET) :             0.371ns  (arrival time - required time)
  Source:                 dbg_hub/inst/BSCANID.u_xsdbm_id/CORE_XSDB.UUT_MASTER/U_ICON_INTERFACE/U_CMD6_RD/U_RD_FIFO/SUBCORE_FIFO.xsdbm_v3_0_0_rdfifo_inst/inst_fifo_gen/gconvfifo.rf/grf.rf/rstblk/ngwrdrst.grst.g7serrst.wr_rst_reg_reg[1]/C
                            (rising edge-triggered cell FDPE clocked by clk_fpga_0  {rise@0.000ns fall@5.000ns period=10.000ns})
  Destination:            dbg_hub/inst/BSCANID.u_xsdbm_id/CORE_XSDB.UUT_MASTER/U_ICON_INTERFACE/U_CMD6_RD/U_RD_FIFO/SUBCORE_FIFO.xsdbm_v3_0_0_rdfifo_inst/inst_fifo_gen/gconvfifo.rf/grf.rf/gntv_or_sync_fifo.gl0.wr/wpntr/gic0.gc0.count_reg[2]/CLR
                            (removal check against rising-edge clock clk_fpga_0  {rise@0.000ns fall@5.000ns period=10.000ns})
  Path Group:             **async_default**
  Path Type:              Removal (Min at Fast Process Corner)
  Requirement:            0.000ns  (clk_fpga_0 rise@0.000ns - clk_fpga_0 rise@0.000ns)
  Data Path Delay:        0.315ns  (logic 0.141ns (44.768%)  route 0.174ns (55.232%))
  Logic Levels:           0  
  Clock Path Skew:        0.036ns (DCD - SCD - CPR)
    Destination Clock Delay (DCD):    1.222ns
    Source Clock Delay      (SCD):    0.923ns
    Clock Pessimism Removal (CPR):    0.263ns

    Location             Delay type                Incr(ns)  Path(ns)    Netlist Resource(s)
  -------------------------------------------------------------------    -------------------
                         (clock clk_fpga_0 rise edge)
                                                      0.000     0.000 r  
    PS7_X0Y0             PS7                          0.000     0.000 r  design_1_i/processing_system7_0/inst/PS7_i/FCLKCLK[0]
                         net (fo=1, routed)           0.310     0.310    design_1_i/processing_system7_0/inst/FCLK_CLK_unbuffered[0]
    BUFGCTRL_X0Y17       BUFG (Prop_bufg_I_O)         0.026     0.336 r  design_1_i/processing_system7_0/inst/buffer_fclk_clk_0.FCLK_CLK_0_BUFG/O
                         net (fo=12393, routed)       0.587     0.923    dbg_hub/inst/BSCANID.u_xsdbm_id/CORE_XSDB.UUT_MASTER/U_ICON_INTERFACE/U_CMD6_RD/U_RD_FIFO/SUBCORE_FIFO.xsdbm_v3_0_0_rdfifo_inst/inst_fifo_gen/gconvfifo.rf/grf.rf/rstblk/wr_clk
    SLICE_X69Y3          FDPE                                         r  dbg_hub/inst/BSCANID.u_xsdbm_id/CORE_XSDB.UUT_MASTER/U_ICON_INTERFACE/U_CMD6_RD/U_RD_FIFO/SUBCORE_FIFO.xsdbm_v3_0_0_rdfifo_inst/inst_fifo_gen/gconvfifo.rf/grf.rf/rstblk/ngwrdrst.grst.g7serrst.wr_rst_reg_reg[1]/C
  -------------------------------------------------------------------    -------------------
    SLICE_X69Y3          FDPE (Prop_fdpe_C_Q)         0.141     1.064 f  dbg_hub/inst/BSCANID.u_xsdbm_id/CORE_XSDB.UUT_MASTER/U_ICON_INTERFACE/U_CMD6_RD/U_RD_FIFO/SUBCORE_FIFO.xsdbm_v3_0_0_rdfifo_inst/inst_fifo_gen/gconvfifo.rf/grf.rf/rstblk/ngwrdrst.grst.g7serrst.wr_rst_reg_reg[1]/Q
                         net (fo=12, routed)          0.174     1.237    dbg_hub/inst/BSCANID.u_xsdbm_id/CORE_XSDB.UUT_MASTER/U_ICON_INTERFACE/U_CMD6_RD/U_RD_FIFO/SUBCORE_FIFO.xsdbm_v3_0_0_rdfifo_inst/inst_fifo_gen/gconvfifo.rf/grf.rf/gntv_or_sync_fifo.gl0.wr/wpntr/gic0.gc0.count_reg[0]_0[0]
    SLICE_X73Y2          FDCE                                         f  dbg_hub/inst/BSCANID.u_xsdbm_id/CORE_XSDB.UUT_MASTER/U_ICON_INTERFACE/U_CMD6_RD/U_RD_FIFO/SUBCORE_FIFO.xsdbm_v3_0_0_rdfifo_inst/inst_fifo_gen/gconvfifo.rf/grf.rf/gntv_or_sync_fifo.gl0.wr/wpntr/gic0.gc0.count_reg[2]/CLR
  -------------------------------------------------------------------    -------------------

                         (clock clk_fpga_0 rise edge)
                                                      0.000     0.000 r  
    PS7_X0Y0             PS7                          0.000     0.000 r  design_1_i/processing_system7_0/inst/PS7_i/FCLKCLK[0]
                         net (fo=1, routed)           0.337     0.337    design_1_i/processing_system7_0/inst/FCLK_CLK_unbuffered[0]
    BUFGCTRL_X0Y17       BUFG (Prop_bufg_I_O)         0.029     0.366 r  design_1_i/processing_system7_0/inst/buffer_fclk_clk_0.FCLK_CLK_0_BUFG/O
                         net (fo=12393, routed)       0.856     1.222    dbg_hub/inst/BSCANID.u_xsdbm_id/CORE_XSDB.UUT_MASTER/U_ICON_INTERFACE/U_CMD6_RD/U_RD_FIFO/SUBCORE_FIFO.xsdbm_v3_0_0_rdfifo_inst/inst_fifo_gen/gconvfifo.rf/grf.rf/gntv_or_sync_fifo.gl0.wr/wpntr/wr_clk
    SLICE_X73Y2          FDCE                                         r  dbg_hub/inst/BSCANID.u_xsdbm_id/CORE_XSDB.UUT_MASTER/U_ICON_INTERFACE/U_CMD6_RD/U_RD_FIFO/SUBCORE_FIFO.xsdbm_v3_0_0_rdfifo_inst/inst_fifo_gen/gconvfifo.rf/grf.rf/gntv_or_sync_fifo.gl0.wr/wpntr/gic0.gc0.count_reg[2]/C
                         clock pessimism             -0.263     0.959    
    SLICE_X73Y2          FDCE (Remov_fdce_C_CLR)     -0.092     0.867    dbg_hub/inst/BSCANID.u_xsdbm_id/CORE_XSDB.UUT_MASTER/U_ICON_INTERFACE/U_CMD6_RD/U_RD_FIFO/SUBCORE_FIFO.xsdbm_v3_0_0_rdfifo_inst/inst_fifo_gen/gconvfifo.rf/grf.rf/gntv_or_sync_fifo.gl0.wr/wpntr/gic0.gc0.count_reg[2]
  -------------------------------------------------------------------
                         required time                         -0.867    
                         arrival time                           1.237    
  -------------------------------------------------------------------
                         slack                                  0.371    

Slack (MET) :             0.371ns  (arrival time - required time)
  Source:                 dbg_hub/inst/BSCANID.u_xsdbm_id/CORE_XSDB.UUT_MASTER/U_ICON_INTERFACE/U_CMD6_RD/U_RD_FIFO/SUBCORE_FIFO.xsdbm_v3_0_0_rdfifo_inst/inst_fifo_gen/gconvfifo.rf/grf.rf/rstblk/ngwrdrst.grst.g7serrst.wr_rst_reg_reg[1]/C
                            (rising edge-triggered cell FDPE clocked by clk_fpga_0  {rise@0.000ns fall@5.000ns period=10.000ns})
  Destination:            dbg_hub/inst/BSCANID.u_xsdbm_id/CORE_XSDB.UUT_MASTER/U_ICON_INTERFACE/U_CMD6_RD/U_RD_FIFO/SUBCORE_FIFO.xsdbm_v3_0_0_rdfifo_inst/inst_fifo_gen/gconvfifo.rf/grf.rf/gntv_or_sync_fifo.gl0.wr/wpntr/gic0.gc0.count_reg[3]/CLR
                            (removal check against rising-edge clock clk_fpga_0  {rise@0.000ns fall@5.000ns period=10.000ns})
  Path Group:             **async_default**
  Path Type:              Removal (Min at Fast Process Corner)
  Requirement:            0.000ns  (clk_fpga_0 rise@0.000ns - clk_fpga_0 rise@0.000ns)
  Data Path Delay:        0.315ns  (logic 0.141ns (44.768%)  route 0.174ns (55.232%))
  Logic Levels:           0  
  Clock Path Skew:        0.036ns (DCD - SCD - CPR)
    Destination Clock Delay (DCD):    1.222ns
    Source Clock Delay      (SCD):    0.923ns
    Clock Pessimism Removal (CPR):    0.263ns

    Location             Delay type                Incr(ns)  Path(ns)    Netlist Resource(s)
  -------------------------------------------------------------------    -------------------
                         (clock clk_fpga_0 rise edge)
                                                      0.000     0.000 r  
    PS7_X0Y0             PS7                          0.000     0.000 r  design_1_i/processing_system7_0/inst/PS7_i/FCLKCLK[0]
                         net (fo=1, routed)           0.310     0.310    design_1_i/processing_system7_0/inst/FCLK_CLK_unbuffered[0]
    BUFGCTRL_X0Y17       BUFG (Prop_bufg_I_O)         0.026     0.336 r  design_1_i/processing_system7_0/inst/buffer_fclk_clk_0.FCLK_CLK_0_BUFG/O
                         net (fo=12393, routed)       0.587     0.923    dbg_hub/inst/BSCANID.u_xsdbm_id/CORE_XSDB.UUT_MASTER/U_ICON_INTERFACE/U_CMD6_RD/U_RD_FIFO/SUBCORE_FIFO.xsdbm_v3_0_0_rdfifo_inst/inst_fifo_gen/gconvfifo.rf/grf.rf/rstblk/wr_clk
    SLICE_X69Y3          FDPE                                         r  dbg_hub/inst/BSCANID.u_xsdbm_id/CORE_XSDB.UUT_MASTER/U_ICON_INTERFACE/U_CMD6_RD/U_RD_FIFO/SUBCORE_FIFO.xsdbm_v3_0_0_rdfifo_inst/inst_fifo_gen/gconvfifo.rf/grf.rf/rstblk/ngwrdrst.grst.g7serrst.wr_rst_reg_reg[1]/C
  -------------------------------------------------------------------    -------------------
    SLICE_X69Y3          FDPE (Prop_fdpe_C_Q)         0.141     1.064 f  dbg_hub/inst/BSCANID.u_xsdbm_id/CORE_XSDB.UUT_MASTER/U_ICON_INTERFACE/U_CMD6_RD/U_RD_FIFO/SUBCORE_FIFO.xsdbm_v3_0_0_rdfifo_inst/inst_fifo_gen/gconvfifo.rf/grf.rf/rstblk/ngwrdrst.grst.g7serrst.wr_rst_reg_reg[1]/Q
                         net (fo=12, routed)          0.174     1.237    dbg_hub/inst/BSCANID.u_xsdbm_id/CORE_XSDB.UUT_MASTER/U_ICON_INTERFACE/U_CMD6_RD/U_RD_FIFO/SUBCORE_FIFO.xsdbm_v3_0_0_rdfifo_inst/inst_fifo_gen/gconvfifo.rf/grf.rf/gntv_or_sync_fifo.gl0.wr/wpntr/gic0.gc0.count_reg[0]_0[0]
    SLICE_X73Y2          FDCE                                         f  dbg_hub/inst/BSCANID.u_xsdbm_id/CORE_XSDB.UUT_MASTER/U_ICON_INTERFACE/U_CMD6_RD/U_RD_FIFO/SUBCORE_FIFO.xsdbm_v3_0_0_rdfifo_inst/inst_fifo_gen/gconvfifo.rf/grf.rf/gntv_or_sync_fifo.gl0.wr/wpntr/gic0.gc0.count_reg[3]/CLR
  -------------------------------------------------------------------    -------------------

                         (clock clk_fpga_0 rise edge)
                                                      0.000     0.000 r  
    PS7_X0Y0             PS7                          0.000     0.000 r  design_1_i/processing_system7_0/inst/PS7_i/FCLKCLK[0]
                         net (fo=1, routed)           0.337     0.337    design_1_i/processing_system7_0/inst/FCLK_CLK_unbuffered[0]
    BUFGCTRL_X0Y17       BUFG (Prop_bufg_I_O)         0.029     0.366 r  design_1_i/processing_system7_0/inst/buffer_fclk_clk_0.FCLK_CLK_0_BUFG/O
                         net (fo=12393, routed)       0.856     1.222    dbg_hub/inst/BSCANID.u_xsdbm_id/CORE_XSDB.UUT_MASTER/U_ICON_INTERFACE/U_CMD6_RD/U_RD_FIFO/SUBCORE_FIFO.xsdbm_v3_0_0_rdfifo_inst/inst_fifo_gen/gconvfifo.rf/grf.rf/gntv_or_sync_fifo.gl0.wr/wpntr/wr_clk
    SLICE_X73Y2          FDCE                                         r  dbg_hub/inst/BSCANID.u_xsdbm_id/CORE_XSDB.UUT_MASTER/U_ICON_INTERFACE/U_CMD6_RD/U_RD_FIFO/SUBCORE_FIFO.xsdbm_v3_0_0_rdfifo_inst/inst_fifo_gen/gconvfifo.rf/grf.rf/gntv_or_sync_fifo.gl0.wr/wpntr/gic0.gc0.count_reg[3]/C
                         clock pessimism             -0.263     0.959    
    SLICE_X73Y2          FDCE (Remov_fdce_C_CLR)     -0.092     0.867    dbg_hub/inst/BSCANID.u_xsdbm_id/CORE_XSDB.UUT_MASTER/U_ICON_INTERFACE/U_CMD6_RD/U_RD_FIFO/SUBCORE_FIFO.xsdbm_v3_0_0_rdfifo_inst/inst_fifo_gen/gconvfifo.rf/grf.rf/gntv_or_sync_fifo.gl0.wr/wpntr/gic0.gc0.count_reg[3]
  -------------------------------------------------------------------
                         required time                         -0.867    
                         arrival time                           1.237    
  -------------------------------------------------------------------
                         slack                                  0.371    





---------------------------------------------------------------------------------------------------
Path Group:  **async_default**
From Clock:  dbg_hub/inst/BSCANID.u_xsdbm_id/SWITCH_N_EXT_BSCAN.bscan_inst/SERIES7_BSCAN.bscan_inst/TCK
  To Clock:  dbg_hub/inst/BSCANID.u_xsdbm_id/SWITCH_N_EXT_BSCAN.bscan_inst/SERIES7_BSCAN.bscan_inst/TCK

Setup :            0  Failing Endpoints,  Worst Slack       28.545ns,  Total Violation        0.000ns
Hold  :            0  Failing Endpoints,  Worst Slack        0.346ns,  Total Violation        0.000ns
---------------------------------------------------------------------------------------------------


Max Delay Paths
--------------------------------------------------------------------------------------
Slack (MET) :             28.545ns  (required time - arrival time)
  Source:                 dbg_hub/inst/BSCANID.u_xsdbm_id/SWITCH_N_EXT_BSCAN.bscan_switch/portno_reg[1]/C
                            (rising edge-triggered cell FDRE clocked by dbg_hub/inst/BSCANID.u_xsdbm_id/SWITCH_N_EXT_BSCAN.bscan_inst/SERIES7_BSCAN.bscan_inst/TCK  {rise@0.000ns fall@16.500ns period=33.000ns})
  Destination:            dbg_hub/inst/BSCANID.u_xsdbm_id/CORE_XSDB.U_ICON/U_CMD/iTARGET_reg[12]/CLR
                            (recovery check against rising-edge clock dbg_hub/inst/BSCANID.u_xsdbm_id/SWITCH_N_EXT_BSCAN.bscan_inst/SERIES7_BSCAN.bscan_inst/TCK  {rise@0.000ns fall@16.500ns period=33.000ns})
  Path Group:             **async_default**
  Path Type:              Recovery (Max at Slow Process Corner)
  Requirement:            33.000ns  (dbg_hub/inst/BSCANID.u_xsdbm_id/SWITCH_N_EXT_BSCAN.bscan_inst/SERIES7_BSCAN.bscan_inst/TCK rise@33.000ns - dbg_hub/inst/BSCANID.u_xsdbm_id/SWITCH_N_EXT_BSCAN.bscan_inst/SERIES7_BSCAN.bscan_inst/TCK rise@0.000ns)
  Data Path Delay:        3.953ns  (logic 1.027ns (25.983%)  route 2.926ns (74.017%))
  Logic Levels:           3  (LUT1=1 LUT4=1 LUT6=1)
  Clock Path Skew:        -0.062ns (DCD - SCD + CPR)
    Destination Clock Delay (DCD):    3.502ns = ( 36.502 - 33.000 ) 
    Source Clock Delay      (SCD):    3.971ns
    Clock Pessimism Removal (CPR):    0.407ns
  Clock Uncertainty:      0.035ns  ((TSJ^2 + TIJ^2)^1/2 + DJ) / 2 + PE
    Total System Jitter     (TSJ):    0.071ns
    Total Input Jitter      (TIJ):    0.000ns
    Discrete Jitter          (DJ):    0.000ns
    Phase Error              (PE):    0.000ns

    Location             Delay type                Incr(ns)  Path(ns)    Netlist Resource(s)
  -------------------------------------------------------------------    -------------------
                         (clock dbg_hub/inst/BSCANID.u_xsdbm_id/SWITCH_N_EXT_BSCAN.bscan_inst/SERIES7_BSCAN.bscan_inst/TCK rise edge)
                                                      0.000     0.000 r  
    BSCAN_X0Y0           BSCANE2                      0.000     0.000 r  dbg_hub/inst/BSCANID.u_xsdbm_id/SWITCH_N_EXT_BSCAN.bscan_inst/SERIES7_BSCAN.bscan_inst/TCK
                         net (fo=1, routed)           2.131     2.131    dbg_hub/inst/BSCANID.u_xsdbm_id/tck_bs
    BUFGCTRL_X0Y16       BUFG (Prop_bufg_I_O)         0.101     2.232 r  dbg_hub/inst/BSCANID.u_xsdbm_id/SWITCH_N_EXT_BSCAN.u_bufg_icon_tck/O
                         net (fo=482, routed)         1.739     3.971    dbg_hub/inst/BSCANID.u_xsdbm_id/SWITCH_N_EXT_BSCAN.bscan_switch/s_bscan_tck
    SLICE_X84Y3          FDRE                                         r  dbg_hub/inst/BSCANID.u_xsdbm_id/SWITCH_N_EXT_BSCAN.bscan_switch/portno_reg[1]/C
  -------------------------------------------------------------------    -------------------
    SLICE_X84Y3          FDRE (Prop_fdre_C_Q)         0.456     4.427 f  dbg_hub/inst/BSCANID.u_xsdbm_id/SWITCH_N_EXT_BSCAN.bscan_switch/portno_reg[1]/Q
                         net (fo=1, routed)           0.856     5.283    dbg_hub/inst/BSCANID.u_xsdbm_id/SWITCH_N_EXT_BSCAN.bscan_switch/portno[1]
    SLICE_X84Y3          LUT6 (Prop_lut6_I3_O)        0.124     5.407 f  dbg_hub/inst/BSCANID.u_xsdbm_id/SWITCH_N_EXT_BSCAN.bscan_switch/m_bscan_drck[0]_INST_0_i_1/O
                         net (fo=5, routed)           0.435     5.842    dbg_hub/inst/BSCANID.u_xsdbm_id/SWITCH_N_EXT_BSCAN.bscan_switch/m_bscan_drck[0]_INST_0_i_1_n_0
    SLICE_X85Y2          LUT4 (Prop_lut4_I3_O)        0.120     5.962 r  dbg_hub/inst/BSCANID.u_xsdbm_id/SWITCH_N_EXT_BSCAN.bscan_switch/m_bscan_sel[0]_INST_0/O
                         net (fo=2, routed)           0.817     6.779    dbg_hub/inst/BSCANID.u_xsdbm_id/CORE_XSDB.U_ICON/U_CMD/iTARGET_reg[6]_0
    SLICE_X84Y2          LUT1 (Prop_lut1_I0_O)        0.327     7.106 f  dbg_hub/inst/BSCANID.u_xsdbm_id/CORE_XSDB.U_ICON/U_CMD/iTARGET[15]_i_2/O
                         net (fo=10, routed)          0.818     7.924    dbg_hub/inst/BSCANID.u_xsdbm_id/CORE_XSDB.U_ICON/U_CMD/iSEL_n
    SLICE_X79Y2          FDCE                                         f  dbg_hub/inst/BSCANID.u_xsdbm_id/CORE_XSDB.U_ICON/U_CMD/iTARGET_reg[12]/CLR
  -------------------------------------------------------------------    -------------------

                         (clock dbg_hub/inst/BSCANID.u_xsdbm_id/SWITCH_N_EXT_BSCAN.bscan_inst/SERIES7_BSCAN.bscan_inst/TCK rise edge)
                                                     33.000    33.000 r  
    BSCAN_X0Y0           BSCANE2                      0.000    33.000 r  dbg_hub/inst/BSCANID.u_xsdbm_id/SWITCH_N_EXT_BSCAN.bscan_inst/SERIES7_BSCAN.bscan_inst/TCK
                         net (fo=1, routed)           1.849    34.849    dbg_hub/inst/BSCANID.u_xsdbm_id/tck_bs
    BUFGCTRL_X0Y16       BUFG (Prop_bufg_I_O)         0.091    34.940 r  dbg_hub/inst/BSCANID.u_xsdbm_id/SWITCH_N_EXT_BSCAN.u_bufg_icon_tck/O
                         net (fo=482, routed)         1.562    36.502    dbg_hub/inst/BSCANID.u_xsdbm_id/CORE_XSDB.U_ICON/U_CMD/m_bscan_tck[0]
    SLICE_X79Y2          FDCE                                         r  dbg_hub/inst/BSCANID.u_xsdbm_id/CORE_XSDB.U_ICON/U_CMD/iTARGET_reg[12]/C
                         clock pessimism              0.407    36.909    
                         clock uncertainty           -0.035    36.874    
    SLICE_X79Y2          FDCE (Recov_fdce_C_CLR)     -0.405    36.469    dbg_hub/inst/BSCANID.u_xsdbm_id/CORE_XSDB.U_ICON/U_CMD/iTARGET_reg[12]
  -------------------------------------------------------------------
                         required time                         36.469    
                         arrival time                          -7.924    
  -------------------------------------------------------------------
                         slack                                 28.545    

Slack (MET) :             28.545ns  (required time - arrival time)
  Source:                 dbg_hub/inst/BSCANID.u_xsdbm_id/SWITCH_N_EXT_BSCAN.bscan_switch/portno_reg[1]/C
                            (rising edge-triggered cell FDRE clocked by dbg_hub/inst/BSCANID.u_xsdbm_id/SWITCH_N_EXT_BSCAN.bscan_inst/SERIES7_BSCAN.bscan_inst/TCK  {rise@0.000ns fall@16.500ns period=33.000ns})
  Destination:            dbg_hub/inst/BSCANID.u_xsdbm_id/CORE_XSDB.U_ICON/U_CMD/iTARGET_reg[13]/CLR
                            (recovery check against rising-edge clock dbg_hub/inst/BSCANID.u_xsdbm_id/SWITCH_N_EXT_BSCAN.bscan_inst/SERIES7_BSCAN.bscan_inst/TCK  {rise@0.000ns fall@16.500ns period=33.000ns})
  Path Group:             **async_default**
  Path Type:              Recovery (Max at Slow Process Corner)
  Requirement:            33.000ns  (dbg_hub/inst/BSCANID.u_xsdbm_id/SWITCH_N_EXT_BSCAN.bscan_inst/SERIES7_BSCAN.bscan_inst/TCK rise@33.000ns - dbg_hub/inst/BSCANID.u_xsdbm_id/SWITCH_N_EXT_BSCAN.bscan_inst/SERIES7_BSCAN.bscan_inst/TCK rise@0.000ns)
  Data Path Delay:        3.953ns  (logic 1.027ns (25.983%)  route 2.926ns (74.017%))
  Logic Levels:           3  (LUT1=1 LUT4=1 LUT6=1)
  Clock Path Skew:        -0.062ns (DCD - SCD + CPR)
    Destination Clock Delay (DCD):    3.502ns = ( 36.502 - 33.000 ) 
    Source Clock Delay      (SCD):    3.971ns
    Clock Pessimism Removal (CPR):    0.407ns
  Clock Uncertainty:      0.035ns  ((TSJ^2 + TIJ^2)^1/2 + DJ) / 2 + PE
    Total System Jitter     (TSJ):    0.071ns
    Total Input Jitter      (TIJ):    0.000ns
    Discrete Jitter          (DJ):    0.000ns
    Phase Error              (PE):    0.000ns

    Location             Delay type                Incr(ns)  Path(ns)    Netlist Resource(s)
  -------------------------------------------------------------------    -------------------
                         (clock dbg_hub/inst/BSCANID.u_xsdbm_id/SWITCH_N_EXT_BSCAN.bscan_inst/SERIES7_BSCAN.bscan_inst/TCK rise edge)
                                                      0.000     0.000 r  
    BSCAN_X0Y0           BSCANE2                      0.000     0.000 r  dbg_hub/inst/BSCANID.u_xsdbm_id/SWITCH_N_EXT_BSCAN.bscan_inst/SERIES7_BSCAN.bscan_inst/TCK
                         net (fo=1, routed)           2.131     2.131    dbg_hub/inst/BSCANID.u_xsdbm_id/tck_bs
    BUFGCTRL_X0Y16       BUFG (Prop_bufg_I_O)         0.101     2.232 r  dbg_hub/inst/BSCANID.u_xsdbm_id/SWITCH_N_EXT_BSCAN.u_bufg_icon_tck/O
                         net (fo=482, routed)         1.739     3.971    dbg_hub/inst/BSCANID.u_xsdbm_id/SWITCH_N_EXT_BSCAN.bscan_switch/s_bscan_tck
    SLICE_X84Y3          FDRE                                         r  dbg_hub/inst/BSCANID.u_xsdbm_id/SWITCH_N_EXT_BSCAN.bscan_switch/portno_reg[1]/C
  -------------------------------------------------------------------    -------------------
    SLICE_X84Y3          FDRE (Prop_fdre_C_Q)         0.456     4.427 f  dbg_hub/inst/BSCANID.u_xsdbm_id/SWITCH_N_EXT_BSCAN.bscan_switch/portno_reg[1]/Q
                         net (fo=1, routed)           0.856     5.283    dbg_hub/inst/BSCANID.u_xsdbm_id/SWITCH_N_EXT_BSCAN.bscan_switch/portno[1]
    SLICE_X84Y3          LUT6 (Prop_lut6_I3_O)        0.124     5.407 f  dbg_hub/inst/BSCANID.u_xsdbm_id/SWITCH_N_EXT_BSCAN.bscan_switch/m_bscan_drck[0]_INST_0_i_1/O
                         net (fo=5, routed)           0.435     5.842    dbg_hub/inst/BSCANID.u_xsdbm_id/SWITCH_N_EXT_BSCAN.bscan_switch/m_bscan_drck[0]_INST_0_i_1_n_0
    SLICE_X85Y2          LUT4 (Prop_lut4_I3_O)        0.120     5.962 r  dbg_hub/inst/BSCANID.u_xsdbm_id/SWITCH_N_EXT_BSCAN.bscan_switch/m_bscan_sel[0]_INST_0/O
                         net (fo=2, routed)           0.817     6.779    dbg_hub/inst/BSCANID.u_xsdbm_id/CORE_XSDB.U_ICON/U_CMD/iTARGET_reg[6]_0
    SLICE_X84Y2          LUT1 (Prop_lut1_I0_O)        0.327     7.106 f  dbg_hub/inst/BSCANID.u_xsdbm_id/CORE_XSDB.U_ICON/U_CMD/iTARGET[15]_i_2/O
                         net (fo=10, routed)          0.818     7.924    dbg_hub/inst/BSCANID.u_xsdbm_id/CORE_XSDB.U_ICON/U_CMD/iSEL_n
    SLICE_X79Y2          FDCE                                         f  dbg_hub/inst/BSCANID.u_xsdbm_id/CORE_XSDB.U_ICON/U_CMD/iTARGET_reg[13]/CLR
  -------------------------------------------------------------------    -------------------

                         (clock dbg_hub/inst/BSCANID.u_xsdbm_id/SWITCH_N_EXT_BSCAN.bscan_inst/SERIES7_BSCAN.bscan_inst/TCK rise edge)
                                                     33.000    33.000 r  
    BSCAN_X0Y0           BSCANE2                      0.000    33.000 r  dbg_hub/inst/BSCANID.u_xsdbm_id/SWITCH_N_EXT_BSCAN.bscan_inst/SERIES7_BSCAN.bscan_inst/TCK
                         net (fo=1, routed)           1.849    34.849    dbg_hub/inst/BSCANID.u_xsdbm_id/tck_bs
    BUFGCTRL_X0Y16       BUFG (Prop_bufg_I_O)         0.091    34.940 r  dbg_hub/inst/BSCANID.u_xsdbm_id/SWITCH_N_EXT_BSCAN.u_bufg_icon_tck/O
                         net (fo=482, routed)         1.562    36.502    dbg_hub/inst/BSCANID.u_xsdbm_id/CORE_XSDB.U_ICON/U_CMD/m_bscan_tck[0]
    SLICE_X79Y2          FDCE                                         r  dbg_hub/inst/BSCANID.u_xsdbm_id/CORE_XSDB.U_ICON/U_CMD/iTARGET_reg[13]/C
                         clock pessimism              0.407    36.909    
                         clock uncertainty           -0.035    36.874    
    SLICE_X79Y2          FDCE (Recov_fdce_C_CLR)     -0.405    36.469    dbg_hub/inst/BSCANID.u_xsdbm_id/CORE_XSDB.U_ICON/U_CMD/iTARGET_reg[13]
  -------------------------------------------------------------------
                         required time                         36.469    
                         arrival time                          -7.924    
  -------------------------------------------------------------------
                         slack                                 28.545    

Slack (MET) :             28.545ns  (required time - arrival time)
  Source:                 dbg_hub/inst/BSCANID.u_xsdbm_id/SWITCH_N_EXT_BSCAN.bscan_switch/portno_reg[1]/C
                            (rising edge-triggered cell FDRE clocked by dbg_hub/inst/BSCANID.u_xsdbm_id/SWITCH_N_EXT_BSCAN.bscan_inst/SERIES7_BSCAN.bscan_inst/TCK  {rise@0.000ns fall@16.500ns period=33.000ns})
  Destination:            dbg_hub/inst/BSCANID.u_xsdbm_id/CORE_XSDB.U_ICON/U_CMD/iTARGET_reg[14]/CLR
                            (recovery check against rising-edge clock dbg_hub/inst/BSCANID.u_xsdbm_id/SWITCH_N_EXT_BSCAN.bscan_inst/SERIES7_BSCAN.bscan_inst/TCK  {rise@0.000ns fall@16.500ns period=33.000ns})
  Path Group:             **async_default**
  Path Type:              Recovery (Max at Slow Process Corner)
  Requirement:            33.000ns  (dbg_hub/inst/BSCANID.u_xsdbm_id/SWITCH_N_EXT_BSCAN.bscan_inst/SERIES7_BSCAN.bscan_inst/TCK rise@33.000ns - dbg_hub/inst/BSCANID.u_xsdbm_id/SWITCH_N_EXT_BSCAN.bscan_inst/SERIES7_BSCAN.bscan_inst/TCK rise@0.000ns)
  Data Path Delay:        3.953ns  (logic 1.027ns (25.983%)  route 2.926ns (74.017%))
  Logic Levels:           3  (LUT1=1 LUT4=1 LUT6=1)
  Clock Path Skew:        -0.062ns (DCD - SCD + CPR)
    Destination Clock Delay (DCD):    3.502ns = ( 36.502 - 33.000 ) 
    Source Clock Delay      (SCD):    3.971ns
    Clock Pessimism Removal (CPR):    0.407ns
  Clock Uncertainty:      0.035ns  ((TSJ^2 + TIJ^2)^1/2 + DJ) / 2 + PE
    Total System Jitter     (TSJ):    0.071ns
    Total Input Jitter      (TIJ):    0.000ns
    Discrete Jitter          (DJ):    0.000ns
    Phase Error              (PE):    0.000ns

    Location             Delay type                Incr(ns)  Path(ns)    Netlist Resource(s)
  -------------------------------------------------------------------    -------------------
                         (clock dbg_hub/inst/BSCANID.u_xsdbm_id/SWITCH_N_EXT_BSCAN.bscan_inst/SERIES7_BSCAN.bscan_inst/TCK rise edge)
                                                      0.000     0.000 r  
    BSCAN_X0Y0           BSCANE2                      0.000     0.000 r  dbg_hub/inst/BSCANID.u_xsdbm_id/SWITCH_N_EXT_BSCAN.bscan_inst/SERIES7_BSCAN.bscan_inst/TCK
                         net (fo=1, routed)           2.131     2.131    dbg_hub/inst/BSCANID.u_xsdbm_id/tck_bs
    BUFGCTRL_X0Y16       BUFG (Prop_bufg_I_O)         0.101     2.232 r  dbg_hub/inst/BSCANID.u_xsdbm_id/SWITCH_N_EXT_BSCAN.u_bufg_icon_tck/O
                         net (fo=482, routed)         1.739     3.971    dbg_hub/inst/BSCANID.u_xsdbm_id/SWITCH_N_EXT_BSCAN.bscan_switch/s_bscan_tck
    SLICE_X84Y3          FDRE                                         r  dbg_hub/inst/BSCANID.u_xsdbm_id/SWITCH_N_EXT_BSCAN.bscan_switch/portno_reg[1]/C
  -------------------------------------------------------------------    -------------------
    SLICE_X84Y3          FDRE (Prop_fdre_C_Q)         0.456     4.427 f  dbg_hub/inst/BSCANID.u_xsdbm_id/SWITCH_N_EXT_BSCAN.bscan_switch/portno_reg[1]/Q
                         net (fo=1, routed)           0.856     5.283    dbg_hub/inst/BSCANID.u_xsdbm_id/SWITCH_N_EXT_BSCAN.bscan_switch/portno[1]
    SLICE_X84Y3          LUT6 (Prop_lut6_I3_O)        0.124     5.407 f  dbg_hub/inst/BSCANID.u_xsdbm_id/SWITCH_N_EXT_BSCAN.bscan_switch/m_bscan_drck[0]_INST_0_i_1/O
                         net (fo=5, routed)           0.435     5.842    dbg_hub/inst/BSCANID.u_xsdbm_id/SWITCH_N_EXT_BSCAN.bscan_switch/m_bscan_drck[0]_INST_0_i_1_n_0
    SLICE_X85Y2          LUT4 (Prop_lut4_I3_O)        0.120     5.962 r  dbg_hub/inst/BSCANID.u_xsdbm_id/SWITCH_N_EXT_BSCAN.bscan_switch/m_bscan_sel[0]_INST_0/O
                         net (fo=2, routed)           0.817     6.779    dbg_hub/inst/BSCANID.u_xsdbm_id/CORE_XSDB.U_ICON/U_CMD/iTARGET_reg[6]_0
    SLICE_X84Y2          LUT1 (Prop_lut1_I0_O)        0.327     7.106 f  dbg_hub/inst/BSCANID.u_xsdbm_id/CORE_XSDB.U_ICON/U_CMD/iTARGET[15]_i_2/O
                         net (fo=10, routed)          0.818     7.924    dbg_hub/inst/BSCANID.u_xsdbm_id/CORE_XSDB.U_ICON/U_CMD/iSEL_n
    SLICE_X79Y2          FDCE                                         f  dbg_hub/inst/BSCANID.u_xsdbm_id/CORE_XSDB.U_ICON/U_CMD/iTARGET_reg[14]/CLR
  -------------------------------------------------------------------    -------------------

                         (clock dbg_hub/inst/BSCANID.u_xsdbm_id/SWITCH_N_EXT_BSCAN.bscan_inst/SERIES7_BSCAN.bscan_inst/TCK rise edge)
                                                     33.000    33.000 r  
    BSCAN_X0Y0           BSCANE2                      0.000    33.000 r  dbg_hub/inst/BSCANID.u_xsdbm_id/SWITCH_N_EXT_BSCAN.bscan_inst/SERIES7_BSCAN.bscan_inst/TCK
                         net (fo=1, routed)           1.849    34.849    dbg_hub/inst/BSCANID.u_xsdbm_id/tck_bs
    BUFGCTRL_X0Y16       BUFG (Prop_bufg_I_O)         0.091    34.940 r  dbg_hub/inst/BSCANID.u_xsdbm_id/SWITCH_N_EXT_BSCAN.u_bufg_icon_tck/O
                         net (fo=482, routed)         1.562    36.502    dbg_hub/inst/BSCANID.u_xsdbm_id/CORE_XSDB.U_ICON/U_CMD/m_bscan_tck[0]
    SLICE_X79Y2          FDCE                                         r  dbg_hub/inst/BSCANID.u_xsdbm_id/CORE_XSDB.U_ICON/U_CMD/iTARGET_reg[14]/C
                         clock pessimism              0.407    36.909    
                         clock uncertainty           -0.035    36.874    
    SLICE_X79Y2          FDCE (Recov_fdce_C_CLR)     -0.405    36.469    dbg_hub/inst/BSCANID.u_xsdbm_id/CORE_XSDB.U_ICON/U_CMD/iTARGET_reg[14]
  -------------------------------------------------------------------
                         required time                         36.469    
                         arrival time                          -7.924    
  -------------------------------------------------------------------
                         slack                                 28.545    

Slack (MET) :             28.545ns  (required time - arrival time)
  Source:                 dbg_hub/inst/BSCANID.u_xsdbm_id/SWITCH_N_EXT_BSCAN.bscan_switch/portno_reg[1]/C
                            (rising edge-triggered cell FDRE clocked by dbg_hub/inst/BSCANID.u_xsdbm_id/SWITCH_N_EXT_BSCAN.bscan_inst/SERIES7_BSCAN.bscan_inst/TCK  {rise@0.000ns fall@16.500ns period=33.000ns})
  Destination:            dbg_hub/inst/BSCANID.u_xsdbm_id/CORE_XSDB.U_ICON/U_CMD/iTARGET_reg[15]/CLR
                            (recovery check against rising-edge clock dbg_hub/inst/BSCANID.u_xsdbm_id/SWITCH_N_EXT_BSCAN.bscan_inst/SERIES7_BSCAN.bscan_inst/TCK  {rise@0.000ns fall@16.500ns period=33.000ns})
  Path Group:             **async_default**
  Path Type:              Recovery (Max at Slow Process Corner)
  Requirement:            33.000ns  (dbg_hub/inst/BSCANID.u_xsdbm_id/SWITCH_N_EXT_BSCAN.bscan_inst/SERIES7_BSCAN.bscan_inst/TCK rise@33.000ns - dbg_hub/inst/BSCANID.u_xsdbm_id/SWITCH_N_EXT_BSCAN.bscan_inst/SERIES7_BSCAN.bscan_inst/TCK rise@0.000ns)
  Data Path Delay:        3.953ns  (logic 1.027ns (25.983%)  route 2.926ns (74.017%))
  Logic Levels:           3  (LUT1=1 LUT4=1 LUT6=1)
  Clock Path Skew:        -0.062ns (DCD - SCD + CPR)
    Destination Clock Delay (DCD):    3.502ns = ( 36.502 - 33.000 ) 
    Source Clock Delay      (SCD):    3.971ns
    Clock Pessimism Removal (CPR):    0.407ns
  Clock Uncertainty:      0.035ns  ((TSJ^2 + TIJ^2)^1/2 + DJ) / 2 + PE
    Total System Jitter     (TSJ):    0.071ns
    Total Input Jitter      (TIJ):    0.000ns
    Discrete Jitter          (DJ):    0.000ns
    Phase Error              (PE):    0.000ns

    Location             Delay type                Incr(ns)  Path(ns)    Netlist Resource(s)
  -------------------------------------------------------------------    -------------------
                         (clock dbg_hub/inst/BSCANID.u_xsdbm_id/SWITCH_N_EXT_BSCAN.bscan_inst/SERIES7_BSCAN.bscan_inst/TCK rise edge)
                                                      0.000     0.000 r  
    BSCAN_X0Y0           BSCANE2                      0.000     0.000 r  dbg_hub/inst/BSCANID.u_xsdbm_id/SWITCH_N_EXT_BSCAN.bscan_inst/SERIES7_BSCAN.bscan_inst/TCK
                         net (fo=1, routed)           2.131     2.131    dbg_hub/inst/BSCANID.u_xsdbm_id/tck_bs
    BUFGCTRL_X0Y16       BUFG (Prop_bufg_I_O)         0.101     2.232 r  dbg_hub/inst/BSCANID.u_xsdbm_id/SWITCH_N_EXT_BSCAN.u_bufg_icon_tck/O
                         net (fo=482, routed)         1.739     3.971    dbg_hub/inst/BSCANID.u_xsdbm_id/SWITCH_N_EXT_BSCAN.bscan_switch/s_bscan_tck
    SLICE_X84Y3          FDRE                                         r  dbg_hub/inst/BSCANID.u_xsdbm_id/SWITCH_N_EXT_BSCAN.bscan_switch/portno_reg[1]/C
  -------------------------------------------------------------------    -------------------
    SLICE_X84Y3          FDRE (Prop_fdre_C_Q)         0.456     4.427 f  dbg_hub/inst/BSCANID.u_xsdbm_id/SWITCH_N_EXT_BSCAN.bscan_switch/portno_reg[1]/Q
                         net (fo=1, routed)           0.856     5.283    dbg_hub/inst/BSCANID.u_xsdbm_id/SWITCH_N_EXT_BSCAN.bscan_switch/portno[1]
    SLICE_X84Y3          LUT6 (Prop_lut6_I3_O)        0.124     5.407 f  dbg_hub/inst/BSCANID.u_xsdbm_id/SWITCH_N_EXT_BSCAN.bscan_switch/m_bscan_drck[0]_INST_0_i_1/O
                         net (fo=5, routed)           0.435     5.842    dbg_hub/inst/BSCANID.u_xsdbm_id/SWITCH_N_EXT_BSCAN.bscan_switch/m_bscan_drck[0]_INST_0_i_1_n_0
    SLICE_X85Y2          LUT4 (Prop_lut4_I3_O)        0.120     5.962 r  dbg_hub/inst/BSCANID.u_xsdbm_id/SWITCH_N_EXT_BSCAN.bscan_switch/m_bscan_sel[0]_INST_0/O
                         net (fo=2, routed)           0.817     6.779    dbg_hub/inst/BSCANID.u_xsdbm_id/CORE_XSDB.U_ICON/U_CMD/iTARGET_reg[6]_0
    SLICE_X84Y2          LUT1 (Prop_lut1_I0_O)        0.327     7.106 f  dbg_hub/inst/BSCANID.u_xsdbm_id/CORE_XSDB.U_ICON/U_CMD/iTARGET[15]_i_2/O
                         net (fo=10, routed)          0.818     7.924    dbg_hub/inst/BSCANID.u_xsdbm_id/CORE_XSDB.U_ICON/U_CMD/iSEL_n
    SLICE_X79Y2          FDCE                                         f  dbg_hub/inst/BSCANID.u_xsdbm_id/CORE_XSDB.U_ICON/U_CMD/iTARGET_reg[15]/CLR
  -------------------------------------------------------------------    -------------------

                         (clock dbg_hub/inst/BSCANID.u_xsdbm_id/SWITCH_N_EXT_BSCAN.bscan_inst/SERIES7_BSCAN.bscan_inst/TCK rise edge)
                                                     33.000    33.000 r  
    BSCAN_X0Y0           BSCANE2                      0.000    33.000 r  dbg_hub/inst/BSCANID.u_xsdbm_id/SWITCH_N_EXT_BSCAN.bscan_inst/SERIES7_BSCAN.bscan_inst/TCK
                         net (fo=1, routed)           1.849    34.849    dbg_hub/inst/BSCANID.u_xsdbm_id/tck_bs
    BUFGCTRL_X0Y16       BUFG (Prop_bufg_I_O)         0.091    34.940 r  dbg_hub/inst/BSCANID.u_xsdbm_id/SWITCH_N_EXT_BSCAN.u_bufg_icon_tck/O
                         net (fo=482, routed)         1.562    36.502    dbg_hub/inst/BSCANID.u_xsdbm_id/CORE_XSDB.U_ICON/U_CMD/m_bscan_tck[0]
    SLICE_X79Y2          FDCE                                         r  dbg_hub/inst/BSCANID.u_xsdbm_id/CORE_XSDB.U_ICON/U_CMD/iTARGET_reg[15]/C
                         clock pessimism              0.407    36.909    
                         clock uncertainty           -0.035    36.874    
    SLICE_X79Y2          FDCE (Recov_fdce_C_CLR)     -0.405    36.469    dbg_hub/inst/BSCANID.u_xsdbm_id/CORE_XSDB.U_ICON/U_CMD/iTARGET_reg[15]
  -------------------------------------------------------------------
                         required time                         36.469    
                         arrival time                          -7.924    
  -------------------------------------------------------------------
                         slack                                 28.545    

Slack (MET) :             28.706ns  (required time - arrival time)
  Source:                 dbg_hub/inst/BSCANID.u_xsdbm_id/SWITCH_N_EXT_BSCAN.bscan_switch/portno_reg[1]/C
                            (rising edge-triggered cell FDRE clocked by dbg_hub/inst/BSCANID.u_xsdbm_id/SWITCH_N_EXT_BSCAN.bscan_inst/SERIES7_BSCAN.bscan_inst/TCK  {rise@0.000ns fall@16.500ns period=33.000ns})
  Destination:            dbg_hub/inst/BSCANID.u_xsdbm_id/CORE_XSDB.U_ICON/U_CMD/iTARGET_reg[10]/CLR
                            (recovery check against rising-edge clock dbg_hub/inst/BSCANID.u_xsdbm_id/SWITCH_N_EXT_BSCAN.bscan_inst/SERIES7_BSCAN.bscan_inst/TCK  {rise@0.000ns fall@16.500ns period=33.000ns})
  Path Group:             **async_default**
  Path Type:              Recovery (Max at Slow Process Corner)
  Requirement:            33.000ns  (dbg_hub/inst/BSCANID.u_xsdbm_id/SWITCH_N_EXT_BSCAN.bscan_inst/SERIES7_BSCAN.bscan_inst/TCK rise@33.000ns - dbg_hub/inst/BSCANID.u_xsdbm_id/SWITCH_N_EXT_BSCAN.bscan_inst/SERIES7_BSCAN.bscan_inst/TCK rise@0.000ns)
  Data Path Delay:        3.792ns  (logic 1.027ns (27.082%)  route 2.765ns (72.918%))
  Logic Levels:           3  (LUT1=1 LUT4=1 LUT6=1)
  Clock Path Skew:        -0.061ns (DCD - SCD + CPR)
    Destination Clock Delay (DCD):    3.503ns = ( 36.503 - 33.000 ) 
    Source Clock Delay      (SCD):    3.971ns
    Clock Pessimism Removal (CPR):    0.407ns
  Clock Uncertainty:      0.035ns  ((TSJ^2 + TIJ^2)^1/2 + DJ) / 2 + PE
    Total System Jitter     (TSJ):    0.071ns
    Total Input Jitter      (TIJ):    0.000ns
    Discrete Jitter          (DJ):    0.000ns
    Phase Error              (PE):    0.000ns

    Location             Delay type                Incr(ns)  Path(ns)    Netlist Resource(s)
  -------------------------------------------------------------------    -------------------
                         (clock dbg_hub/inst/BSCANID.u_xsdbm_id/SWITCH_N_EXT_BSCAN.bscan_inst/SERIES7_BSCAN.bscan_inst/TCK rise edge)
                                                      0.000     0.000 r  
    BSCAN_X0Y0           BSCANE2                      0.000     0.000 r  dbg_hub/inst/BSCANID.u_xsdbm_id/SWITCH_N_EXT_BSCAN.bscan_inst/SERIES7_BSCAN.bscan_inst/TCK
                         net (fo=1, routed)           2.131     2.131    dbg_hub/inst/BSCANID.u_xsdbm_id/tck_bs
    BUFGCTRL_X0Y16       BUFG (Prop_bufg_I_O)         0.101     2.232 r  dbg_hub/inst/BSCANID.u_xsdbm_id/SWITCH_N_EXT_BSCAN.u_bufg_icon_tck/O
                         net (fo=482, routed)         1.739     3.971    dbg_hub/inst/BSCANID.u_xsdbm_id/SWITCH_N_EXT_BSCAN.bscan_switch/s_bscan_tck
    SLICE_X84Y3          FDRE                                         r  dbg_hub/inst/BSCANID.u_xsdbm_id/SWITCH_N_EXT_BSCAN.bscan_switch/portno_reg[1]/C
  -------------------------------------------------------------------    -------------------
    SLICE_X84Y3          FDRE (Prop_fdre_C_Q)         0.456     4.427 f  dbg_hub/inst/BSCANID.u_xsdbm_id/SWITCH_N_EXT_BSCAN.bscan_switch/portno_reg[1]/Q
                         net (fo=1, routed)           0.856     5.283    dbg_hub/inst/BSCANID.u_xsdbm_id/SWITCH_N_EXT_BSCAN.bscan_switch/portno[1]
    SLICE_X84Y3          LUT6 (Prop_lut6_I3_O)        0.124     5.407 f  dbg_hub/inst/BSCANID.u_xsdbm_id/SWITCH_N_EXT_BSCAN.bscan_switch/m_bscan_drck[0]_INST_0_i_1/O
                         net (fo=5, routed)           0.435     5.842    dbg_hub/inst/BSCANID.u_xsdbm_id/SWITCH_N_EXT_BSCAN.bscan_switch/m_bscan_drck[0]_INST_0_i_1_n_0
    SLICE_X85Y2          LUT4 (Prop_lut4_I3_O)        0.120     5.962 r  dbg_hub/inst/BSCANID.u_xsdbm_id/SWITCH_N_EXT_BSCAN.bscan_switch/m_bscan_sel[0]_INST_0/O
                         net (fo=2, routed)           0.817     6.779    dbg_hub/inst/BSCANID.u_xsdbm_id/CORE_XSDB.U_ICON/U_CMD/iTARGET_reg[6]_0
    SLICE_X84Y2          LUT1 (Prop_lut1_I0_O)        0.327     7.106 f  dbg_hub/inst/BSCANID.u_xsdbm_id/CORE_XSDB.U_ICON/U_CMD/iTARGET[15]_i_2/O
                         net (fo=10, routed)          0.657     7.763    dbg_hub/inst/BSCANID.u_xsdbm_id/CORE_XSDB.U_ICON/U_CMD/iSEL_n
    SLICE_X81Y2          FDCE                                         f  dbg_hub/inst/BSCANID.u_xsdbm_id/CORE_XSDB.U_ICON/U_CMD/iTARGET_reg[10]/CLR
  -------------------------------------------------------------------    -------------------

                         (clock dbg_hub/inst/BSCANID.u_xsdbm_id/SWITCH_N_EXT_BSCAN.bscan_inst/SERIES7_BSCAN.bscan_inst/TCK rise edge)
                                                     33.000    33.000 r  
    BSCAN_X0Y0           BSCANE2                      0.000    33.000 r  dbg_hub/inst/BSCANID.u_xsdbm_id/SWITCH_N_EXT_BSCAN.bscan_inst/SERIES7_BSCAN.bscan_inst/TCK
                         net (fo=1, routed)           1.849    34.849    dbg_hub/inst/BSCANID.u_xsdbm_id/tck_bs
    BUFGCTRL_X0Y16       BUFG (Prop_bufg_I_O)         0.091    34.940 r  dbg_hub/inst/BSCANID.u_xsdbm_id/SWITCH_N_EXT_BSCAN.u_bufg_icon_tck/O
                         net (fo=482, routed)         1.563    36.503    dbg_hub/inst/BSCANID.u_xsdbm_id/CORE_XSDB.U_ICON/U_CMD/m_bscan_tck[0]
    SLICE_X81Y2          FDCE                                         r  dbg_hub/inst/BSCANID.u_xsdbm_id/CORE_XSDB.U_ICON/U_CMD/iTARGET_reg[10]/C
                         clock pessimism              0.407    36.910    
                         clock uncertainty           -0.035    36.875    
    SLICE_X81Y2          FDCE (Recov_fdce_C_CLR)     -0.405    36.470    dbg_hub/inst/BSCANID.u_xsdbm_id/CORE_XSDB.U_ICON/U_CMD/iTARGET_reg[10]
  -------------------------------------------------------------------
                         required time                         36.470    
                         arrival time                          -7.763    
  -------------------------------------------------------------------
                         slack                                 28.706    

Slack (MET) :             28.706ns  (required time - arrival time)
  Source:                 dbg_hub/inst/BSCANID.u_xsdbm_id/SWITCH_N_EXT_BSCAN.bscan_switch/portno_reg[1]/C
                            (rising edge-triggered cell FDRE clocked by dbg_hub/inst/BSCANID.u_xsdbm_id/SWITCH_N_EXT_BSCAN.bscan_inst/SERIES7_BSCAN.bscan_inst/TCK  {rise@0.000ns fall@16.500ns period=33.000ns})
  Destination:            dbg_hub/inst/BSCANID.u_xsdbm_id/CORE_XSDB.U_ICON/U_CMD/iTARGET_reg[11]/CLR
                            (recovery check against rising-edge clock dbg_hub/inst/BSCANID.u_xsdbm_id/SWITCH_N_EXT_BSCAN.bscan_inst/SERIES7_BSCAN.bscan_inst/TCK  {rise@0.000ns fall@16.500ns period=33.000ns})
  Path Group:             **async_default**
  Path Type:              Recovery (Max at Slow Process Corner)
  Requirement:            33.000ns  (dbg_hub/inst/BSCANID.u_xsdbm_id/SWITCH_N_EXT_BSCAN.bscan_inst/SERIES7_BSCAN.bscan_inst/TCK rise@33.000ns - dbg_hub/inst/BSCANID.u_xsdbm_id/SWITCH_N_EXT_BSCAN.bscan_inst/SERIES7_BSCAN.bscan_inst/TCK rise@0.000ns)
  Data Path Delay:        3.792ns  (logic 1.027ns (27.082%)  route 2.765ns (72.918%))
  Logic Levels:           3  (LUT1=1 LUT4=1 LUT6=1)
  Clock Path Skew:        -0.061ns (DCD - SCD + CPR)
    Destination Clock Delay (DCD):    3.503ns = ( 36.503 - 33.000 ) 
    Source Clock Delay      (SCD):    3.971ns
    Clock Pessimism Removal (CPR):    0.407ns
  Clock Uncertainty:      0.035ns  ((TSJ^2 + TIJ^2)^1/2 + DJ) / 2 + PE
    Total System Jitter     (TSJ):    0.071ns
    Total Input Jitter      (TIJ):    0.000ns
    Discrete Jitter          (DJ):    0.000ns
    Phase Error              (PE):    0.000ns

    Location             Delay type                Incr(ns)  Path(ns)    Netlist Resource(s)
  -------------------------------------------------------------------    -------------------
                         (clock dbg_hub/inst/BSCANID.u_xsdbm_id/SWITCH_N_EXT_BSCAN.bscan_inst/SERIES7_BSCAN.bscan_inst/TCK rise edge)
                                                      0.000     0.000 r  
    BSCAN_X0Y0           BSCANE2                      0.000     0.000 r  dbg_hub/inst/BSCANID.u_xsdbm_id/SWITCH_N_EXT_BSCAN.bscan_inst/SERIES7_BSCAN.bscan_inst/TCK
                         net (fo=1, routed)           2.131     2.131    dbg_hub/inst/BSCANID.u_xsdbm_id/tck_bs
    BUFGCTRL_X0Y16       BUFG (Prop_bufg_I_O)         0.101     2.232 r  dbg_hub/inst/BSCANID.u_xsdbm_id/SWITCH_N_EXT_BSCAN.u_bufg_icon_tck/O
                         net (fo=482, routed)         1.739     3.971    dbg_hub/inst/BSCANID.u_xsdbm_id/SWITCH_N_EXT_BSCAN.bscan_switch/s_bscan_tck
    SLICE_X84Y3          FDRE                                         r  dbg_hub/inst/BSCANID.u_xsdbm_id/SWITCH_N_EXT_BSCAN.bscan_switch/portno_reg[1]/C
  -------------------------------------------------------------------    -------------------
    SLICE_X84Y3          FDRE (Prop_fdre_C_Q)         0.456     4.427 f  dbg_hub/inst/BSCANID.u_xsdbm_id/SWITCH_N_EXT_BSCAN.bscan_switch/portno_reg[1]/Q
                         net (fo=1, routed)           0.856     5.283    dbg_hub/inst/BSCANID.u_xsdbm_id/SWITCH_N_EXT_BSCAN.bscan_switch/portno[1]
    SLICE_X84Y3          LUT6 (Prop_lut6_I3_O)        0.124     5.407 f  dbg_hub/inst/BSCANID.u_xsdbm_id/SWITCH_N_EXT_BSCAN.bscan_switch/m_bscan_drck[0]_INST_0_i_1/O
                         net (fo=5, routed)           0.435     5.842    dbg_hub/inst/BSCANID.u_xsdbm_id/SWITCH_N_EXT_BSCAN.bscan_switch/m_bscan_drck[0]_INST_0_i_1_n_0
    SLICE_X85Y2          LUT4 (Prop_lut4_I3_O)        0.120     5.962 r  dbg_hub/inst/BSCANID.u_xsdbm_id/SWITCH_N_EXT_BSCAN.bscan_switch/m_bscan_sel[0]_INST_0/O
                         net (fo=2, routed)           0.817     6.779    dbg_hub/inst/BSCANID.u_xsdbm_id/CORE_XSDB.U_ICON/U_CMD/iTARGET_reg[6]_0
    SLICE_X84Y2          LUT1 (Prop_lut1_I0_O)        0.327     7.106 f  dbg_hub/inst/BSCANID.u_xsdbm_id/CORE_XSDB.U_ICON/U_CMD/iTARGET[15]_i_2/O
                         net (fo=10, routed)          0.657     7.763    dbg_hub/inst/BSCANID.u_xsdbm_id/CORE_XSDB.U_ICON/U_CMD/iSEL_n
    SLICE_X81Y2          FDCE                                         f  dbg_hub/inst/BSCANID.u_xsdbm_id/CORE_XSDB.U_ICON/U_CMD/iTARGET_reg[11]/CLR
  -------------------------------------------------------------------    -------------------

                         (clock dbg_hub/inst/BSCANID.u_xsdbm_id/SWITCH_N_EXT_BSCAN.bscan_inst/SERIES7_BSCAN.bscan_inst/TCK rise edge)
                                                     33.000    33.000 r  
    BSCAN_X0Y0           BSCANE2                      0.000    33.000 r  dbg_hub/inst/BSCANID.u_xsdbm_id/SWITCH_N_EXT_BSCAN.bscan_inst/SERIES7_BSCAN.bscan_inst/TCK
                         net (fo=1, routed)           1.849    34.849    dbg_hub/inst/BSCANID.u_xsdbm_id/tck_bs
    BUFGCTRL_X0Y16       BUFG (Prop_bufg_I_O)         0.091    34.940 r  dbg_hub/inst/BSCANID.u_xsdbm_id/SWITCH_N_EXT_BSCAN.u_bufg_icon_tck/O
                         net (fo=482, routed)         1.563    36.503    dbg_hub/inst/BSCANID.u_xsdbm_id/CORE_XSDB.U_ICON/U_CMD/m_bscan_tck[0]
    SLICE_X81Y2          FDCE                                         r  dbg_hub/inst/BSCANID.u_xsdbm_id/CORE_XSDB.U_ICON/U_CMD/iTARGET_reg[11]/C
                         clock pessimism              0.407    36.910    
                         clock uncertainty           -0.035    36.875    
    SLICE_X81Y2          FDCE (Recov_fdce_C_CLR)     -0.405    36.470    dbg_hub/inst/BSCANID.u_xsdbm_id/CORE_XSDB.U_ICON/U_CMD/iTARGET_reg[11]
  -------------------------------------------------------------------
                         required time                         36.470    
                         arrival time                          -7.763    
  -------------------------------------------------------------------
                         slack                                 28.706    

Slack (MET) :             28.706ns  (required time - arrival time)
  Source:                 dbg_hub/inst/BSCANID.u_xsdbm_id/SWITCH_N_EXT_BSCAN.bscan_switch/portno_reg[1]/C
                            (rising edge-triggered cell FDRE clocked by dbg_hub/inst/BSCANID.u_xsdbm_id/SWITCH_N_EXT_BSCAN.bscan_inst/SERIES7_BSCAN.bscan_inst/TCK  {rise@0.000ns fall@16.500ns period=33.000ns})
  Destination:            dbg_hub/inst/BSCANID.u_xsdbm_id/CORE_XSDB.U_ICON/U_CMD/iTARGET_reg[6]/CLR
                            (recovery check against rising-edge clock dbg_hub/inst/BSCANID.u_xsdbm_id/SWITCH_N_EXT_BSCAN.bscan_inst/SERIES7_BSCAN.bscan_inst/TCK  {rise@0.000ns fall@16.500ns period=33.000ns})
  Path Group:             **async_default**
  Path Type:              Recovery (Max at Slow Process Corner)
  Requirement:            33.000ns  (dbg_hub/inst/BSCANID.u_xsdbm_id/SWITCH_N_EXT_BSCAN.bscan_inst/SERIES7_BSCAN.bscan_inst/TCK rise@33.000ns - dbg_hub/inst/BSCANID.u_xsdbm_id/SWITCH_N_EXT_BSCAN.bscan_inst/SERIES7_BSCAN.bscan_inst/TCK rise@0.000ns)
  Data Path Delay:        3.792ns  (logic 1.027ns (27.082%)  route 2.765ns (72.918%))
  Logic Levels:           3  (LUT1=1 LUT4=1 LUT6=1)
  Clock Path Skew:        -0.061ns (DCD - SCD + CPR)
    Destination Clock Delay (DCD):    3.503ns = ( 36.503 - 33.000 ) 
    Source Clock Delay      (SCD):    3.971ns
    Clock Pessimism Removal (CPR):    0.407ns
  Clock Uncertainty:      0.035ns  ((TSJ^2 + TIJ^2)^1/2 + DJ) / 2 + PE
    Total System Jitter     (TSJ):    0.071ns
    Total Input Jitter      (TIJ):    0.000ns
    Discrete Jitter          (DJ):    0.000ns
    Phase Error              (PE):    0.000ns

    Location             Delay type                Incr(ns)  Path(ns)    Netlist Resource(s)
  -------------------------------------------------------------------    -------------------
                         (clock dbg_hub/inst/BSCANID.u_xsdbm_id/SWITCH_N_EXT_BSCAN.bscan_inst/SERIES7_BSCAN.bscan_inst/TCK rise edge)
                                                      0.000     0.000 r  
    BSCAN_X0Y0           BSCANE2                      0.000     0.000 r  dbg_hub/inst/BSCANID.u_xsdbm_id/SWITCH_N_EXT_BSCAN.bscan_inst/SERIES7_BSCAN.bscan_inst/TCK
                         net (fo=1, routed)           2.131     2.131    dbg_hub/inst/BSCANID.u_xsdbm_id/tck_bs
    BUFGCTRL_X0Y16       BUFG (Prop_bufg_I_O)         0.101     2.232 r  dbg_hub/inst/BSCANID.u_xsdbm_id/SWITCH_N_EXT_BSCAN.u_bufg_icon_tck/O
                         net (fo=482, routed)         1.739     3.971    dbg_hub/inst/BSCANID.u_xsdbm_id/SWITCH_N_EXT_BSCAN.bscan_switch/s_bscan_tck
    SLICE_X84Y3          FDRE                                         r  dbg_hub/inst/BSCANID.u_xsdbm_id/SWITCH_N_EXT_BSCAN.bscan_switch/portno_reg[1]/C
  -------------------------------------------------------------------    -------------------
    SLICE_X84Y3          FDRE (Prop_fdre_C_Q)         0.456     4.427 f  dbg_hub/inst/BSCANID.u_xsdbm_id/SWITCH_N_EXT_BSCAN.bscan_switch/portno_reg[1]/Q
                         net (fo=1, routed)           0.856     5.283    dbg_hub/inst/BSCANID.u_xsdbm_id/SWITCH_N_EXT_BSCAN.bscan_switch/portno[1]
    SLICE_X84Y3          LUT6 (Prop_lut6_I3_O)        0.124     5.407 f  dbg_hub/inst/BSCANID.u_xsdbm_id/SWITCH_N_EXT_BSCAN.bscan_switch/m_bscan_drck[0]_INST_0_i_1/O
                         net (fo=5, routed)           0.435     5.842    dbg_hub/inst/BSCANID.u_xsdbm_id/SWITCH_N_EXT_BSCAN.bscan_switch/m_bscan_drck[0]_INST_0_i_1_n_0
    SLICE_X85Y2          LUT4 (Prop_lut4_I3_O)        0.120     5.962 r  dbg_hub/inst/BSCANID.u_xsdbm_id/SWITCH_N_EXT_BSCAN.bscan_switch/m_bscan_sel[0]_INST_0/O
                         net (fo=2, routed)           0.817     6.779    dbg_hub/inst/BSCANID.u_xsdbm_id/CORE_XSDB.U_ICON/U_CMD/iTARGET_reg[6]_0
    SLICE_X84Y2          LUT1 (Prop_lut1_I0_O)        0.327     7.106 f  dbg_hub/inst/BSCANID.u_xsdbm_id/CORE_XSDB.U_ICON/U_CMD/iTARGET[15]_i_2/O
                         net (fo=10, routed)          0.657     7.763    dbg_hub/inst/BSCANID.u_xsdbm_id/CORE_XSDB.U_ICON/U_CMD/iSEL_n
    SLICE_X81Y2          FDCE                                         f  dbg_hub/inst/BSCANID.u_xsdbm_id/CORE_XSDB.U_ICON/U_CMD/iTARGET_reg[6]/CLR
  -------------------------------------------------------------------    -------------------

                         (clock dbg_hub/inst/BSCANID.u_xsdbm_id/SWITCH_N_EXT_BSCAN.bscan_inst/SERIES7_BSCAN.bscan_inst/TCK rise edge)
                                                     33.000    33.000 r  
    BSCAN_X0Y0           BSCANE2                      0.000    33.000 r  dbg_hub/inst/BSCANID.u_xsdbm_id/SWITCH_N_EXT_BSCAN.bscan_inst/SERIES7_BSCAN.bscan_inst/TCK
                         net (fo=1, routed)           1.849    34.849    dbg_hub/inst/BSCANID.u_xsdbm_id/tck_bs
    BUFGCTRL_X0Y16       BUFG (Prop_bufg_I_O)         0.091    34.940 r  dbg_hub/inst/BSCANID.u_xsdbm_id/SWITCH_N_EXT_BSCAN.u_bufg_icon_tck/O
                         net (fo=482, routed)         1.563    36.503    dbg_hub/inst/BSCANID.u_xsdbm_id/CORE_XSDB.U_ICON/U_CMD/m_bscan_tck[0]
    SLICE_X81Y2          FDCE                                         r  dbg_hub/inst/BSCANID.u_xsdbm_id/CORE_XSDB.U_ICON/U_CMD/iTARGET_reg[6]/C
                         clock pessimism              0.407    36.910    
                         clock uncertainty           -0.035    36.875    
    SLICE_X81Y2          FDCE (Recov_fdce_C_CLR)     -0.405    36.470    dbg_hub/inst/BSCANID.u_xsdbm_id/CORE_XSDB.U_ICON/U_CMD/iTARGET_reg[6]
  -------------------------------------------------------------------
                         required time                         36.470    
                         arrival time                          -7.763    
  -------------------------------------------------------------------
                         slack                                 28.706    

Slack (MET) :             28.706ns  (required time - arrival time)
  Source:                 dbg_hub/inst/BSCANID.u_xsdbm_id/SWITCH_N_EXT_BSCAN.bscan_switch/portno_reg[1]/C
                            (rising edge-triggered cell FDRE clocked by dbg_hub/inst/BSCANID.u_xsdbm_id/SWITCH_N_EXT_BSCAN.bscan_inst/SERIES7_BSCAN.bscan_inst/TCK  {rise@0.000ns fall@16.500ns period=33.000ns})
  Destination:            dbg_hub/inst/BSCANID.u_xsdbm_id/CORE_XSDB.U_ICON/U_CMD/iTARGET_reg[7]/CLR
                            (recovery check against rising-edge clock dbg_hub/inst/BSCANID.u_xsdbm_id/SWITCH_N_EXT_BSCAN.bscan_inst/SERIES7_BSCAN.bscan_inst/TCK  {rise@0.000ns fall@16.500ns period=33.000ns})
  Path Group:             **async_default**
  Path Type:              Recovery (Max at Slow Process Corner)
  Requirement:            33.000ns  (dbg_hub/inst/BSCANID.u_xsdbm_id/SWITCH_N_EXT_BSCAN.bscan_inst/SERIES7_BSCAN.bscan_inst/TCK rise@33.000ns - dbg_hub/inst/BSCANID.u_xsdbm_id/SWITCH_N_EXT_BSCAN.bscan_inst/SERIES7_BSCAN.bscan_inst/TCK rise@0.000ns)
  Data Path Delay:        3.792ns  (logic 1.027ns (27.082%)  route 2.765ns (72.918%))
  Logic Levels:           3  (LUT1=1 LUT4=1 LUT6=1)
  Clock Path Skew:        -0.061ns (DCD - SCD + CPR)
    Destination Clock Delay (DCD):    3.503ns = ( 36.503 - 33.000 ) 
    Source Clock Delay      (SCD):    3.971ns
    Clock Pessimism Removal (CPR):    0.407ns
  Clock Uncertainty:      0.035ns  ((TSJ^2 + TIJ^2)^1/2 + DJ) / 2 + PE
    Total System Jitter     (TSJ):    0.071ns
    Total Input Jitter      (TIJ):    0.000ns
    Discrete Jitter          (DJ):    0.000ns
    Phase Error              (PE):    0.000ns

    Location             Delay type                Incr(ns)  Path(ns)    Netlist Resource(s)
  -------------------------------------------------------------------    -------------------
                         (clock dbg_hub/inst/BSCANID.u_xsdbm_id/SWITCH_N_EXT_BSCAN.bscan_inst/SERIES7_BSCAN.bscan_inst/TCK rise edge)
                                                      0.000     0.000 r  
    BSCAN_X0Y0           BSCANE2                      0.000     0.000 r  dbg_hub/inst/BSCANID.u_xsdbm_id/SWITCH_N_EXT_BSCAN.bscan_inst/SERIES7_BSCAN.bscan_inst/TCK
                         net (fo=1, routed)           2.131     2.131    dbg_hub/inst/BSCANID.u_xsdbm_id/tck_bs
    BUFGCTRL_X0Y16       BUFG (Prop_bufg_I_O)         0.101     2.232 r  dbg_hub/inst/BSCANID.u_xsdbm_id/SWITCH_N_EXT_BSCAN.u_bufg_icon_tck/O
                         net (fo=482, routed)         1.739     3.971    dbg_hub/inst/BSCANID.u_xsdbm_id/SWITCH_N_EXT_BSCAN.bscan_switch/s_bscan_tck
    SLICE_X84Y3          FDRE                                         r  dbg_hub/inst/BSCANID.u_xsdbm_id/SWITCH_N_EXT_BSCAN.bscan_switch/portno_reg[1]/C
  -------------------------------------------------------------------    -------------------
    SLICE_X84Y3          FDRE (Prop_fdre_C_Q)         0.456     4.427 f  dbg_hub/inst/BSCANID.u_xsdbm_id/SWITCH_N_EXT_BSCAN.bscan_switch/portno_reg[1]/Q
                         net (fo=1, routed)           0.856     5.283    dbg_hub/inst/BSCANID.u_xsdbm_id/SWITCH_N_EXT_BSCAN.bscan_switch/portno[1]
    SLICE_X84Y3          LUT6 (Prop_lut6_I3_O)        0.124     5.407 f  dbg_hub/inst/BSCANID.u_xsdbm_id/SWITCH_N_EXT_BSCAN.bscan_switch/m_bscan_drck[0]_INST_0_i_1/O
                         net (fo=5, routed)           0.435     5.842    dbg_hub/inst/BSCANID.u_xsdbm_id/SWITCH_N_EXT_BSCAN.bscan_switch/m_bscan_drck[0]_INST_0_i_1_n_0
    SLICE_X85Y2          LUT4 (Prop_lut4_I3_O)        0.120     5.962 r  dbg_hub/inst/BSCANID.u_xsdbm_id/SWITCH_N_EXT_BSCAN.bscan_switch/m_bscan_sel[0]_INST_0/O
                         net (fo=2, routed)           0.817     6.779    dbg_hub/inst/BSCANID.u_xsdbm_id/CORE_XSDB.U_ICON/U_CMD/iTARGET_reg[6]_0
    SLICE_X84Y2          LUT1 (Prop_lut1_I0_O)        0.327     7.106 f  dbg_hub/inst/BSCANID.u_xsdbm_id/CORE_XSDB.U_ICON/U_CMD/iTARGET[15]_i_2/O
                         net (fo=10, routed)          0.657     7.763    dbg_hub/inst/BSCANID.u_xsdbm_id/CORE_XSDB.U_ICON/U_CMD/iSEL_n
    SLICE_X81Y2          FDCE                                         f  dbg_hub/inst/BSCANID.u_xsdbm_id/CORE_XSDB.U_ICON/U_CMD/iTARGET_reg[7]/CLR
  -------------------------------------------------------------------    -------------------

                         (clock dbg_hub/inst/BSCANID.u_xsdbm_id/SWITCH_N_EXT_BSCAN.bscan_inst/SERIES7_BSCAN.bscan_inst/TCK rise edge)
                                                     33.000    33.000 r  
    BSCAN_X0Y0           BSCANE2                      0.000    33.000 r  dbg_hub/inst/BSCANID.u_xsdbm_id/SWITCH_N_EXT_BSCAN.bscan_inst/SERIES7_BSCAN.bscan_inst/TCK
                         net (fo=1, routed)           1.849    34.849    dbg_hub/inst/BSCANID.u_xsdbm_id/tck_bs
    BUFGCTRL_X0Y16       BUFG (Prop_bufg_I_O)         0.091    34.940 r  dbg_hub/inst/BSCANID.u_xsdbm_id/SWITCH_N_EXT_BSCAN.u_bufg_icon_tck/O
                         net (fo=482, routed)         1.563    36.503    dbg_hub/inst/BSCANID.u_xsdbm_id/CORE_XSDB.U_ICON/U_CMD/m_bscan_tck[0]
    SLICE_X81Y2          FDCE                                         r  dbg_hub/inst/BSCANID.u_xsdbm_id/CORE_XSDB.U_ICON/U_CMD/iTARGET_reg[7]/C
                         clock pessimism              0.407    36.910    
                         clock uncertainty           -0.035    36.875    
    SLICE_X81Y2          FDCE (Recov_fdce_C_CLR)     -0.405    36.470    dbg_hub/inst/BSCANID.u_xsdbm_id/CORE_XSDB.U_ICON/U_CMD/iTARGET_reg[7]
  -------------------------------------------------------------------
                         required time                         36.470    
                         arrival time                          -7.763    
  -------------------------------------------------------------------
                         slack                                 28.706    

Slack (MET) :             28.706ns  (required time - arrival time)
  Source:                 dbg_hub/inst/BSCANID.u_xsdbm_id/SWITCH_N_EXT_BSCAN.bscan_switch/portno_reg[1]/C
                            (rising edge-triggered cell FDRE clocked by dbg_hub/inst/BSCANID.u_xsdbm_id/SWITCH_N_EXT_BSCAN.bscan_inst/SERIES7_BSCAN.bscan_inst/TCK  {rise@0.000ns fall@16.500ns period=33.000ns})
  Destination:            dbg_hub/inst/BSCANID.u_xsdbm_id/CORE_XSDB.U_ICON/U_CMD/iTARGET_reg[8]/CLR
                            (recovery check against rising-edge clock dbg_hub/inst/BSCANID.u_xsdbm_id/SWITCH_N_EXT_BSCAN.bscan_inst/SERIES7_BSCAN.bscan_inst/TCK  {rise@0.000ns fall@16.500ns period=33.000ns})
  Path Group:             **async_default**
  Path Type:              Recovery (Max at Slow Process Corner)
  Requirement:            33.000ns  (dbg_hub/inst/BSCANID.u_xsdbm_id/SWITCH_N_EXT_BSCAN.bscan_inst/SERIES7_BSCAN.bscan_inst/TCK rise@33.000ns - dbg_hub/inst/BSCANID.u_xsdbm_id/SWITCH_N_EXT_BSCAN.bscan_inst/SERIES7_BSCAN.bscan_inst/TCK rise@0.000ns)
  Data Path Delay:        3.792ns  (logic 1.027ns (27.082%)  route 2.765ns (72.918%))
  Logic Levels:           3  (LUT1=1 LUT4=1 LUT6=1)
  Clock Path Skew:        -0.061ns (DCD - SCD + CPR)
    Destination Clock Delay (DCD):    3.503ns = ( 36.503 - 33.000 ) 
    Source Clock Delay      (SCD):    3.971ns
    Clock Pessimism Removal (CPR):    0.407ns
  Clock Uncertainty:      0.035ns  ((TSJ^2 + TIJ^2)^1/2 + DJ) / 2 + PE
    Total System Jitter     (TSJ):    0.071ns
    Total Input Jitter      (TIJ):    0.000ns
    Discrete Jitter          (DJ):    0.000ns
    Phase Error              (PE):    0.000ns

    Location             Delay type                Incr(ns)  Path(ns)    Netlist Resource(s)
  -------------------------------------------------------------------    -------------------
                         (clock dbg_hub/inst/BSCANID.u_xsdbm_id/SWITCH_N_EXT_BSCAN.bscan_inst/SERIES7_BSCAN.bscan_inst/TCK rise edge)
                                                      0.000     0.000 r  
    BSCAN_X0Y0           BSCANE2                      0.000     0.000 r  dbg_hub/inst/BSCANID.u_xsdbm_id/SWITCH_N_EXT_BSCAN.bscan_inst/SERIES7_BSCAN.bscan_inst/TCK
                         net (fo=1, routed)           2.131     2.131    dbg_hub/inst/BSCANID.u_xsdbm_id/tck_bs
    BUFGCTRL_X0Y16       BUFG (Prop_bufg_I_O)         0.101     2.232 r  dbg_hub/inst/BSCANID.u_xsdbm_id/SWITCH_N_EXT_BSCAN.u_bufg_icon_tck/O
                         net (fo=482, routed)         1.739     3.971    dbg_hub/inst/BSCANID.u_xsdbm_id/SWITCH_N_EXT_BSCAN.bscan_switch/s_bscan_tck
    SLICE_X84Y3          FDRE                                         r  dbg_hub/inst/BSCANID.u_xsdbm_id/SWITCH_N_EXT_BSCAN.bscan_switch/portno_reg[1]/C
  -------------------------------------------------------------------    -------------------
    SLICE_X84Y3          FDRE (Prop_fdre_C_Q)         0.456     4.427 f  dbg_hub/inst/BSCANID.u_xsdbm_id/SWITCH_N_EXT_BSCAN.bscan_switch/portno_reg[1]/Q
                         net (fo=1, routed)           0.856     5.283    dbg_hub/inst/BSCANID.u_xsdbm_id/SWITCH_N_EXT_BSCAN.bscan_switch/portno[1]
    SLICE_X84Y3          LUT6 (Prop_lut6_I3_O)        0.124     5.407 f  dbg_hub/inst/BSCANID.u_xsdbm_id/SWITCH_N_EXT_BSCAN.bscan_switch/m_bscan_drck[0]_INST_0_i_1/O
                         net (fo=5, routed)           0.435     5.842    dbg_hub/inst/BSCANID.u_xsdbm_id/SWITCH_N_EXT_BSCAN.bscan_switch/m_bscan_drck[0]_INST_0_i_1_n_0
    SLICE_X85Y2          LUT4 (Prop_lut4_I3_O)        0.120     5.962 r  dbg_hub/inst/BSCANID.u_xsdbm_id/SWITCH_N_EXT_BSCAN.bscan_switch/m_bscan_sel[0]_INST_0/O
                         net (fo=2, routed)           0.817     6.779    dbg_hub/inst/BSCANID.u_xsdbm_id/CORE_XSDB.U_ICON/U_CMD/iTARGET_reg[6]_0
    SLICE_X84Y2          LUT1 (Prop_lut1_I0_O)        0.327     7.106 f  dbg_hub/inst/BSCANID.u_xsdbm_id/CORE_XSDB.U_ICON/U_CMD/iTARGET[15]_i_2/O
                         net (fo=10, routed)          0.657     7.763    dbg_hub/inst/BSCANID.u_xsdbm_id/CORE_XSDB.U_ICON/U_CMD/iSEL_n
    SLICE_X81Y2          FDCE                                         f  dbg_hub/inst/BSCANID.u_xsdbm_id/CORE_XSDB.U_ICON/U_CMD/iTARGET_reg[8]/CLR
  -------------------------------------------------------------------    -------------------

                         (clock dbg_hub/inst/BSCANID.u_xsdbm_id/SWITCH_N_EXT_BSCAN.bscan_inst/SERIES7_BSCAN.bscan_inst/TCK rise edge)
                                                     33.000    33.000 r  
    BSCAN_X0Y0           BSCANE2                      0.000    33.000 r  dbg_hub/inst/BSCANID.u_xsdbm_id/SWITCH_N_EXT_BSCAN.bscan_inst/SERIES7_BSCAN.bscan_inst/TCK
                         net (fo=1, routed)           1.849    34.849    dbg_hub/inst/BSCANID.u_xsdbm_id/tck_bs
    BUFGCTRL_X0Y16       BUFG (Prop_bufg_I_O)         0.091    34.940 r  dbg_hub/inst/BSCANID.u_xsdbm_id/SWITCH_N_EXT_BSCAN.u_bufg_icon_tck/O
                         net (fo=482, routed)         1.563    36.503    dbg_hub/inst/BSCANID.u_xsdbm_id/CORE_XSDB.U_ICON/U_CMD/m_bscan_tck[0]
    SLICE_X81Y2          FDCE                                         r  dbg_hub/inst/BSCANID.u_xsdbm_id/CORE_XSDB.U_ICON/U_CMD/iTARGET_reg[8]/C
                         clock pessimism              0.407    36.910    
                         clock uncertainty           -0.035    36.875    
    SLICE_X81Y2          FDCE (Recov_fdce_C_CLR)     -0.405    36.470    dbg_hub/inst/BSCANID.u_xsdbm_id/CORE_XSDB.U_ICON/U_CMD/iTARGET_reg[8]
  -------------------------------------------------------------------
                         required time                         36.470    
                         arrival time                          -7.763    
  -------------------------------------------------------------------
                         slack                                 28.706    

Slack (MET) :             28.706ns  (required time - arrival time)
  Source:                 dbg_hub/inst/BSCANID.u_xsdbm_id/SWITCH_N_EXT_BSCAN.bscan_switch/portno_reg[1]/C
                            (rising edge-triggered cell FDRE clocked by dbg_hub/inst/BSCANID.u_xsdbm_id/SWITCH_N_EXT_BSCAN.bscan_inst/SERIES7_BSCAN.bscan_inst/TCK  {rise@0.000ns fall@16.500ns period=33.000ns})
  Destination:            dbg_hub/inst/BSCANID.u_xsdbm_id/CORE_XSDB.U_ICON/U_CMD/iTARGET_reg[9]/CLR
                            (recovery check against rising-edge clock dbg_hub/inst/BSCANID.u_xsdbm_id/SWITCH_N_EXT_BSCAN.bscan_inst/SERIES7_BSCAN.bscan_inst/TCK  {rise@0.000ns fall@16.500ns period=33.000ns})
  Path Group:             **async_default**
  Path Type:              Recovery (Max at Slow Process Corner)
  Requirement:            33.000ns  (dbg_hub/inst/BSCANID.u_xsdbm_id/SWITCH_N_EXT_BSCAN.bscan_inst/SERIES7_BSCAN.bscan_inst/TCK rise@33.000ns - dbg_hub/inst/BSCANID.u_xsdbm_id/SWITCH_N_EXT_BSCAN.bscan_inst/SERIES7_BSCAN.bscan_inst/TCK rise@0.000ns)
  Data Path Delay:        3.792ns  (logic 1.027ns (27.082%)  route 2.765ns (72.918%))
  Logic Levels:           3  (LUT1=1 LUT4=1 LUT6=1)
  Clock Path Skew:        -0.061ns (DCD - SCD + CPR)
    Destination Clock Delay (DCD):    3.503ns = ( 36.503 - 33.000 ) 
    Source Clock Delay      (SCD):    3.971ns
    Clock Pessimism Removal (CPR):    0.407ns
  Clock Uncertainty:      0.035ns  ((TSJ^2 + TIJ^2)^1/2 + DJ) / 2 + PE
    Total System Jitter     (TSJ):    0.071ns
    Total Input Jitter      (TIJ):    0.000ns
    Discrete Jitter          (DJ):    0.000ns
    Phase Error              (PE):    0.000ns

    Location             Delay type                Incr(ns)  Path(ns)    Netlist Resource(s)
  -------------------------------------------------------------------    -------------------
                         (clock dbg_hub/inst/BSCANID.u_xsdbm_id/SWITCH_N_EXT_BSCAN.bscan_inst/SERIES7_BSCAN.bscan_inst/TCK rise edge)
                                                      0.000     0.000 r  
    BSCAN_X0Y0           BSCANE2                      0.000     0.000 r  dbg_hub/inst/BSCANID.u_xsdbm_id/SWITCH_N_EXT_BSCAN.bscan_inst/SERIES7_BSCAN.bscan_inst/TCK
                         net (fo=1, routed)           2.131     2.131    dbg_hub/inst/BSCANID.u_xsdbm_id/tck_bs
    BUFGCTRL_X0Y16       BUFG (Prop_bufg_I_O)         0.101     2.232 r  dbg_hub/inst/BSCANID.u_xsdbm_id/SWITCH_N_EXT_BSCAN.u_bufg_icon_tck/O
                         net (fo=482, routed)         1.739     3.971    dbg_hub/inst/BSCANID.u_xsdbm_id/SWITCH_N_EXT_BSCAN.bscan_switch/s_bscan_tck
    SLICE_X84Y3          FDRE                                         r  dbg_hub/inst/BSCANID.u_xsdbm_id/SWITCH_N_EXT_BSCAN.bscan_switch/portno_reg[1]/C
  -------------------------------------------------------------------    -------------------
    SLICE_X84Y3          FDRE (Prop_fdre_C_Q)         0.456     4.427 f  dbg_hub/inst/BSCANID.u_xsdbm_id/SWITCH_N_EXT_BSCAN.bscan_switch/portno_reg[1]/Q
                         net (fo=1, routed)           0.856     5.283    dbg_hub/inst/BSCANID.u_xsdbm_id/SWITCH_N_EXT_BSCAN.bscan_switch/portno[1]
    SLICE_X84Y3          LUT6 (Prop_lut6_I3_O)        0.124     5.407 f  dbg_hub/inst/BSCANID.u_xsdbm_id/SWITCH_N_EXT_BSCAN.bscan_switch/m_bscan_drck[0]_INST_0_i_1/O
                         net (fo=5, routed)           0.435     5.842    dbg_hub/inst/BSCANID.u_xsdbm_id/SWITCH_N_EXT_BSCAN.bscan_switch/m_bscan_drck[0]_INST_0_i_1_n_0
    SLICE_X85Y2          LUT4 (Prop_lut4_I3_O)        0.120     5.962 r  dbg_hub/inst/BSCANID.u_xsdbm_id/SWITCH_N_EXT_BSCAN.bscan_switch/m_bscan_sel[0]_INST_0/O
                         net (fo=2, routed)           0.817     6.779    dbg_hub/inst/BSCANID.u_xsdbm_id/CORE_XSDB.U_ICON/U_CMD/iTARGET_reg[6]_0
    SLICE_X84Y2          LUT1 (Prop_lut1_I0_O)        0.327     7.106 f  dbg_hub/inst/BSCANID.u_xsdbm_id/CORE_XSDB.U_ICON/U_CMD/iTARGET[15]_i_2/O
                         net (fo=10, routed)          0.657     7.763    dbg_hub/inst/BSCANID.u_xsdbm_id/CORE_XSDB.U_ICON/U_CMD/iSEL_n
    SLICE_X81Y2          FDCE                                         f  dbg_hub/inst/BSCANID.u_xsdbm_id/CORE_XSDB.U_ICON/U_CMD/iTARGET_reg[9]/CLR
  -------------------------------------------------------------------    -------------------

                         (clock dbg_hub/inst/BSCANID.u_xsdbm_id/SWITCH_N_EXT_BSCAN.bscan_inst/SERIES7_BSCAN.bscan_inst/TCK rise edge)
                                                     33.000    33.000 r  
    BSCAN_X0Y0           BSCANE2                      0.000    33.000 r  dbg_hub/inst/BSCANID.u_xsdbm_id/SWITCH_N_EXT_BSCAN.bscan_inst/SERIES7_BSCAN.bscan_inst/TCK
                         net (fo=1, routed)           1.849    34.849    dbg_hub/inst/BSCANID.u_xsdbm_id/tck_bs
    BUFGCTRL_X0Y16       BUFG (Prop_bufg_I_O)         0.091    34.940 r  dbg_hub/inst/BSCANID.u_xsdbm_id/SWITCH_N_EXT_BSCAN.u_bufg_icon_tck/O
                         net (fo=482, routed)         1.563    36.503    dbg_hub/inst/BSCANID.u_xsdbm_id/CORE_XSDB.U_ICON/U_CMD/m_bscan_tck[0]
    SLICE_X81Y2          FDCE                                         r  dbg_hub/inst/BSCANID.u_xsdbm_id/CORE_XSDB.U_ICON/U_CMD/iTARGET_reg[9]/C
                         clock pessimism              0.407    36.910    
                         clock uncertainty           -0.035    36.875    
    SLICE_X81Y2          FDCE (Recov_fdce_C_CLR)     -0.405    36.470    dbg_hub/inst/BSCANID.u_xsdbm_id/CORE_XSDB.U_ICON/U_CMD/iTARGET_reg[9]
  -------------------------------------------------------------------
                         required time                         36.470    
                         arrival time                          -7.763    
  -------------------------------------------------------------------
                         slack                                 28.706    





Min Delay Paths
--------------------------------------------------------------------------------------
Slack (MET) :             0.346ns  (arrival time - required time)
  Source:                 dbg_hub/inst/BSCANID.u_xsdbm_id/CORE_XSDB.UUT_MASTER/U_ICON_INTERFACE/U_CMD6_RD/U_RD_FIFO/SUBCORE_FIFO.xsdbm_v3_0_0_rdfifo_inst/inst_fifo_gen/gconvfifo.rf/grf.rf/rstblk/ngwrdrst.grst.g7serrst.rd_rst_reg_reg[2]/C
                            (rising edge-triggered cell FDPE clocked by dbg_hub/inst/BSCANID.u_xsdbm_id/SWITCH_N_EXT_BSCAN.bscan_inst/SERIES7_BSCAN.bscan_inst/TCK  {rise@0.000ns fall@16.500ns period=33.000ns})
  Destination:            dbg_hub/inst/BSCANID.u_xsdbm_id/CORE_XSDB.UUT_MASTER/U_ICON_INTERFACE/U_CMD6_RD/U_RD_FIFO/SUBCORE_FIFO.xsdbm_v3_0_0_rdfifo_inst/inst_fifo_gen/gconvfifo.rf/grf.rf/gntv_or_sync_fifo.gl0.rd/rpntr/gc0.count_reg[1]/CLR
                            (removal check against rising-edge clock dbg_hub/inst/BSCANID.u_xsdbm_id/SWITCH_N_EXT_BSCAN.bscan_inst/SERIES7_BSCAN.bscan_inst/TCK  {rise@0.000ns fall@16.500ns period=33.000ns})
  Path Group:             **async_default**
  Path Type:              Removal (Min at Fast Process Corner)
  Requirement:            0.000ns  (dbg_hub/inst/BSCANID.u_xsdbm_id/SWITCH_N_EXT_BSCAN.bscan_inst/SERIES7_BSCAN.bscan_inst/TCK rise@0.000ns - dbg_hub/inst/BSCANID.u_xsdbm_id/SWITCH_N_EXT_BSCAN.bscan_inst/SERIES7_BSCAN.bscan_inst/TCK rise@0.000ns)
  Data Path Delay:        0.269ns  (logic 0.141ns (52.479%)  route 0.128ns (47.521%))
  Logic Levels:           0  
  Clock Path Skew:        0.015ns (DCD - SCD - CPR)
    Destination Clock Delay (DCD):    1.961ns
    Source Clock Delay      (SCD):    1.571ns
    Clock Pessimism Removal (CPR):    0.375ns

    Location             Delay type                Incr(ns)  Path(ns)    Netlist Resource(s)
  -------------------------------------------------------------------    -------------------
                         (clock dbg_hub/inst/BSCANID.u_xsdbm_id/SWITCH_N_EXT_BSCAN.bscan_inst/SERIES7_BSCAN.bscan_inst/TCK rise edge)
                                                      0.000     0.000 r  
    BSCAN_X0Y0           BSCANE2                      0.000     0.000 r  dbg_hub/inst/BSCANID.u_xsdbm_id/SWITCH_N_EXT_BSCAN.bscan_inst/SERIES7_BSCAN.bscan_inst/TCK
                         net (fo=1, routed)           0.956     0.956    dbg_hub/inst/BSCANID.u_xsdbm_id/tck_bs
    BUFGCTRL_X0Y16       BUFG (Prop_bufg_I_O)         0.026     0.982 r  dbg_hub/inst/BSCANID.u_xsdbm_id/SWITCH_N_EXT_BSCAN.u_bufg_icon_tck/O
                         net (fo=482, routed)         0.589     1.571    dbg_hub/inst/BSCANID.u_xsdbm_id/CORE_XSDB.UUT_MASTER/U_ICON_INTERFACE/U_CMD6_RD/U_RD_FIFO/SUBCORE_FIFO.xsdbm_v3_0_0_rdfifo_inst/inst_fifo_gen/gconvfifo.rf/grf.rf/rstblk/rd_clk
    SLICE_X77Y2          FDPE                                         r  dbg_hub/inst/BSCANID.u_xsdbm_id/CORE_XSDB.UUT_MASTER/U_ICON_INTERFACE/U_CMD6_RD/U_RD_FIFO/SUBCORE_FIFO.xsdbm_v3_0_0_rdfifo_inst/inst_fifo_gen/gconvfifo.rf/grf.rf/rstblk/ngwrdrst.grst.g7serrst.rd_rst_reg_reg[2]/C
  -------------------------------------------------------------------    -------------------
    SLICE_X77Y2          FDPE (Prop_fdpe_C_Q)         0.141     1.712 f  dbg_hub/inst/BSCANID.u_xsdbm_id/CORE_XSDB.UUT_MASTER/U_ICON_INTERFACE/U_CMD6_RD/U_RD_FIFO/SUBCORE_FIFO.xsdbm_v3_0_0_rdfifo_inst/inst_fifo_gen/gconvfifo.rf/grf.rf/rstblk/ngwrdrst.grst.g7serrst.rd_rst_reg_reg[2]/Q
                         net (fo=18, routed)          0.128     1.839    dbg_hub/inst/BSCANID.u_xsdbm_id/CORE_XSDB.UUT_MASTER/U_ICON_INTERFACE/U_CMD6_RD/U_RD_FIFO/SUBCORE_FIFO.xsdbm_v3_0_0_rdfifo_inst/inst_fifo_gen/gconvfifo.rf/grf.rf/gntv_or_sync_fifo.gl0.rd/rpntr/out[0]
    SLICE_X77Y3          FDCE                                         f  dbg_hub/inst/BSCANID.u_xsdbm_id/CORE_XSDB.UUT_MASTER/U_ICON_INTERFACE/U_CMD6_RD/U_RD_FIFO/SUBCORE_FIFO.xsdbm_v3_0_0_rdfifo_inst/inst_fifo_gen/gconvfifo.rf/grf.rf/gntv_or_sync_fifo.gl0.rd/rpntr/gc0.count_reg[1]/CLR
  -------------------------------------------------------------------    -------------------

                         (clock dbg_hub/inst/BSCANID.u_xsdbm_id/SWITCH_N_EXT_BSCAN.bscan_inst/SERIES7_BSCAN.bscan_inst/TCK rise edge)
                                                      0.000     0.000 r  
    BSCAN_X0Y0           BSCANE2                      0.000     0.000 r  dbg_hub/inst/BSCANID.u_xsdbm_id/SWITCH_N_EXT_BSCAN.bscan_inst/SERIES7_BSCAN.bscan_inst/TCK
                         net (fo=1, routed)           1.075     1.075    dbg_hub/inst/BSCANID.u_xsdbm_id/tck_bs
    BUFGCTRL_X0Y16       BUFG (Prop_bufg_I_O)         0.029     1.104 r  dbg_hub/inst/BSCANID.u_xsdbm_id/SWITCH_N_EXT_BSCAN.u_bufg_icon_tck/O
                         net (fo=482, routed)         0.857     1.961    dbg_hub/inst/BSCANID.u_xsdbm_id/CORE_XSDB.UUT_MASTER/U_ICON_INTERFACE/U_CMD6_RD/U_RD_FIFO/SUBCORE_FIFO.xsdbm_v3_0_0_rdfifo_inst/inst_fifo_gen/gconvfifo.rf/grf.rf/gntv_or_sync_fifo.gl0.rd/rpntr/rd_clk
    SLICE_X77Y3          FDCE                                         r  dbg_hub/inst/BSCANID.u_xsdbm_id/CORE_XSDB.UUT_MASTER/U_ICON_INTERFACE/U_CMD6_RD/U_RD_FIFO/SUBCORE_FIFO.xsdbm_v3_0_0_rdfifo_inst/inst_fifo_gen/gconvfifo.rf/grf.rf/gntv_or_sync_fifo.gl0.rd/rpntr/gc0.count_reg[1]/C
                         clock pessimism             -0.375     1.586    
    SLICE_X77Y3          FDCE (Remov_fdce_C_CLR)     -0.092     1.494    dbg_hub/inst/BSCANID.u_xsdbm_id/CORE_XSDB.UUT_MASTER/U_ICON_INTERFACE/U_CMD6_RD/U_RD_FIFO/SUBCORE_FIFO.xsdbm_v3_0_0_rdfifo_inst/inst_fifo_gen/gconvfifo.rf/grf.rf/gntv_or_sync_fifo.gl0.rd/rpntr/gc0.count_reg[1]
  -------------------------------------------------------------------
                         required time                         -1.494    
                         arrival time                           1.839    
  -------------------------------------------------------------------
                         slack                                  0.346    

Slack (MET) :             0.349ns  (arrival time - required time)
  Source:                 dbg_hub/inst/BSCANID.u_xsdbm_id/CORE_XSDB.UUT_MASTER/U_ICON_INTERFACE/U_CMD6_RD/U_RD_FIFO/SUBCORE_FIFO.xsdbm_v3_0_0_rdfifo_inst/inst_fifo_gen/gconvfifo.rf/grf.rf/rstblk/ngwrdrst.grst.g7serrst.rd_rst_reg_reg[2]/C
                            (rising edge-triggered cell FDPE clocked by dbg_hub/inst/BSCANID.u_xsdbm_id/SWITCH_N_EXT_BSCAN.bscan_inst/SERIES7_BSCAN.bscan_inst/TCK  {rise@0.000ns fall@16.500ns period=33.000ns})
  Destination:            dbg_hub/inst/BSCANID.u_xsdbm_id/CORE_XSDB.UUT_MASTER/U_ICON_INTERFACE/U_CMD6_RD/U_RD_FIFO/SUBCORE_FIFO.xsdbm_v3_0_0_rdfifo_inst/inst_fifo_gen/gconvfifo.rf/grf.rf/gntv_or_sync_fifo.gl0.rd/rpntr/gc0.count_reg[0]/PRE
                            (removal check against rising-edge clock dbg_hub/inst/BSCANID.u_xsdbm_id/SWITCH_N_EXT_BSCAN.bscan_inst/SERIES7_BSCAN.bscan_inst/TCK  {rise@0.000ns fall@16.500ns period=33.000ns})
  Path Group:             **async_default**
  Path Type:              Removal (Min at Fast Process Corner)
  Requirement:            0.000ns  (dbg_hub/inst/BSCANID.u_xsdbm_id/SWITCH_N_EXT_BSCAN.bscan_inst/SERIES7_BSCAN.bscan_inst/TCK rise@0.000ns - dbg_hub/inst/BSCANID.u_xsdbm_id/SWITCH_N_EXT_BSCAN.bscan_inst/SERIES7_BSCAN.bscan_inst/TCK rise@0.000ns)
  Data Path Delay:        0.269ns  (logic 0.141ns (52.479%)  route 0.128ns (47.521%))
  Logic Levels:           0  
  Clock Path Skew:        0.015ns (DCD - SCD - CPR)
    Destination Clock Delay (DCD):    1.961ns
    Source Clock Delay      (SCD):    1.571ns
    Clock Pessimism Removal (CPR):    0.375ns

    Location             Delay type                Incr(ns)  Path(ns)    Netlist Resource(s)
  -------------------------------------------------------------------    -------------------
                         (clock dbg_hub/inst/BSCANID.u_xsdbm_id/SWITCH_N_EXT_BSCAN.bscan_inst/SERIES7_BSCAN.bscan_inst/TCK rise edge)
                                                      0.000     0.000 r  
    BSCAN_X0Y0           BSCANE2                      0.000     0.000 r  dbg_hub/inst/BSCANID.u_xsdbm_id/SWITCH_N_EXT_BSCAN.bscan_inst/SERIES7_BSCAN.bscan_inst/TCK
                         net (fo=1, routed)           0.956     0.956    dbg_hub/inst/BSCANID.u_xsdbm_id/tck_bs
    BUFGCTRL_X0Y16       BUFG (Prop_bufg_I_O)         0.026     0.982 r  dbg_hub/inst/BSCANID.u_xsdbm_id/SWITCH_N_EXT_BSCAN.u_bufg_icon_tck/O
                         net (fo=482, routed)         0.589     1.571    dbg_hub/inst/BSCANID.u_xsdbm_id/CORE_XSDB.UUT_MASTER/U_ICON_INTERFACE/U_CMD6_RD/U_RD_FIFO/SUBCORE_FIFO.xsdbm_v3_0_0_rdfifo_inst/inst_fifo_gen/gconvfifo.rf/grf.rf/rstblk/rd_clk
    SLICE_X77Y2          FDPE                                         r  dbg_hub/inst/BSCANID.u_xsdbm_id/CORE_XSDB.UUT_MASTER/U_ICON_INTERFACE/U_CMD6_RD/U_RD_FIFO/SUBCORE_FIFO.xsdbm_v3_0_0_rdfifo_inst/inst_fifo_gen/gconvfifo.rf/grf.rf/rstblk/ngwrdrst.grst.g7serrst.rd_rst_reg_reg[2]/C
  -------------------------------------------------------------------    -------------------
    SLICE_X77Y2          FDPE (Prop_fdpe_C_Q)         0.141     1.712 f  dbg_hub/inst/BSCANID.u_xsdbm_id/CORE_XSDB.UUT_MASTER/U_ICON_INTERFACE/U_CMD6_RD/U_RD_FIFO/SUBCORE_FIFO.xsdbm_v3_0_0_rdfifo_inst/inst_fifo_gen/gconvfifo.rf/grf.rf/rstblk/ngwrdrst.grst.g7serrst.rd_rst_reg_reg[2]/Q
                         net (fo=18, routed)          0.128     1.839    dbg_hub/inst/BSCANID.u_xsdbm_id/CORE_XSDB.UUT_MASTER/U_ICON_INTERFACE/U_CMD6_RD/U_RD_FIFO/SUBCORE_FIFO.xsdbm_v3_0_0_rdfifo_inst/inst_fifo_gen/gconvfifo.rf/grf.rf/gntv_or_sync_fifo.gl0.rd/rpntr/out[0]
    SLICE_X77Y3          FDPE                                         f  dbg_hub/inst/BSCANID.u_xsdbm_id/CORE_XSDB.UUT_MASTER/U_ICON_INTERFACE/U_CMD6_RD/U_RD_FIFO/SUBCORE_FIFO.xsdbm_v3_0_0_rdfifo_inst/inst_fifo_gen/gconvfifo.rf/grf.rf/gntv_or_sync_fifo.gl0.rd/rpntr/gc0.count_reg[0]/PRE
  -------------------------------------------------------------------    -------------------

                         (clock dbg_hub/inst/BSCANID.u_xsdbm_id/SWITCH_N_EXT_BSCAN.bscan_inst/SERIES7_BSCAN.bscan_inst/TCK rise edge)
                                                      0.000     0.000 r  
    BSCAN_X0Y0           BSCANE2                      0.000     0.000 r  dbg_hub/inst/BSCANID.u_xsdbm_id/SWITCH_N_EXT_BSCAN.bscan_inst/SERIES7_BSCAN.bscan_inst/TCK
                         net (fo=1, routed)           1.075     1.075    dbg_hub/inst/BSCANID.u_xsdbm_id/tck_bs
    BUFGCTRL_X0Y16       BUFG (Prop_bufg_I_O)         0.029     1.104 r  dbg_hub/inst/BSCANID.u_xsdbm_id/SWITCH_N_EXT_BSCAN.u_bufg_icon_tck/O
                         net (fo=482, routed)         0.857     1.961    dbg_hub/inst/BSCANID.u_xsdbm_id/CORE_XSDB.UUT_MASTER/U_ICON_INTERFACE/U_CMD6_RD/U_RD_FIFO/SUBCORE_FIFO.xsdbm_v3_0_0_rdfifo_inst/inst_fifo_gen/gconvfifo.rf/grf.rf/gntv_or_sync_fifo.gl0.rd/rpntr/rd_clk
    SLICE_X77Y3          FDPE                                         r  dbg_hub/inst/BSCANID.u_xsdbm_id/CORE_XSDB.UUT_MASTER/U_ICON_INTERFACE/U_CMD6_RD/U_RD_FIFO/SUBCORE_FIFO.xsdbm_v3_0_0_rdfifo_inst/inst_fifo_gen/gconvfifo.rf/grf.rf/gntv_or_sync_fifo.gl0.rd/rpntr/gc0.count_reg[0]/C
                         clock pessimism             -0.375     1.586    
    SLICE_X77Y3          FDPE (Remov_fdpe_C_PRE)     -0.095     1.491    dbg_hub/inst/BSCANID.u_xsdbm_id/CORE_XSDB.UUT_MASTER/U_ICON_INTERFACE/U_CMD6_RD/U_RD_FIFO/SUBCORE_FIFO.xsdbm_v3_0_0_rdfifo_inst/inst_fifo_gen/gconvfifo.rf/grf.rf/gntv_or_sync_fifo.gl0.rd/rpntr/gc0.count_reg[0]
  -------------------------------------------------------------------
                         required time                         -1.491    
                         arrival time                           1.839    
  -------------------------------------------------------------------
                         slack                                  0.349    

Slack (MET) :             0.394ns  (arrival time - required time)
  Source:                 dbg_hub/inst/BSCANID.u_xsdbm_id/CORE_XSDB.UUT_MASTER/U_ICON_INTERFACE/U_CMD6_RD/U_RD_FIFO/SUBCORE_FIFO.xsdbm_v3_0_0_rdfifo_inst/inst_fifo_gen/gconvfifo.rf/grf.rf/rstblk/ngwrdrst.grst.g7serrst.rd_rst_reg_reg[1]/C
                            (rising edge-triggered cell FDPE clocked by dbg_hub/inst/BSCANID.u_xsdbm_id/SWITCH_N_EXT_BSCAN.bscan_inst/SERIES7_BSCAN.bscan_inst/TCK  {rise@0.000ns fall@16.500ns period=33.000ns})
  Destination:            dbg_hub/inst/BSCANID.u_xsdbm_id/CORE_XSDB.UUT_MASTER/U_ICON_INTERFACE/U_CMD6_RD/U_RD_FIFO/SUBCORE_FIFO.xsdbm_v3_0_0_rdfifo_inst/inst_fifo_gen/gconvfifo.rf/grf.rf/gntv_or_sync_fifo.gcx.clkx/gnxpm_cdc.gsync_stage[1].rd_stg_inst/Q_reg_reg[3]/CLR
                            (removal check against rising-edge clock dbg_hub/inst/BSCANID.u_xsdbm_id/SWITCH_N_EXT_BSCAN.bscan_inst/SERIES7_BSCAN.bscan_inst/TCK  {rise@0.000ns fall@16.500ns period=33.000ns})
  Path Group:             **async_default**
  Path Type:              Removal (Min at Fast Process Corner)
  Requirement:            0.000ns  (dbg_hub/inst/BSCANID.u_xsdbm_id/SWITCH_N_EXT_BSCAN.bscan_inst/SERIES7_BSCAN.bscan_inst/TCK rise@0.000ns - dbg_hub/inst/BSCANID.u_xsdbm_id/SWITCH_N_EXT_BSCAN.bscan_inst/SERIES7_BSCAN.bscan_inst/TCK rise@0.000ns)
  Data Path Delay:        0.335ns  (logic 0.141ns (42.065%)  route 0.194ns (57.935%))
  Logic Levels:           0  
  Clock Path Skew:        0.033ns (DCD - SCD - CPR)
    Destination Clock Delay (DCD):    1.959ns
    Source Clock Delay      (SCD):    1.571ns
    Clock Pessimism Removal (CPR):    0.355ns

    Location             Delay type                Incr(ns)  Path(ns)    Netlist Resource(s)
  -------------------------------------------------------------------    -------------------
                         (clock dbg_hub/inst/BSCANID.u_xsdbm_id/SWITCH_N_EXT_BSCAN.bscan_inst/SERIES7_BSCAN.bscan_inst/TCK rise edge)
                                                      0.000     0.000 r  
    BSCAN_X0Y0           BSCANE2                      0.000     0.000 r  dbg_hub/inst/BSCANID.u_xsdbm_id/SWITCH_N_EXT_BSCAN.bscan_inst/SERIES7_BSCAN.bscan_inst/TCK
                         net (fo=1, routed)           0.956     0.956    dbg_hub/inst/BSCANID.u_xsdbm_id/tck_bs
    BUFGCTRL_X0Y16       BUFG (Prop_bufg_I_O)         0.026     0.982 r  dbg_hub/inst/BSCANID.u_xsdbm_id/SWITCH_N_EXT_BSCAN.u_bufg_icon_tck/O
                         net (fo=482, routed)         0.589     1.571    dbg_hub/inst/BSCANID.u_xsdbm_id/CORE_XSDB.UUT_MASTER/U_ICON_INTERFACE/U_CMD6_RD/U_RD_FIFO/SUBCORE_FIFO.xsdbm_v3_0_0_rdfifo_inst/inst_fifo_gen/gconvfifo.rf/grf.rf/rstblk/rd_clk
    SLICE_X77Y2          FDPE                                         r  dbg_hub/inst/BSCANID.u_xsdbm_id/CORE_XSDB.UUT_MASTER/U_ICON_INTERFACE/U_CMD6_RD/U_RD_FIFO/SUBCORE_FIFO.xsdbm_v3_0_0_rdfifo_inst/inst_fifo_gen/gconvfifo.rf/grf.rf/rstblk/ngwrdrst.grst.g7serrst.rd_rst_reg_reg[1]/C
  -------------------------------------------------------------------    -------------------
    SLICE_X77Y2          FDPE (Prop_fdpe_C_Q)         0.141     1.712 f  dbg_hub/inst/BSCANID.u_xsdbm_id/CORE_XSDB.UUT_MASTER/U_ICON_INTERFACE/U_CMD6_RD/U_RD_FIFO/SUBCORE_FIFO.xsdbm_v3_0_0_rdfifo_inst/inst_fifo_gen/gconvfifo.rf/grf.rf/rstblk/ngwrdrst.grst.g7serrst.rd_rst_reg_reg[1]/Q
                         net (fo=16, routed)          0.194     1.906    dbg_hub/inst/BSCANID.u_xsdbm_id/CORE_XSDB.UUT_MASTER/U_ICON_INTERFACE/U_CMD6_RD/U_RD_FIFO/SUBCORE_FIFO.xsdbm_v3_0_0_rdfifo_inst/inst_fifo_gen/gconvfifo.rf/grf.rf/gntv_or_sync_fifo.gcx.clkx/gnxpm_cdc.gsync_stage[1].rd_stg_inst/Q_reg_reg[0]_0[0]
    SLICE_X75Y3          FDCE                                         f  dbg_hub/inst/BSCANID.u_xsdbm_id/CORE_XSDB.UUT_MASTER/U_ICON_INTERFACE/U_CMD6_RD/U_RD_FIFO/SUBCORE_FIFO.xsdbm_v3_0_0_rdfifo_inst/inst_fifo_gen/gconvfifo.rf/grf.rf/gntv_or_sync_fifo.gcx.clkx/gnxpm_cdc.gsync_stage[1].rd_stg_inst/Q_reg_reg[3]/CLR
  -------------------------------------------------------------------    -------------------

                         (clock dbg_hub/inst/BSCANID.u_xsdbm_id/SWITCH_N_EXT_BSCAN.bscan_inst/SERIES7_BSCAN.bscan_inst/TCK rise edge)
                                                      0.000     0.000 r  
    BSCAN_X0Y0           BSCANE2                      0.000     0.000 r  dbg_hub/inst/BSCANID.u_xsdbm_id/SWITCH_N_EXT_BSCAN.bscan_inst/SERIES7_BSCAN.bscan_inst/TCK
                         net (fo=1, routed)           1.075     1.075    dbg_hub/inst/BSCANID.u_xsdbm_id/tck_bs
    BUFGCTRL_X0Y16       BUFG (Prop_bufg_I_O)         0.029     1.104 r  dbg_hub/inst/BSCANID.u_xsdbm_id/SWITCH_N_EXT_BSCAN.u_bufg_icon_tck/O
                         net (fo=482, routed)         0.855     1.959    dbg_hub/inst/BSCANID.u_xsdbm_id/CORE_XSDB.UUT_MASTER/U_ICON_INTERFACE/U_CMD6_RD/U_RD_FIFO/SUBCORE_FIFO.xsdbm_v3_0_0_rdfifo_inst/inst_fifo_gen/gconvfifo.rf/grf.rf/gntv_or_sync_fifo.gcx.clkx/gnxpm_cdc.gsync_stage[1].rd_stg_inst/rd_clk
    SLICE_X75Y3          FDCE                                         r  dbg_hub/inst/BSCANID.u_xsdbm_id/CORE_XSDB.UUT_MASTER/U_ICON_INTERFACE/U_CMD6_RD/U_RD_FIFO/SUBCORE_FIFO.xsdbm_v3_0_0_rdfifo_inst/inst_fifo_gen/gconvfifo.rf/grf.rf/gntv_or_sync_fifo.gcx.clkx/gnxpm_cdc.gsync_stage[1].rd_stg_inst/Q_reg_reg[3]/C
                         clock pessimism             -0.355     1.604    
    SLICE_X75Y3          FDCE (Remov_fdce_C_CLR)     -0.092     1.512    dbg_hub/inst/BSCANID.u_xsdbm_id/CORE_XSDB.UUT_MASTER/U_ICON_INTERFACE/U_CMD6_RD/U_RD_FIFO/SUBCORE_FIFO.xsdbm_v3_0_0_rdfifo_inst/inst_fifo_gen/gconvfifo.rf/grf.rf/gntv_or_sync_fifo.gcx.clkx/gnxpm_cdc.gsync_stage[1].rd_stg_inst/Q_reg_reg[3]
  -------------------------------------------------------------------
                         required time                         -1.512    
                         arrival time                           1.906    
  -------------------------------------------------------------------
                         slack                                  0.394    

Slack (MET) :             0.394ns  (arrival time - required time)
  Source:                 dbg_hub/inst/BSCANID.u_xsdbm_id/CORE_XSDB.UUT_MASTER/U_ICON_INTERFACE/U_CMD6_RD/U_RD_FIFO/SUBCORE_FIFO.xsdbm_v3_0_0_rdfifo_inst/inst_fifo_gen/gconvfifo.rf/grf.rf/rstblk/ngwrdrst.grst.g7serrst.rd_rst_reg_reg[1]/C
                            (rising edge-triggered cell FDPE clocked by dbg_hub/inst/BSCANID.u_xsdbm_id/SWITCH_N_EXT_BSCAN.bscan_inst/SERIES7_BSCAN.bscan_inst/TCK  {rise@0.000ns fall@16.500ns period=33.000ns})
  Destination:            dbg_hub/inst/BSCANID.u_xsdbm_id/CORE_XSDB.UUT_MASTER/U_ICON_INTERFACE/U_CMD6_RD/U_RD_FIFO/SUBCORE_FIFO.xsdbm_v3_0_0_rdfifo_inst/inst_fifo_gen/gconvfifo.rf/grf.rf/gntv_or_sync_fifo.gcx.clkx/gnxpm_cdc.gsync_stage[2].rd_stg_inst/Q_reg_reg[3]/CLR
                            (removal check against rising-edge clock dbg_hub/inst/BSCANID.u_xsdbm_id/SWITCH_N_EXT_BSCAN.bscan_inst/SERIES7_BSCAN.bscan_inst/TCK  {rise@0.000ns fall@16.500ns period=33.000ns})
  Path Group:             **async_default**
  Path Type:              Removal (Min at Fast Process Corner)
  Requirement:            0.000ns  (dbg_hub/inst/BSCANID.u_xsdbm_id/SWITCH_N_EXT_BSCAN.bscan_inst/SERIES7_BSCAN.bscan_inst/TCK rise@0.000ns - dbg_hub/inst/BSCANID.u_xsdbm_id/SWITCH_N_EXT_BSCAN.bscan_inst/SERIES7_BSCAN.bscan_inst/TCK rise@0.000ns)
  Data Path Delay:        0.335ns  (logic 0.141ns (42.065%)  route 0.194ns (57.935%))
  Logic Levels:           0  
  Clock Path Skew:        0.033ns (DCD - SCD - CPR)
    Destination Clock Delay (DCD):    1.959ns
    Source Clock Delay      (SCD):    1.571ns
    Clock Pessimism Removal (CPR):    0.355ns

    Location             Delay type                Incr(ns)  Path(ns)    Netlist Resource(s)
  -------------------------------------------------------------------    -------------------
                         (clock dbg_hub/inst/BSCANID.u_xsdbm_id/SWITCH_N_EXT_BSCAN.bscan_inst/SERIES7_BSCAN.bscan_inst/TCK rise edge)
                                                      0.000     0.000 r  
    BSCAN_X0Y0           BSCANE2                      0.000     0.000 r  dbg_hub/inst/BSCANID.u_xsdbm_id/SWITCH_N_EXT_BSCAN.bscan_inst/SERIES7_BSCAN.bscan_inst/TCK
                         net (fo=1, routed)           0.956     0.956    dbg_hub/inst/BSCANID.u_xsdbm_id/tck_bs
    BUFGCTRL_X0Y16       BUFG (Prop_bufg_I_O)         0.026     0.982 r  dbg_hub/inst/BSCANID.u_xsdbm_id/SWITCH_N_EXT_BSCAN.u_bufg_icon_tck/O
                         net (fo=482, routed)         0.589     1.571    dbg_hub/inst/BSCANID.u_xsdbm_id/CORE_XSDB.UUT_MASTER/U_ICON_INTERFACE/U_CMD6_RD/U_RD_FIFO/SUBCORE_FIFO.xsdbm_v3_0_0_rdfifo_inst/inst_fifo_gen/gconvfifo.rf/grf.rf/rstblk/rd_clk
    SLICE_X77Y2          FDPE                                         r  dbg_hub/inst/BSCANID.u_xsdbm_id/CORE_XSDB.UUT_MASTER/U_ICON_INTERFACE/U_CMD6_RD/U_RD_FIFO/SUBCORE_FIFO.xsdbm_v3_0_0_rdfifo_inst/inst_fifo_gen/gconvfifo.rf/grf.rf/rstblk/ngwrdrst.grst.g7serrst.rd_rst_reg_reg[1]/C
  -------------------------------------------------------------------    -------------------
    SLICE_X77Y2          FDPE (Prop_fdpe_C_Q)         0.141     1.712 f  dbg_hub/inst/BSCANID.u_xsdbm_id/CORE_XSDB.UUT_MASTER/U_ICON_INTERFACE/U_CMD6_RD/U_RD_FIFO/SUBCORE_FIFO.xsdbm_v3_0_0_rdfifo_inst/inst_fifo_gen/gconvfifo.rf/grf.rf/rstblk/ngwrdrst.grst.g7serrst.rd_rst_reg_reg[1]/Q
                         net (fo=16, routed)          0.194     1.906    dbg_hub/inst/BSCANID.u_xsdbm_id/CORE_XSDB.UUT_MASTER/U_ICON_INTERFACE/U_CMD6_RD/U_RD_FIFO/SUBCORE_FIFO.xsdbm_v3_0_0_rdfifo_inst/inst_fifo_gen/gconvfifo.rf/grf.rf/gntv_or_sync_fifo.gcx.clkx/gnxpm_cdc.gsync_stage[2].rd_stg_inst/Q_reg_reg[0]_0[0]
    SLICE_X75Y3          FDCE                                         f  dbg_hub/inst/BSCANID.u_xsdbm_id/CORE_XSDB.UUT_MASTER/U_ICON_INTERFACE/U_CMD6_RD/U_RD_FIFO/SUBCORE_FIFO.xsdbm_v3_0_0_rdfifo_inst/inst_fifo_gen/gconvfifo.rf/grf.rf/gntv_or_sync_fifo.gcx.clkx/gnxpm_cdc.gsync_stage[2].rd_stg_inst/Q_reg_reg[3]/CLR
  -------------------------------------------------------------------    -------------------

                         (clock dbg_hub/inst/BSCANID.u_xsdbm_id/SWITCH_N_EXT_BSCAN.bscan_inst/SERIES7_BSCAN.bscan_inst/TCK rise edge)
                                                      0.000     0.000 r  
    BSCAN_X0Y0           BSCANE2                      0.000     0.000 r  dbg_hub/inst/BSCANID.u_xsdbm_id/SWITCH_N_EXT_BSCAN.bscan_inst/SERIES7_BSCAN.bscan_inst/TCK
                         net (fo=1, routed)           1.075     1.075    dbg_hub/inst/BSCANID.u_xsdbm_id/tck_bs
    BUFGCTRL_X0Y16       BUFG (Prop_bufg_I_O)         0.029     1.104 r  dbg_hub/inst/BSCANID.u_xsdbm_id/SWITCH_N_EXT_BSCAN.u_bufg_icon_tck/O
                         net (fo=482, routed)         0.855     1.959    dbg_hub/inst/BSCANID.u_xsdbm_id/CORE_XSDB.UUT_MASTER/U_ICON_INTERFACE/U_CMD6_RD/U_RD_FIFO/SUBCORE_FIFO.xsdbm_v3_0_0_rdfifo_inst/inst_fifo_gen/gconvfifo.rf/grf.rf/gntv_or_sync_fifo.gcx.clkx/gnxpm_cdc.gsync_stage[2].rd_stg_inst/rd_clk
    SLICE_X75Y3          FDCE                                         r  dbg_hub/inst/BSCANID.u_xsdbm_id/CORE_XSDB.UUT_MASTER/U_ICON_INTERFACE/U_CMD6_RD/U_RD_FIFO/SUBCORE_FIFO.xsdbm_v3_0_0_rdfifo_inst/inst_fifo_gen/gconvfifo.rf/grf.rf/gntv_or_sync_fifo.gcx.clkx/gnxpm_cdc.gsync_stage[2].rd_stg_inst/Q_reg_reg[3]/C
                         clock pessimism             -0.355     1.604    
    SLICE_X75Y3          FDCE (Remov_fdce_C_CLR)     -0.092     1.512    dbg_hub/inst/BSCANID.u_xsdbm_id/CORE_XSDB.UUT_MASTER/U_ICON_INTERFACE/U_CMD6_RD/U_RD_FIFO/SUBCORE_FIFO.xsdbm_v3_0_0_rdfifo_inst/inst_fifo_gen/gconvfifo.rf/grf.rf/gntv_or_sync_fifo.gcx.clkx/gnxpm_cdc.gsync_stage[2].rd_stg_inst/Q_reg_reg[3]
  -------------------------------------------------------------------
                         required time                         -1.512    
                         arrival time                           1.906    
  -------------------------------------------------------------------
                         slack                                  0.394    

Slack (MET) :             0.415ns  (arrival time - required time)
  Source:                 dbg_hub/inst/BSCANID.u_xsdbm_id/CORE_XSDB.UUT_MASTER/U_ICON_INTERFACE/U_CMD6_WR/U_WR_FIFO/SUBCORE_FIFO.xsdbm_v3_0_0_wrfifo_inst/inst_fifo_gen/gconvfifo.rf/grf.rf/rstblk/ngwrdrst.grst.g7serrst.wr_rst_reg_reg[1]/C
                            (rising edge-triggered cell FDPE clocked by dbg_hub/inst/BSCANID.u_xsdbm_id/SWITCH_N_EXT_BSCAN.bscan_inst/SERIES7_BSCAN.bscan_inst/TCK  {rise@0.000ns fall@16.500ns period=33.000ns})
  Destination:            dbg_hub/inst/BSCANID.u_xsdbm_id/CORE_XSDB.UUT_MASTER/U_ICON_INTERFACE/U_CMD6_WR/U_WR_FIFO/SUBCORE_FIFO.xsdbm_v3_0_0_wrfifo_inst/inst_fifo_gen/gconvfifo.rf/grf.rf/gntv_or_sync_fifo.gl0.wr/wpntr/gic0.gc0.count_d1_reg[1]/CLR
                            (removal check against rising-edge clock dbg_hub/inst/BSCANID.u_xsdbm_id/SWITCH_N_EXT_BSCAN.bscan_inst/SERIES7_BSCAN.bscan_inst/TCK  {rise@0.000ns fall@16.500ns period=33.000ns})
  Path Group:             **async_default**
  Path Type:              Removal (Min at Fast Process Corner)
  Requirement:            0.000ns  (dbg_hub/inst/BSCANID.u_xsdbm_id/SWITCH_N_EXT_BSCAN.bscan_inst/SERIES7_BSCAN.bscan_inst/TCK rise@0.000ns - dbg_hub/inst/BSCANID.u_xsdbm_id/SWITCH_N_EXT_BSCAN.bscan_inst/SERIES7_BSCAN.bscan_inst/TCK rise@0.000ns)
  Data Path Delay:        0.359ns  (logic 0.164ns (45.695%)  route 0.195ns (54.305%))
  Logic Levels:           0  
  Clock Path Skew:        0.036ns (DCD - SCD - CPR)
    Destination Clock Delay (DCD):    1.956ns
    Source Clock Delay      (SCD):    1.565ns
    Clock Pessimism Removal (CPR):    0.355ns

    Location             Delay type                Incr(ns)  Path(ns)    Netlist Resource(s)
  -------------------------------------------------------------------    -------------------
                         (clock dbg_hub/inst/BSCANID.u_xsdbm_id/SWITCH_N_EXT_BSCAN.bscan_inst/SERIES7_BSCAN.bscan_inst/TCK rise edge)
                                                      0.000     0.000 r  
    BSCAN_X0Y0           BSCANE2                      0.000     0.000 r  dbg_hub/inst/BSCANID.u_xsdbm_id/SWITCH_N_EXT_BSCAN.bscan_inst/SERIES7_BSCAN.bscan_inst/TCK
                         net (fo=1, routed)           0.956     0.956    dbg_hub/inst/BSCANID.u_xsdbm_id/tck_bs
    BUFGCTRL_X0Y16       BUFG (Prop_bufg_I_O)         0.026     0.982 r  dbg_hub/inst/BSCANID.u_xsdbm_id/SWITCH_N_EXT_BSCAN.u_bufg_icon_tck/O
                         net (fo=482, routed)         0.583     1.565    dbg_hub/inst/BSCANID.u_xsdbm_id/CORE_XSDB.UUT_MASTER/U_ICON_INTERFACE/U_CMD6_WR/U_WR_FIFO/SUBCORE_FIFO.xsdbm_v3_0_0_wrfifo_inst/inst_fifo_gen/gconvfifo.rf/grf.rf/rstblk/wr_clk
    SLICE_X54Y2          FDPE                                         r  dbg_hub/inst/BSCANID.u_xsdbm_id/CORE_XSDB.UUT_MASTER/U_ICON_INTERFACE/U_CMD6_WR/U_WR_FIFO/SUBCORE_FIFO.xsdbm_v3_0_0_wrfifo_inst/inst_fifo_gen/gconvfifo.rf/grf.rf/rstblk/ngwrdrst.grst.g7serrst.wr_rst_reg_reg[1]/C
  -------------------------------------------------------------------    -------------------
    SLICE_X54Y2          FDPE (Prop_fdpe_C_Q)         0.164     1.729 f  dbg_hub/inst/BSCANID.u_xsdbm_id/CORE_XSDB.UUT_MASTER/U_ICON_INTERFACE/U_CMD6_WR/U_WR_FIFO/SUBCORE_FIFO.xsdbm_v3_0_0_wrfifo_inst/inst_fifo_gen/gconvfifo.rf/grf.rf/rstblk/ngwrdrst.grst.g7serrst.wr_rst_reg_reg[1]/Q
                         net (fo=12, routed)          0.195     1.923    dbg_hub/inst/BSCANID.u_xsdbm_id/CORE_XSDB.UUT_MASTER/U_ICON_INTERFACE/U_CMD6_WR/U_WR_FIFO/SUBCORE_FIFO.xsdbm_v3_0_0_wrfifo_inst/inst_fifo_gen/gconvfifo.rf/grf.rf/gntv_or_sync_fifo.gl0.wr/wpntr/gic0.gc0.count_reg[0]_0[0]
    SLICE_X56Y3          FDCE                                         f  dbg_hub/inst/BSCANID.u_xsdbm_id/CORE_XSDB.UUT_MASTER/U_ICON_INTERFACE/U_CMD6_WR/U_WR_FIFO/SUBCORE_FIFO.xsdbm_v3_0_0_wrfifo_inst/inst_fifo_gen/gconvfifo.rf/grf.rf/gntv_or_sync_fifo.gl0.wr/wpntr/gic0.gc0.count_d1_reg[1]/CLR
  -------------------------------------------------------------------    -------------------

                         (clock dbg_hub/inst/BSCANID.u_xsdbm_id/SWITCH_N_EXT_BSCAN.bscan_inst/SERIES7_BSCAN.bscan_inst/TCK rise edge)
                                                      0.000     0.000 r  
    BSCAN_X0Y0           BSCANE2                      0.000     0.000 r  dbg_hub/inst/BSCANID.u_xsdbm_id/SWITCH_N_EXT_BSCAN.bscan_inst/SERIES7_BSCAN.bscan_inst/TCK
                         net (fo=1, routed)           1.075     1.075    dbg_hub/inst/BSCANID.u_xsdbm_id/tck_bs
    BUFGCTRL_X0Y16       BUFG (Prop_bufg_I_O)         0.029     1.104 r  dbg_hub/inst/BSCANID.u_xsdbm_id/SWITCH_N_EXT_BSCAN.u_bufg_icon_tck/O
                         net (fo=482, routed)         0.852     1.956    dbg_hub/inst/BSCANID.u_xsdbm_id/CORE_XSDB.UUT_MASTER/U_ICON_INTERFACE/U_CMD6_WR/U_WR_FIFO/SUBCORE_FIFO.xsdbm_v3_0_0_wrfifo_inst/inst_fifo_gen/gconvfifo.rf/grf.rf/gntv_or_sync_fifo.gl0.wr/wpntr/wr_clk
    SLICE_X56Y3          FDCE                                         r  dbg_hub/inst/BSCANID.u_xsdbm_id/CORE_XSDB.UUT_MASTER/U_ICON_INTERFACE/U_CMD6_WR/U_WR_FIFO/SUBCORE_FIFO.xsdbm_v3_0_0_wrfifo_inst/inst_fifo_gen/gconvfifo.rf/grf.rf/gntv_or_sync_fifo.gl0.wr/wpntr/gic0.gc0.count_d1_reg[1]/C
                         clock pessimism             -0.355     1.601    
    SLICE_X56Y3          FDCE (Remov_fdce_C_CLR)     -0.092     1.509    dbg_hub/inst/BSCANID.u_xsdbm_id/CORE_XSDB.UUT_MASTER/U_ICON_INTERFACE/U_CMD6_WR/U_WR_FIFO/SUBCORE_FIFO.xsdbm_v3_0_0_wrfifo_inst/inst_fifo_gen/gconvfifo.rf/grf.rf/gntv_or_sync_fifo.gl0.wr/wpntr/gic0.gc0.count_d1_reg[1]
  -------------------------------------------------------------------
                         required time                         -1.509    
                         arrival time                           1.923    
  -------------------------------------------------------------------
                         slack                                  0.415    

Slack (MET) :             0.415ns  (arrival time - required time)
  Source:                 dbg_hub/inst/BSCANID.u_xsdbm_id/CORE_XSDB.UUT_MASTER/U_ICON_INTERFACE/U_CMD6_WR/U_WR_FIFO/SUBCORE_FIFO.xsdbm_v3_0_0_wrfifo_inst/inst_fifo_gen/gconvfifo.rf/grf.rf/rstblk/ngwrdrst.grst.g7serrst.wr_rst_reg_reg[1]/C
                            (rising edge-triggered cell FDPE clocked by dbg_hub/inst/BSCANID.u_xsdbm_id/SWITCH_N_EXT_BSCAN.bscan_inst/SERIES7_BSCAN.bscan_inst/TCK  {rise@0.000ns fall@16.500ns period=33.000ns})
  Destination:            dbg_hub/inst/BSCANID.u_xsdbm_id/CORE_XSDB.UUT_MASTER/U_ICON_INTERFACE/U_CMD6_WR/U_WR_FIFO/SUBCORE_FIFO.xsdbm_v3_0_0_wrfifo_inst/inst_fifo_gen/gconvfifo.rf/grf.rf/gntv_or_sync_fifo.gl0.wr/wpntr/gic0.gc0.count_d2_reg[0]/CLR
                            (removal check against rising-edge clock dbg_hub/inst/BSCANID.u_xsdbm_id/SWITCH_N_EXT_BSCAN.bscan_inst/SERIES7_BSCAN.bscan_inst/TCK  {rise@0.000ns fall@16.500ns period=33.000ns})
  Path Group:             **async_default**
  Path Type:              Removal (Min at Fast Process Corner)
  Requirement:            0.000ns  (dbg_hub/inst/BSCANID.u_xsdbm_id/SWITCH_N_EXT_BSCAN.bscan_inst/SERIES7_BSCAN.bscan_inst/TCK rise@0.000ns - dbg_hub/inst/BSCANID.u_xsdbm_id/SWITCH_N_EXT_BSCAN.bscan_inst/SERIES7_BSCAN.bscan_inst/TCK rise@0.000ns)
  Data Path Delay:        0.359ns  (logic 0.164ns (45.695%)  route 0.195ns (54.305%))
  Logic Levels:           0  
  Clock Path Skew:        0.036ns (DCD - SCD - CPR)
    Destination Clock Delay (DCD):    1.956ns
    Source Clock Delay      (SCD):    1.565ns
    Clock Pessimism Removal (CPR):    0.355ns

    Location             Delay type                Incr(ns)  Path(ns)    Netlist Resource(s)
  -------------------------------------------------------------------    -------------------
                         (clock dbg_hub/inst/BSCANID.u_xsdbm_id/SWITCH_N_EXT_BSCAN.bscan_inst/SERIES7_BSCAN.bscan_inst/TCK rise edge)
                                                      0.000     0.000 r  
    BSCAN_X0Y0           BSCANE2                      0.000     0.000 r  dbg_hub/inst/BSCANID.u_xsdbm_id/SWITCH_N_EXT_BSCAN.bscan_inst/SERIES7_BSCAN.bscan_inst/TCK
                         net (fo=1, routed)           0.956     0.956    dbg_hub/inst/BSCANID.u_xsdbm_id/tck_bs
    BUFGCTRL_X0Y16       BUFG (Prop_bufg_I_O)         0.026     0.982 r  dbg_hub/inst/BSCANID.u_xsdbm_id/SWITCH_N_EXT_BSCAN.u_bufg_icon_tck/O
                         net (fo=482, routed)         0.583     1.565    dbg_hub/inst/BSCANID.u_xsdbm_id/CORE_XSDB.UUT_MASTER/U_ICON_INTERFACE/U_CMD6_WR/U_WR_FIFO/SUBCORE_FIFO.xsdbm_v3_0_0_wrfifo_inst/inst_fifo_gen/gconvfifo.rf/grf.rf/rstblk/wr_clk
    SLICE_X54Y2          FDPE                                         r  dbg_hub/inst/BSCANID.u_xsdbm_id/CORE_XSDB.UUT_MASTER/U_ICON_INTERFACE/U_CMD6_WR/U_WR_FIFO/SUBCORE_FIFO.xsdbm_v3_0_0_wrfifo_inst/inst_fifo_gen/gconvfifo.rf/grf.rf/rstblk/ngwrdrst.grst.g7serrst.wr_rst_reg_reg[1]/C
  -------------------------------------------------------------------    -------------------
    SLICE_X54Y2          FDPE (Prop_fdpe_C_Q)         0.164     1.729 f  dbg_hub/inst/BSCANID.u_xsdbm_id/CORE_XSDB.UUT_MASTER/U_ICON_INTERFACE/U_CMD6_WR/U_WR_FIFO/SUBCORE_FIFO.xsdbm_v3_0_0_wrfifo_inst/inst_fifo_gen/gconvfifo.rf/grf.rf/rstblk/ngwrdrst.grst.g7serrst.wr_rst_reg_reg[1]/Q
                         net (fo=12, routed)          0.195     1.923    dbg_hub/inst/BSCANID.u_xsdbm_id/CORE_XSDB.UUT_MASTER/U_ICON_INTERFACE/U_CMD6_WR/U_WR_FIFO/SUBCORE_FIFO.xsdbm_v3_0_0_wrfifo_inst/inst_fifo_gen/gconvfifo.rf/grf.rf/gntv_or_sync_fifo.gl0.wr/wpntr/gic0.gc0.count_reg[0]_0[0]
    SLICE_X56Y3          FDCE                                         f  dbg_hub/inst/BSCANID.u_xsdbm_id/CORE_XSDB.UUT_MASTER/U_ICON_INTERFACE/U_CMD6_WR/U_WR_FIFO/SUBCORE_FIFO.xsdbm_v3_0_0_wrfifo_inst/inst_fifo_gen/gconvfifo.rf/grf.rf/gntv_or_sync_fifo.gl0.wr/wpntr/gic0.gc0.count_d2_reg[0]/CLR
  -------------------------------------------------------------------    -------------------

                         (clock dbg_hub/inst/BSCANID.u_xsdbm_id/SWITCH_N_EXT_BSCAN.bscan_inst/SERIES7_BSCAN.bscan_inst/TCK rise edge)
                                                      0.000     0.000 r  
    BSCAN_X0Y0           BSCANE2                      0.000     0.000 r  dbg_hub/inst/BSCANID.u_xsdbm_id/SWITCH_N_EXT_BSCAN.bscan_inst/SERIES7_BSCAN.bscan_inst/TCK
                         net (fo=1, routed)           1.075     1.075    dbg_hub/inst/BSCANID.u_xsdbm_id/tck_bs
    BUFGCTRL_X0Y16       BUFG (Prop_bufg_I_O)         0.029     1.104 r  dbg_hub/inst/BSCANID.u_xsdbm_id/SWITCH_N_EXT_BSCAN.u_bufg_icon_tck/O
                         net (fo=482, routed)         0.852     1.956    dbg_hub/inst/BSCANID.u_xsdbm_id/CORE_XSDB.UUT_MASTER/U_ICON_INTERFACE/U_CMD6_WR/U_WR_FIFO/SUBCORE_FIFO.xsdbm_v3_0_0_wrfifo_inst/inst_fifo_gen/gconvfifo.rf/grf.rf/gntv_or_sync_fifo.gl0.wr/wpntr/wr_clk
    SLICE_X56Y3          FDCE                                         r  dbg_hub/inst/BSCANID.u_xsdbm_id/CORE_XSDB.UUT_MASTER/U_ICON_INTERFACE/U_CMD6_WR/U_WR_FIFO/SUBCORE_FIFO.xsdbm_v3_0_0_wrfifo_inst/inst_fifo_gen/gconvfifo.rf/grf.rf/gntv_or_sync_fifo.gl0.wr/wpntr/gic0.gc0.count_d2_reg[0]/C
                         clock pessimism             -0.355     1.601    
    SLICE_X56Y3          FDCE (Remov_fdce_C_CLR)     -0.092     1.509    dbg_hub/inst/BSCANID.u_xsdbm_id/CORE_XSDB.UUT_MASTER/U_ICON_INTERFACE/U_CMD6_WR/U_WR_FIFO/SUBCORE_FIFO.xsdbm_v3_0_0_wrfifo_inst/inst_fifo_gen/gconvfifo.rf/grf.rf/gntv_or_sync_fifo.gl0.wr/wpntr/gic0.gc0.count_d2_reg[0]
  -------------------------------------------------------------------
                         required time                         -1.509    
                         arrival time                           1.923    
  -------------------------------------------------------------------
                         slack                                  0.415    

Slack (MET) :             0.415ns  (arrival time - required time)
  Source:                 dbg_hub/inst/BSCANID.u_xsdbm_id/CORE_XSDB.UUT_MASTER/U_ICON_INTERFACE/U_CMD6_WR/U_WR_FIFO/SUBCORE_FIFO.xsdbm_v3_0_0_wrfifo_inst/inst_fifo_gen/gconvfifo.rf/grf.rf/rstblk/ngwrdrst.grst.g7serrst.wr_rst_reg_reg[1]/C
                            (rising edge-triggered cell FDPE clocked by dbg_hub/inst/BSCANID.u_xsdbm_id/SWITCH_N_EXT_BSCAN.bscan_inst/SERIES7_BSCAN.bscan_inst/TCK  {rise@0.000ns fall@16.500ns period=33.000ns})
  Destination:            dbg_hub/inst/BSCANID.u_xsdbm_id/CORE_XSDB.UUT_MASTER/U_ICON_INTERFACE/U_CMD6_WR/U_WR_FIFO/SUBCORE_FIFO.xsdbm_v3_0_0_wrfifo_inst/inst_fifo_gen/gconvfifo.rf/grf.rf/gntv_or_sync_fifo.gl0.wr/wpntr/gic0.gc0.count_d2_reg[1]/CLR
                            (removal check against rising-edge clock dbg_hub/inst/BSCANID.u_xsdbm_id/SWITCH_N_EXT_BSCAN.bscan_inst/SERIES7_BSCAN.bscan_inst/TCK  {rise@0.000ns fall@16.500ns period=33.000ns})
  Path Group:             **async_default**
  Path Type:              Removal (Min at Fast Process Corner)
  Requirement:            0.000ns  (dbg_hub/inst/BSCANID.u_xsdbm_id/SWITCH_N_EXT_BSCAN.bscan_inst/SERIES7_BSCAN.bscan_inst/TCK rise@0.000ns - dbg_hub/inst/BSCANID.u_xsdbm_id/SWITCH_N_EXT_BSCAN.bscan_inst/SERIES7_BSCAN.bscan_inst/TCK rise@0.000ns)
  Data Path Delay:        0.359ns  (logic 0.164ns (45.695%)  route 0.195ns (54.305%))
  Logic Levels:           0  
  Clock Path Skew:        0.036ns (DCD - SCD - CPR)
    Destination Clock Delay (DCD):    1.956ns
    Source Clock Delay      (SCD):    1.565ns
    Clock Pessimism Removal (CPR):    0.355ns

    Location             Delay type                Incr(ns)  Path(ns)    Netlist Resource(s)
  -------------------------------------------------------------------    -------------------
                         (clock dbg_hub/inst/BSCANID.u_xsdbm_id/SWITCH_N_EXT_BSCAN.bscan_inst/SERIES7_BSCAN.bscan_inst/TCK rise edge)
                                                      0.000     0.000 r  
    BSCAN_X0Y0           BSCANE2                      0.000     0.000 r  dbg_hub/inst/BSCANID.u_xsdbm_id/SWITCH_N_EXT_BSCAN.bscan_inst/SERIES7_BSCAN.bscan_inst/TCK
                         net (fo=1, routed)           0.956     0.956    dbg_hub/inst/BSCANID.u_xsdbm_id/tck_bs
    BUFGCTRL_X0Y16       BUFG (Prop_bufg_I_O)         0.026     0.982 r  dbg_hub/inst/BSCANID.u_xsdbm_id/SWITCH_N_EXT_BSCAN.u_bufg_icon_tck/O
                         net (fo=482, routed)         0.583     1.565    dbg_hub/inst/BSCANID.u_xsdbm_id/CORE_XSDB.UUT_MASTER/U_ICON_INTERFACE/U_CMD6_WR/U_WR_FIFO/SUBCORE_FIFO.xsdbm_v3_0_0_wrfifo_inst/inst_fifo_gen/gconvfifo.rf/grf.rf/rstblk/wr_clk
    SLICE_X54Y2          FDPE                                         r  dbg_hub/inst/BSCANID.u_xsdbm_id/CORE_XSDB.UUT_MASTER/U_ICON_INTERFACE/U_CMD6_WR/U_WR_FIFO/SUBCORE_FIFO.xsdbm_v3_0_0_wrfifo_inst/inst_fifo_gen/gconvfifo.rf/grf.rf/rstblk/ngwrdrst.grst.g7serrst.wr_rst_reg_reg[1]/C
  -------------------------------------------------------------------    -------------------
    SLICE_X54Y2          FDPE (Prop_fdpe_C_Q)         0.164     1.729 f  dbg_hub/inst/BSCANID.u_xsdbm_id/CORE_XSDB.UUT_MASTER/U_ICON_INTERFACE/U_CMD6_WR/U_WR_FIFO/SUBCORE_FIFO.xsdbm_v3_0_0_wrfifo_inst/inst_fifo_gen/gconvfifo.rf/grf.rf/rstblk/ngwrdrst.grst.g7serrst.wr_rst_reg_reg[1]/Q
                         net (fo=12, routed)          0.195     1.923    dbg_hub/inst/BSCANID.u_xsdbm_id/CORE_XSDB.UUT_MASTER/U_ICON_INTERFACE/U_CMD6_WR/U_WR_FIFO/SUBCORE_FIFO.xsdbm_v3_0_0_wrfifo_inst/inst_fifo_gen/gconvfifo.rf/grf.rf/gntv_or_sync_fifo.gl0.wr/wpntr/gic0.gc0.count_reg[0]_0[0]
    SLICE_X56Y3          FDCE                                         f  dbg_hub/inst/BSCANID.u_xsdbm_id/CORE_XSDB.UUT_MASTER/U_ICON_INTERFACE/U_CMD6_WR/U_WR_FIFO/SUBCORE_FIFO.xsdbm_v3_0_0_wrfifo_inst/inst_fifo_gen/gconvfifo.rf/grf.rf/gntv_or_sync_fifo.gl0.wr/wpntr/gic0.gc0.count_d2_reg[1]/CLR
  -------------------------------------------------------------------    -------------------

                         (clock dbg_hub/inst/BSCANID.u_xsdbm_id/SWITCH_N_EXT_BSCAN.bscan_inst/SERIES7_BSCAN.bscan_inst/TCK rise edge)
                                                      0.000     0.000 r  
    BSCAN_X0Y0           BSCANE2                      0.000     0.000 r  dbg_hub/inst/BSCANID.u_xsdbm_id/SWITCH_N_EXT_BSCAN.bscan_inst/SERIES7_BSCAN.bscan_inst/TCK
                         net (fo=1, routed)           1.075     1.075    dbg_hub/inst/BSCANID.u_xsdbm_id/tck_bs
    BUFGCTRL_X0Y16       BUFG (Prop_bufg_I_O)         0.029     1.104 r  dbg_hub/inst/BSCANID.u_xsdbm_id/SWITCH_N_EXT_BSCAN.u_bufg_icon_tck/O
                         net (fo=482, routed)         0.852     1.956    dbg_hub/inst/BSCANID.u_xsdbm_id/CORE_XSDB.UUT_MASTER/U_ICON_INTERFACE/U_CMD6_WR/U_WR_FIFO/SUBCORE_FIFO.xsdbm_v3_0_0_wrfifo_inst/inst_fifo_gen/gconvfifo.rf/grf.rf/gntv_or_sync_fifo.gl0.wr/wpntr/wr_clk
    SLICE_X56Y3          FDCE                                         r  dbg_hub/inst/BSCANID.u_xsdbm_id/CORE_XSDB.UUT_MASTER/U_ICON_INTERFACE/U_CMD6_WR/U_WR_FIFO/SUBCORE_FIFO.xsdbm_v3_0_0_wrfifo_inst/inst_fifo_gen/gconvfifo.rf/grf.rf/gntv_or_sync_fifo.gl0.wr/wpntr/gic0.gc0.count_d2_reg[1]/C
                         clock pessimism             -0.355     1.601    
    SLICE_X56Y3          FDCE (Remov_fdce_C_CLR)     -0.092     1.509    dbg_hub/inst/BSCANID.u_xsdbm_id/CORE_XSDB.UUT_MASTER/U_ICON_INTERFACE/U_CMD6_WR/U_WR_FIFO/SUBCORE_FIFO.xsdbm_v3_0_0_wrfifo_inst/inst_fifo_gen/gconvfifo.rf/grf.rf/gntv_or_sync_fifo.gl0.wr/wpntr/gic0.gc0.count_d2_reg[1]
  -------------------------------------------------------------------
                         required time                         -1.509    
                         arrival time                           1.923    
  -------------------------------------------------------------------
                         slack                                  0.415    

Slack (MET) :             0.415ns  (arrival time - required time)
  Source:                 dbg_hub/inst/BSCANID.u_xsdbm_id/CORE_XSDB.UUT_MASTER/U_ICON_INTERFACE/U_CMD6_WR/U_WR_FIFO/SUBCORE_FIFO.xsdbm_v3_0_0_wrfifo_inst/inst_fifo_gen/gconvfifo.rf/grf.rf/rstblk/ngwrdrst.grst.g7serrst.wr_rst_reg_reg[1]/C
                            (rising edge-triggered cell FDPE clocked by dbg_hub/inst/BSCANID.u_xsdbm_id/SWITCH_N_EXT_BSCAN.bscan_inst/SERIES7_BSCAN.bscan_inst/TCK  {rise@0.000ns fall@16.500ns period=33.000ns})
  Destination:            dbg_hub/inst/BSCANID.u_xsdbm_id/CORE_XSDB.UUT_MASTER/U_ICON_INTERFACE/U_CMD6_WR/U_WR_FIFO/SUBCORE_FIFO.xsdbm_v3_0_0_wrfifo_inst/inst_fifo_gen/gconvfifo.rf/grf.rf/gntv_or_sync_fifo.gl0.wr/wpntr/gic0.gc0.count_reg[0]/CLR
                            (removal check against rising-edge clock dbg_hub/inst/BSCANID.u_xsdbm_id/SWITCH_N_EXT_BSCAN.bscan_inst/SERIES7_BSCAN.bscan_inst/TCK  {rise@0.000ns fall@16.500ns period=33.000ns})
  Path Group:             **async_default**
  Path Type:              Removal (Min at Fast Process Corner)
  Requirement:            0.000ns  (dbg_hub/inst/BSCANID.u_xsdbm_id/SWITCH_N_EXT_BSCAN.bscan_inst/SERIES7_BSCAN.bscan_inst/TCK rise@0.000ns - dbg_hub/inst/BSCANID.u_xsdbm_id/SWITCH_N_EXT_BSCAN.bscan_inst/SERIES7_BSCAN.bscan_inst/TCK rise@0.000ns)
  Data Path Delay:        0.359ns  (logic 0.164ns (45.695%)  route 0.195ns (54.305%))
  Logic Levels:           0  
  Clock Path Skew:        0.036ns (DCD - SCD - CPR)
    Destination Clock Delay (DCD):    1.956ns
    Source Clock Delay      (SCD):    1.565ns
    Clock Pessimism Removal (CPR):    0.355ns

    Location             Delay type                Incr(ns)  Path(ns)    Netlist Resource(s)
  -------------------------------------------------------------------    -------------------
                         (clock dbg_hub/inst/BSCANID.u_xsdbm_id/SWITCH_N_EXT_BSCAN.bscan_inst/SERIES7_BSCAN.bscan_inst/TCK rise edge)
                                                      0.000     0.000 r  
    BSCAN_X0Y0           BSCANE2                      0.000     0.000 r  dbg_hub/inst/BSCANID.u_xsdbm_id/SWITCH_N_EXT_BSCAN.bscan_inst/SERIES7_BSCAN.bscan_inst/TCK
                         net (fo=1, routed)           0.956     0.956    dbg_hub/inst/BSCANID.u_xsdbm_id/tck_bs
    BUFGCTRL_X0Y16       BUFG (Prop_bufg_I_O)         0.026     0.982 r  dbg_hub/inst/BSCANID.u_xsdbm_id/SWITCH_N_EXT_BSCAN.u_bufg_icon_tck/O
                         net (fo=482, routed)         0.583     1.565    dbg_hub/inst/BSCANID.u_xsdbm_id/CORE_XSDB.UUT_MASTER/U_ICON_INTERFACE/U_CMD6_WR/U_WR_FIFO/SUBCORE_FIFO.xsdbm_v3_0_0_wrfifo_inst/inst_fifo_gen/gconvfifo.rf/grf.rf/rstblk/wr_clk
    SLICE_X54Y2          FDPE                                         r  dbg_hub/inst/BSCANID.u_xsdbm_id/CORE_XSDB.UUT_MASTER/U_ICON_INTERFACE/U_CMD6_WR/U_WR_FIFO/SUBCORE_FIFO.xsdbm_v3_0_0_wrfifo_inst/inst_fifo_gen/gconvfifo.rf/grf.rf/rstblk/ngwrdrst.grst.g7serrst.wr_rst_reg_reg[1]/C
  -------------------------------------------------------------------    -------------------
    SLICE_X54Y2          FDPE (Prop_fdpe_C_Q)         0.164     1.729 f  dbg_hub/inst/BSCANID.u_xsdbm_id/CORE_XSDB.UUT_MASTER/U_ICON_INTERFACE/U_CMD6_WR/U_WR_FIFO/SUBCORE_FIFO.xsdbm_v3_0_0_wrfifo_inst/inst_fifo_gen/gconvfifo.rf/grf.rf/rstblk/ngwrdrst.grst.g7serrst.wr_rst_reg_reg[1]/Q
                         net (fo=12, routed)          0.195     1.923    dbg_hub/inst/BSCANID.u_xsdbm_id/CORE_XSDB.UUT_MASTER/U_ICON_INTERFACE/U_CMD6_WR/U_WR_FIFO/SUBCORE_FIFO.xsdbm_v3_0_0_wrfifo_inst/inst_fifo_gen/gconvfifo.rf/grf.rf/gntv_or_sync_fifo.gl0.wr/wpntr/gic0.gc0.count_reg[0]_0[0]
    SLICE_X56Y3          FDCE                                         f  dbg_hub/inst/BSCANID.u_xsdbm_id/CORE_XSDB.UUT_MASTER/U_ICON_INTERFACE/U_CMD6_WR/U_WR_FIFO/SUBCORE_FIFO.xsdbm_v3_0_0_wrfifo_inst/inst_fifo_gen/gconvfifo.rf/grf.rf/gntv_or_sync_fifo.gl0.wr/wpntr/gic0.gc0.count_reg[0]/CLR
  -------------------------------------------------------------------    -------------------

                         (clock dbg_hub/inst/BSCANID.u_xsdbm_id/SWITCH_N_EXT_BSCAN.bscan_inst/SERIES7_BSCAN.bscan_inst/TCK rise edge)
                                                      0.000     0.000 r  
    BSCAN_X0Y0           BSCANE2                      0.000     0.000 r  dbg_hub/inst/BSCANID.u_xsdbm_id/SWITCH_N_EXT_BSCAN.bscan_inst/SERIES7_BSCAN.bscan_inst/TCK
                         net (fo=1, routed)           1.075     1.075    dbg_hub/inst/BSCANID.u_xsdbm_id/tck_bs
    BUFGCTRL_X0Y16       BUFG (Prop_bufg_I_O)         0.029     1.104 r  dbg_hub/inst/BSCANID.u_xsdbm_id/SWITCH_N_EXT_BSCAN.u_bufg_icon_tck/O
                         net (fo=482, routed)         0.852     1.956    dbg_hub/inst/BSCANID.u_xsdbm_id/CORE_XSDB.UUT_MASTER/U_ICON_INTERFACE/U_CMD6_WR/U_WR_FIFO/SUBCORE_FIFO.xsdbm_v3_0_0_wrfifo_inst/inst_fifo_gen/gconvfifo.rf/grf.rf/gntv_or_sync_fifo.gl0.wr/wpntr/wr_clk
    SLICE_X56Y3          FDCE                                         r  dbg_hub/inst/BSCANID.u_xsdbm_id/CORE_XSDB.UUT_MASTER/U_ICON_INTERFACE/U_CMD6_WR/U_WR_FIFO/SUBCORE_FIFO.xsdbm_v3_0_0_wrfifo_inst/inst_fifo_gen/gconvfifo.rf/grf.rf/gntv_or_sync_fifo.gl0.wr/wpntr/gic0.gc0.count_reg[0]/C
                         clock pessimism             -0.355     1.601    
    SLICE_X56Y3          FDCE (Remov_fdce_C_CLR)     -0.092     1.509    dbg_hub/inst/BSCANID.u_xsdbm_id/CORE_XSDB.UUT_MASTER/U_ICON_INTERFACE/U_CMD6_WR/U_WR_FIFO/SUBCORE_FIFO.xsdbm_v3_0_0_wrfifo_inst/inst_fifo_gen/gconvfifo.rf/grf.rf/gntv_or_sync_fifo.gl0.wr/wpntr/gic0.gc0.count_reg[0]
  -------------------------------------------------------------------
                         required time                         -1.509    
                         arrival time                           1.923    
  -------------------------------------------------------------------
                         slack                                  0.415    

Slack (MET) :             0.418ns  (arrival time - required time)
  Source:                 dbg_hub/inst/BSCANID.u_xsdbm_id/CORE_XSDB.UUT_MASTER/U_ICON_INTERFACE/U_CMD6_WR/U_WR_FIFO/SUBCORE_FIFO.xsdbm_v3_0_0_wrfifo_inst/inst_fifo_gen/gconvfifo.rf/grf.rf/rstblk/ngwrdrst.grst.g7serrst.wr_rst_reg_reg[1]/C
                            (rising edge-triggered cell FDPE clocked by dbg_hub/inst/BSCANID.u_xsdbm_id/SWITCH_N_EXT_BSCAN.bscan_inst/SERIES7_BSCAN.bscan_inst/TCK  {rise@0.000ns fall@16.500ns period=33.000ns})
  Destination:            dbg_hub/inst/BSCANID.u_xsdbm_id/CORE_XSDB.UUT_MASTER/U_ICON_INTERFACE/U_CMD6_WR/U_WR_FIFO/SUBCORE_FIFO.xsdbm_v3_0_0_wrfifo_inst/inst_fifo_gen/gconvfifo.rf/grf.rf/gntv_or_sync_fifo.gl0.wr/wpntr/gic0.gc0.count_d1_reg[0]/PRE
                            (removal check against rising-edge clock dbg_hub/inst/BSCANID.u_xsdbm_id/SWITCH_N_EXT_BSCAN.bscan_inst/SERIES7_BSCAN.bscan_inst/TCK  {rise@0.000ns fall@16.500ns period=33.000ns})
  Path Group:             **async_default**
  Path Type:              Removal (Min at Fast Process Corner)
  Requirement:            0.000ns  (dbg_hub/inst/BSCANID.u_xsdbm_id/SWITCH_N_EXT_BSCAN.bscan_inst/SERIES7_BSCAN.bscan_inst/TCK rise@0.000ns - dbg_hub/inst/BSCANID.u_xsdbm_id/SWITCH_N_EXT_BSCAN.bscan_inst/SERIES7_BSCAN.bscan_inst/TCK rise@0.000ns)
  Data Path Delay:        0.359ns  (logic 0.164ns (45.695%)  route 0.195ns (54.305%))
  Logic Levels:           0  
  Clock Path Skew:        0.036ns (DCD - SCD - CPR)
    Destination Clock Delay (DCD):    1.956ns
    Source Clock Delay      (SCD):    1.565ns
    Clock Pessimism Removal (CPR):    0.355ns

    Location             Delay type                Incr(ns)  Path(ns)    Netlist Resource(s)
  -------------------------------------------------------------------    -------------------
                         (clock dbg_hub/inst/BSCANID.u_xsdbm_id/SWITCH_N_EXT_BSCAN.bscan_inst/SERIES7_BSCAN.bscan_inst/TCK rise edge)
                                                      0.000     0.000 r  
    BSCAN_X0Y0           BSCANE2                      0.000     0.000 r  dbg_hub/inst/BSCANID.u_xsdbm_id/SWITCH_N_EXT_BSCAN.bscan_inst/SERIES7_BSCAN.bscan_inst/TCK
                         net (fo=1, routed)           0.956     0.956    dbg_hub/inst/BSCANID.u_xsdbm_id/tck_bs
    BUFGCTRL_X0Y16       BUFG (Prop_bufg_I_O)         0.026     0.982 r  dbg_hub/inst/BSCANID.u_xsdbm_id/SWITCH_N_EXT_BSCAN.u_bufg_icon_tck/O
                         net (fo=482, routed)         0.583     1.565    dbg_hub/inst/BSCANID.u_xsdbm_id/CORE_XSDB.UUT_MASTER/U_ICON_INTERFACE/U_CMD6_WR/U_WR_FIFO/SUBCORE_FIFO.xsdbm_v3_0_0_wrfifo_inst/inst_fifo_gen/gconvfifo.rf/grf.rf/rstblk/wr_clk
    SLICE_X54Y2          FDPE                                         r  dbg_hub/inst/BSCANID.u_xsdbm_id/CORE_XSDB.UUT_MASTER/U_ICON_INTERFACE/U_CMD6_WR/U_WR_FIFO/SUBCORE_FIFO.xsdbm_v3_0_0_wrfifo_inst/inst_fifo_gen/gconvfifo.rf/grf.rf/rstblk/ngwrdrst.grst.g7serrst.wr_rst_reg_reg[1]/C
  -------------------------------------------------------------------    -------------------
    SLICE_X54Y2          FDPE (Prop_fdpe_C_Q)         0.164     1.729 f  dbg_hub/inst/BSCANID.u_xsdbm_id/CORE_XSDB.UUT_MASTER/U_ICON_INTERFACE/U_CMD6_WR/U_WR_FIFO/SUBCORE_FIFO.xsdbm_v3_0_0_wrfifo_inst/inst_fifo_gen/gconvfifo.rf/grf.rf/rstblk/ngwrdrst.grst.g7serrst.wr_rst_reg_reg[1]/Q
                         net (fo=12, routed)          0.195     1.923    dbg_hub/inst/BSCANID.u_xsdbm_id/CORE_XSDB.UUT_MASTER/U_ICON_INTERFACE/U_CMD6_WR/U_WR_FIFO/SUBCORE_FIFO.xsdbm_v3_0_0_wrfifo_inst/inst_fifo_gen/gconvfifo.rf/grf.rf/gntv_or_sync_fifo.gl0.wr/wpntr/gic0.gc0.count_reg[0]_0[0]
    SLICE_X56Y3          FDPE                                         f  dbg_hub/inst/BSCANID.u_xsdbm_id/CORE_XSDB.UUT_MASTER/U_ICON_INTERFACE/U_CMD6_WR/U_WR_FIFO/SUBCORE_FIFO.xsdbm_v3_0_0_wrfifo_inst/inst_fifo_gen/gconvfifo.rf/grf.rf/gntv_or_sync_fifo.gl0.wr/wpntr/gic0.gc0.count_d1_reg[0]/PRE
  -------------------------------------------------------------------    -------------------

                         (clock dbg_hub/inst/BSCANID.u_xsdbm_id/SWITCH_N_EXT_BSCAN.bscan_inst/SERIES7_BSCAN.bscan_inst/TCK rise edge)
                                                      0.000     0.000 r  
    BSCAN_X0Y0           BSCANE2                      0.000     0.000 r  dbg_hub/inst/BSCANID.u_xsdbm_id/SWITCH_N_EXT_BSCAN.bscan_inst/SERIES7_BSCAN.bscan_inst/TCK
                         net (fo=1, routed)           1.075     1.075    dbg_hub/inst/BSCANID.u_xsdbm_id/tck_bs
    BUFGCTRL_X0Y16       BUFG (Prop_bufg_I_O)         0.029     1.104 r  dbg_hub/inst/BSCANID.u_xsdbm_id/SWITCH_N_EXT_BSCAN.u_bufg_icon_tck/O
                         net (fo=482, routed)         0.852     1.956    dbg_hub/inst/BSCANID.u_xsdbm_id/CORE_XSDB.UUT_MASTER/U_ICON_INTERFACE/U_CMD6_WR/U_WR_FIFO/SUBCORE_FIFO.xsdbm_v3_0_0_wrfifo_inst/inst_fifo_gen/gconvfifo.rf/grf.rf/gntv_or_sync_fifo.gl0.wr/wpntr/wr_clk
    SLICE_X56Y3          FDPE                                         r  dbg_hub/inst/BSCANID.u_xsdbm_id/CORE_XSDB.UUT_MASTER/U_ICON_INTERFACE/U_CMD6_WR/U_WR_FIFO/SUBCORE_FIFO.xsdbm_v3_0_0_wrfifo_inst/inst_fifo_gen/gconvfifo.rf/grf.rf/gntv_or_sync_fifo.gl0.wr/wpntr/gic0.gc0.count_d1_reg[0]/C
                         clock pessimism             -0.355     1.601    
    SLICE_X56Y3          FDPE (Remov_fdpe_C_PRE)     -0.095     1.506    dbg_hub/inst/BSCANID.u_xsdbm_id/CORE_XSDB.UUT_MASTER/U_ICON_INTERFACE/U_CMD6_WR/U_WR_FIFO/SUBCORE_FIFO.xsdbm_v3_0_0_wrfifo_inst/inst_fifo_gen/gconvfifo.rf/grf.rf/gntv_or_sync_fifo.gl0.wr/wpntr/gic0.gc0.count_d1_reg[0]
  -------------------------------------------------------------------
                         required time                         -1.506    
                         arrival time                           1.923    
  -------------------------------------------------------------------
                         slack                                  0.418    

Slack (MET) :             0.418ns  (arrival time - required time)
  Source:                 dbg_hub/inst/BSCANID.u_xsdbm_id/CORE_XSDB.UUT_MASTER/U_ICON_INTERFACE/U_CMD6_WR/U_WR_FIFO/SUBCORE_FIFO.xsdbm_v3_0_0_wrfifo_inst/inst_fifo_gen/gconvfifo.rf/grf.rf/rstblk/ngwrdrst.grst.g7serrst.wr_rst_reg_reg[1]/C
                            (rising edge-triggered cell FDPE clocked by dbg_hub/inst/BSCANID.u_xsdbm_id/SWITCH_N_EXT_BSCAN.bscan_inst/SERIES7_BSCAN.bscan_inst/TCK  {rise@0.000ns fall@16.500ns period=33.000ns})
  Destination:            dbg_hub/inst/BSCANID.u_xsdbm_id/CORE_XSDB.UUT_MASTER/U_ICON_INTERFACE/U_CMD6_WR/U_WR_FIFO/SUBCORE_FIFO.xsdbm_v3_0_0_wrfifo_inst/inst_fifo_gen/gconvfifo.rf/grf.rf/gntv_or_sync_fifo.gl0.wr/wpntr/gic0.gc0.count_reg[1]/PRE
                            (removal check against rising-edge clock dbg_hub/inst/BSCANID.u_xsdbm_id/SWITCH_N_EXT_BSCAN.bscan_inst/SERIES7_BSCAN.bscan_inst/TCK  {rise@0.000ns fall@16.500ns period=33.000ns})
  Path Group:             **async_default**
  Path Type:              Removal (Min at Fast Process Corner)
  Requirement:            0.000ns  (dbg_hub/inst/BSCANID.u_xsdbm_id/SWITCH_N_EXT_BSCAN.bscan_inst/SERIES7_BSCAN.bscan_inst/TCK rise@0.000ns - dbg_hub/inst/BSCANID.u_xsdbm_id/SWITCH_N_EXT_BSCAN.bscan_inst/SERIES7_BSCAN.bscan_inst/TCK rise@0.000ns)
  Data Path Delay:        0.359ns  (logic 0.164ns (45.695%)  route 0.195ns (54.305%))
  Logic Levels:           0  
  Clock Path Skew:        0.036ns (DCD - SCD - CPR)
    Destination Clock Delay (DCD):    1.956ns
    Source Clock Delay      (SCD):    1.565ns
    Clock Pessimism Removal (CPR):    0.355ns

    Location             Delay type                Incr(ns)  Path(ns)    Netlist Resource(s)
  -------------------------------------------------------------------    -------------------
                         (clock dbg_hub/inst/BSCANID.u_xsdbm_id/SWITCH_N_EXT_BSCAN.bscan_inst/SERIES7_BSCAN.bscan_inst/TCK rise edge)
                                                      0.000     0.000 r  
    BSCAN_X0Y0           BSCANE2                      0.000     0.000 r  dbg_hub/inst/BSCANID.u_xsdbm_id/SWITCH_N_EXT_BSCAN.bscan_inst/SERIES7_BSCAN.bscan_inst/TCK
                         net (fo=1, routed)           0.956     0.956    dbg_hub/inst/BSCANID.u_xsdbm_id/tck_bs
    BUFGCTRL_X0Y16       BUFG (Prop_bufg_I_O)         0.026     0.982 r  dbg_hub/inst/BSCANID.u_xsdbm_id/SWITCH_N_EXT_BSCAN.u_bufg_icon_tck/O
                         net (fo=482, routed)         0.583     1.565    dbg_hub/inst/BSCANID.u_xsdbm_id/CORE_XSDB.UUT_MASTER/U_ICON_INTERFACE/U_CMD6_WR/U_WR_FIFO/SUBCORE_FIFO.xsdbm_v3_0_0_wrfifo_inst/inst_fifo_gen/gconvfifo.rf/grf.rf/rstblk/wr_clk
    SLICE_X54Y2          FDPE                                         r  dbg_hub/inst/BSCANID.u_xsdbm_id/CORE_XSDB.UUT_MASTER/U_ICON_INTERFACE/U_CMD6_WR/U_WR_FIFO/SUBCORE_FIFO.xsdbm_v3_0_0_wrfifo_inst/inst_fifo_gen/gconvfifo.rf/grf.rf/rstblk/ngwrdrst.grst.g7serrst.wr_rst_reg_reg[1]/C
  -------------------------------------------------------------------    -------------------
    SLICE_X54Y2          FDPE (Prop_fdpe_C_Q)         0.164     1.729 f  dbg_hub/inst/BSCANID.u_xsdbm_id/CORE_XSDB.UUT_MASTER/U_ICON_INTERFACE/U_CMD6_WR/U_WR_FIFO/SUBCORE_FIFO.xsdbm_v3_0_0_wrfifo_inst/inst_fifo_gen/gconvfifo.rf/grf.rf/rstblk/ngwrdrst.grst.g7serrst.wr_rst_reg_reg[1]/Q
                         net (fo=12, routed)          0.195     1.923    dbg_hub/inst/BSCANID.u_xsdbm_id/CORE_XSDB.UUT_MASTER/U_ICON_INTERFACE/U_CMD6_WR/U_WR_FIFO/SUBCORE_FIFO.xsdbm_v3_0_0_wrfifo_inst/inst_fifo_gen/gconvfifo.rf/grf.rf/gntv_or_sync_fifo.gl0.wr/wpntr/gic0.gc0.count_reg[0]_0[0]
    SLICE_X56Y3          FDPE                                         f  dbg_hub/inst/BSCANID.u_xsdbm_id/CORE_XSDB.UUT_MASTER/U_ICON_INTERFACE/U_CMD6_WR/U_WR_FIFO/SUBCORE_FIFO.xsdbm_v3_0_0_wrfifo_inst/inst_fifo_gen/gconvfifo.rf/grf.rf/gntv_or_sync_fifo.gl0.wr/wpntr/gic0.gc0.count_reg[1]/PRE
  -------------------------------------------------------------------    -------------------

                         (clock dbg_hub/inst/BSCANID.u_xsdbm_id/SWITCH_N_EXT_BSCAN.bscan_inst/SERIES7_BSCAN.bscan_inst/TCK rise edge)
                                                      0.000     0.000 r  
    BSCAN_X0Y0           BSCANE2                      0.000     0.000 r  dbg_hub/inst/BSCANID.u_xsdbm_id/SWITCH_N_EXT_BSCAN.bscan_inst/SERIES7_BSCAN.bscan_inst/TCK
                         net (fo=1, routed)           1.075     1.075    dbg_hub/inst/BSCANID.u_xsdbm_id/tck_bs
    BUFGCTRL_X0Y16       BUFG (Prop_bufg_I_O)         0.029     1.104 r  dbg_hub/inst/BSCANID.u_xsdbm_id/SWITCH_N_EXT_BSCAN.u_bufg_icon_tck/O
                         net (fo=482, routed)         0.852     1.956    dbg_hub/inst/BSCANID.u_xsdbm_id/CORE_XSDB.UUT_MASTER/U_ICON_INTERFACE/U_CMD6_WR/U_WR_FIFO/SUBCORE_FIFO.xsdbm_v3_0_0_wrfifo_inst/inst_fifo_gen/gconvfifo.rf/grf.rf/gntv_or_sync_fifo.gl0.wr/wpntr/wr_clk
    SLICE_X56Y3          FDPE                                         r  dbg_hub/inst/BSCANID.u_xsdbm_id/CORE_XSDB.UUT_MASTER/U_ICON_INTERFACE/U_CMD6_WR/U_WR_FIFO/SUBCORE_FIFO.xsdbm_v3_0_0_wrfifo_inst/inst_fifo_gen/gconvfifo.rf/grf.rf/gntv_or_sync_fifo.gl0.wr/wpntr/gic0.gc0.count_reg[1]/C
                         clock pessimism             -0.355     1.601    
    SLICE_X56Y3          FDPE (Remov_fdpe_C_PRE)     -0.095     1.506    dbg_hub/inst/BSCANID.u_xsdbm_id/CORE_XSDB.UUT_MASTER/U_ICON_INTERFACE/U_CMD6_WR/U_WR_FIFO/SUBCORE_FIFO.xsdbm_v3_0_0_wrfifo_inst/inst_fifo_gen/gconvfifo.rf/grf.rf/gntv_or_sync_fifo.gl0.wr/wpntr/gic0.gc0.count_reg[1]
  -------------------------------------------------------------------
                         required time                         -1.506    
                         arrival time                           1.923    
  -------------------------------------------------------------------
                         slack                                  0.418    





